2026-04-20 09:22:06,797 - INFO - <BrokerConnection node_id=bootstrap-0 host=localhost:9092 <connecting> [IPv4 ('127.0.0.1', 9092)]>: connecting to localhost:9092 [('127.0.0.1', 9092) IPv4]
2026-04-20 09:22:06,797 - INFO - Probing node bootstrap-0 broker version
2026-04-20 09:22:06,798 - INFO - <BrokerConnection node_id=bootstrap-0 host=localhost:9092 <connecting> [IPv4 ('127.0.0.1', 9092)]>: Connection complete.
2026-04-20 09:22:06,901 - INFO - Broker version identified as 2.5.0
2026-04-20 09:22:06,902 - INFO - Set configuration api_version=(2, 5, 0) to skip auto check_version requests on startup
2026-04-20 09:22:06,903 - INFO - ✅ Đã kết nối Kafka (Chế độ Plaintext)
2026-04-20 09:22:07,319 - INFO - Websocket connected
2026-04-20 09:22:17,707 - WARNING - DNS lookup failed for kafka:9092, exception was [Errno -3] Temporary failure in name resolution. Is your advertised.listeners (called advertised.host.name before Kafka 9) correct and resolvable?
2026-04-20 09:22:17,707 - ERROR - DNS lookup failed for kafka:9092 (AddressFamily.AF_UNSPEC)
2026-04-20 09:22:27,759 - WARNING - DNS lookup failed for kafka:9092, exception was [Errno -3] Temporary failure in name resolution. Is your advertised.listeners (called advertised.host.name before Kafka 9) correct and resolvable?
2026-04-20 09:22:27,760 - ERROR - DNS lookup failed for kafka:9092 (AddressFamily.AF_UNSPEC)
2026-04-20 09:22:37,817 - WARNING - DNS lookup failed for kafka:9092, exception was [Errno -3] Temporary failure in name resolution. Is your advertised.listeners (called advertised.host.name before Kafka 9) correct and resolvable?
2026-04-20 09:22:37,817 - ERROR - DNS lookup failed for kafka:9092 (AddressFamily.AF_UNSPEC)
2026-04-20 09:22:47,878 - WARNING - DNS lookup failed for kafka:9092, exception was [Errno -3] Temporary failure in name resolution. Is your advertised.listeners (called advertised.host.name before Kafka 9) correct and resolvable?
2026-04-20 09:22:47,879 - ERROR - DNS lookup failed for kafka:9092 (AddressFamily.AF_UNSPEC)
2026-04-20 09:22:57,940 - WARNING - DNS lookup failed for kafka:9092, exception was [Errno -3] Temporary failure in name resolution. Is your advertised.listeners (called advertised.host.name before Kafka 9) correct and resolvable?
2026-04-20 09:22:57,941 - ERROR - DNS lookup failed for kafka:9092 (AddressFamily.AF_UNSPEC)
2026-04-20 09:23:07,634 - ERROR - Lỗi xử lý dữ liệu: KafkaTimeoutError: Failed to update metadata after 60.0 secs.
2026-04-20 09:23:07,993 - WARNING - DNS lookup failed for kafka:9092, exception was [Errno -3] Temporary failure in name resolution. Is your advertised.listeners (called advertised.host.name before Kafka 9) correct and resolvable?
2026-04-20 09:23:07,993 - ERROR - DNS lookup failed for kafka:9092 (AddressFamily.AF_UNSPEC)
2026-04-20 09:23:18,005 - WARNING - DNS lookup failed for kafka:9092, exception was [Errno -3] Temporary failure in name resolution. Is your advertised.listeners (called advertised.host.name before Kafka 9) correct and resolvable?
2026-04-20 09:23:18,006 - ERROR - DNS lookup failed for kafka:9092 (AddressFamily.AF_UNSPEC)
2026-04-20 09:23:28,064 - WARNING - DNS lookup failed for kafka:9092, exception was [Errno -3] Temporary failure in name resolution. Is your advertised.listeners (called advertised.host.name before Kafka 9) correct and resolvable?
2026-04-20 09:23:28,064 - ERROR - DNS lookup failed for kafka:9092 (AddressFamily.AF_UNSPEC)
2026-04-20 09:23:38,120 - WARNING - DNS lookup failed for kafka:9092, exception was [Errno -3] Temporary failure in name resolution. Is your advertised.listeners (called advertised.host.name before Kafka 9) correct and resolvable?
2026-04-20 09:23:38,120 - ERROR - DNS lookup failed for kafka:9092 (AddressFamily.AF_UNSPEC)
2026-04-20 09:23:38,172 - INFO - <BrokerConnection node_id=1 host=kafka:9092 <connecting> [IPv4 ('127.0.0.1', 9092)]>: connecting to kafka:9092 [('127.0.0.1', 9092) IPv4]
2026-04-20 09:23:38,172 - INFO - <BrokerConnection node_id=1 host=kafka:9092 <connecting> [IPv4 ('127.0.0.1', 9092)]>: Connection complete.
2026-04-20 09:23:38,172 - INFO - <BrokerConnection node_id=bootstrap-0 host=localhost:9092 <connected> [IPv4 ('127.0.0.1', 9092)]>: Closing connection. 
2026-04-20 09:23:38,185 - INFO - [SPEED] BTCUSDT  | Giá: 74390.93
2026-04-20 09:23:38,186 - INFO - [SPEED] BTCUSDT  | Giá: 74390.93
2026-04-20 09:23:38,187 - INFO - [SPEED] BTCUSDT  | Giá: 74390.93
2026-04-20 09:23:38,187 - INFO - [SPEED] ETHUSDT  | Giá: 2277.34
2026-04-20 09:23:38,189 - INFO - [SPEED] BTCUSDT  | Giá: 74390.93
2026-04-20 09:23:38,190 - INFO - [SPEED] ETHUSDT  | Giá: 2277.34
2026-04-20 09:23:38,191 - INFO - [SPEED] BNBUSDT  | Giá: 620.43
2026-04-20 09:23:38,192 - INFO - [SPEED] BNBUSDT  | Giá: 620.43
2026-04-20 09:23:38,193 - INFO - [SPEED] BNBUSDT  | Giá: 620.43
2026-04-20 09:23:38,193 - INFO - [SPEED] BNBUSDT  | Giá: 620.43
2026-04-20 09:23:38,193 - INFO - [SPEED] BNBUSDT  | Giá: 620.43
2026-04-20 09:23:38,195 - INFO - [SPEED] BNBUSDT  | Giá: 620.43
2026-04-20 09:23:38,195 - INFO - [SPEED] BNBUSDT  | Giá: 620.43
2026-04-20 09:23:38,196 - INFO - [SPEED] BNBUSDT  | Giá: 620.43
2026-04-20 09:23:38,196 - INFO - [SPEED] BNBUSDT  | Giá: 620.44
2026-04-20 09:23:38,197 - INFO - [SPEED] BNBUSDT  | Giá: 620.44
2026-04-20 09:23:38,199 - INFO - [SPEED] ETHUSDT  | Giá: 2277.34
2026-04-20 09:23:38,201 - INFO - [SPEED] ETHUSDT  | Giá: 2277.34
2026-04-20 09:23:38,202 - INFO - [SPEED] BTCUSDT  | Giá: 74390.93
2026-04-20 09:23:38,204 - INFO - [SPEED] BTCUSDT  | Giá: 74390.93
2026-04-20 09:23:38,205 - INFO - [SPEED] BTCUSDT  | Giá: 74390.93
2026-04-20 09:23:38,205 - INFO - [SPEED] BTCUSDT  | Giá: 74390.92
2026-04-20 09:23:38,206 - INFO - [SPEED] BTCUSDT  | Giá: 74390.92
2026-04-20 09:23:38,206 - INFO - [SPEED] BTCUSDT  | Giá: 74390.92
2026-04-20 09:23:38,207 - INFO - [SPEED] BTCUSDT  | Giá: 74390.92
2026-04-20 09:23:38,208 - INFO - [SPEED] BTCUSDT  | Giá: 74390.92
2026-04-20 09:23:38,210 - INFO - [SPEED] BTCUSDT  | Giá: 74390.92
2026-04-20 09:23:38,211 - INFO - [SPEED] BTCUSDT  | Giá: 74390.92
2026-04-20 09:23:38,211 - INFO - [SPEED] BTCUSDT  | Giá: 74390.92
2026-04-20 09:23:38,211 - INFO - [SPEED] BTCUSDT  | Giá: 74390.92
2026-04-20 09:23:38,213 - INFO - [SPEED] BTCUSDT  | Giá: 74390.92
2026-04-20 09:23:38,215 - INFO - [SPEED] BTCUSDT  | Giá: 74390.92
2026-04-20 09:23:38,215 - INFO - [SPEED] BTCUSDT  | Giá: 74390.92
2026-04-20 09:23:38,216 - INFO - [SPEED] BTCUSDT  | Giá: 74390.92
2026-04-20 09:23:38,217 - INFO - [SPEED] BTCUSDT  | Giá: 74390.92
2026-04-20 09:23:38,217 - INFO - [SPEED] BTCUSDT  | Giá: 74390.92
2026-04-20 09:23:38,218 - INFO - [SPEED] BTCUSDT  | Giá: 74390.92
2026-04-20 09:23:38,219 - INFO - [SPEED] BTCUSDT  | Giá: 74390.92
2026-04-20 09:23:38,220 - INFO - [SPEED] BTCUSDT  | Giá: 74390.92
2026-04-20 09:23:38,221 - INFO - [SPEED] BTCUSDT  | Giá: 74390.92
2026-04-20 09:23:38,221 - INFO - [SPEED] BTCUSDT  | Giá: 74390.92
2026-04-20 09:23:38,222 - INFO - [SPEED] BTCUSDT  | Giá: 74390.92
2026-04-20 09:23:38,224 - INFO - [SPEED] BTCUSDT  | Giá: 74390.92
2026-04-20 09:23:38,224 - INFO - [SPEED] BTCUSDT  | Giá: 74390.92
2026-04-20 09:23:38,224 - INFO - [SPEED] BTCUSDT  | Giá: 74390.92
2026-04-20 09:23:38,225 - INFO - [SPEED] BTCUSDT  | Giá: 74390.92
2026-04-20 09:23:38,226 - INFO - [SPEED] BTCUSDT  | Giá: 74390.92
2026-04-20 09:23:38,226 - INFO - [SPEED] BTCUSDT  | Giá: 74390.92
2026-04-20 09:23:38,227 - INFO - [SPEED] BTCUSDT  | Giá: 74390.92
2026-04-20 09:23:38,228 - INFO - [SPEED] SOLUSDT  | Giá: 84.0
2026-04-20 09:23:38,229 - INFO - [SPEED] BTCUSDT  | Giá: 74390.92
2026-04-20 09:23:38,229 - INFO - [SPEED] BTCUSDT  | Giá: 74390.92
2026-04-20 09:23:38,230 - INFO - [SPEED] BNBUSDT  | Giá: 620.44
2026-04-20 09:23:38,231 - INFO - [SPEED] BNBUSDT  | Giá: 620.44
2026-04-20 09:23:38,232 - INFO - [SPEED] BNBUSDT  | Giá: 620.44
2026-04-20 09:23:38,233 - INFO - [SPEED] BNBUSDT  | Giá: 620.44
2026-04-20 09:23:38,234 - INFO - [SPEED] BNBUSDT  | Giá: 620.44
2026-04-20 09:23:38,234 - INFO - [SPEED] BNBUSDT  | Giá: 620.44
2026-04-20 09:23:38,235 - INFO - [SPEED] BNBUSDT  | Giá: 620.44
2026-04-20 09:23:38,236 - INFO - [SPEED] BNBUSDT  | Giá: 620.44
2026-04-20 09:23:38,237 - INFO - [SPEED] BNBUSDT  | Giá: 620.44
2026-04-20 09:23:38,238 - INFO - [SPEED] SOLUSDT  | Giá: 84.01
2026-04-20 09:23:38,238 - INFO - [SPEED] SOLUSDT  | Giá: 84.01
2026-04-20 09:23:38,239 - INFO - [SPEED] BNBUSDT  | Giá: 620.44
2026-04-20 09:23:38,239 - INFO - [SPEED] BTCUSDT  | Giá: 74390.92
2026-04-20 09:23:38,241 - INFO - [SPEED] BNBUSDT  | Giá: 620.43
2026-04-20 09:23:38,241 - INFO - [SPEED] BNBUSDT  | Giá: 620.43
2026-04-20 09:23:38,242 - INFO - [SPEED] SOLUSDT  | Giá: 84.01
2026-04-20 09:23:38,243 - INFO - [SPEED] BNBUSDT  | Giá: 620.43
2026-04-20 09:23:38,243 - INFO - [SPEED] BTCUSDT  | Giá: 74390.93
2026-04-20 09:23:38,244 - INFO - [SPEED] SOLUSDT  | Giá: 84.01
2026-04-20 09:23:38,245 - INFO - [SPEED] BTCUSDT  | Giá: 74390.92
2026-04-20 09:23:38,246 - INFO - [SPEED] BTCUSDT  | Giá: 74390.93
2026-04-20 09:23:38,247 - INFO - [SPEED] BTCUSDT  | Giá: 74390.93
2026-04-20 09:23:38,247 - INFO - [SPEED] BTCUSDT  | Giá: 74390.93
2026-04-20 09:23:38,248 - INFO - [SPEED] ETHUSDT  | Giá: 2277.34
2026-04-20 09:23:38,249 - INFO - [SPEED] ETHUSDT  | Giá: 2277.34
2026-04-20 09:23:38,250 - INFO - [SPEED] ETHUSDT  | Giá: 2277.34
2026-04-20 09:23:38,250 - INFO - [SPEED] ETHUSDT  | Giá: 2277.34
2026-04-20 09:23:38,250 - INFO - [SPEED] ETHUSDT  | Giá: 2277.34
2026-04-20 09:23:38,251 - INFO - [SPEED] ETHUSDT  | Giá: 2277.34
2026-04-20 09:23:38,252 - INFO - [SPEED] ETHUSDT  | Giá: 2277.34
2026-04-20 09:23:38,253 - INFO - [SPEED] ETHUSDT  | Giá: 2277.34
2026-04-20 09:23:38,253 - INFO - [SPEED] ETHUSDT  | Giá: 2277.34
2026-04-20 09:23:38,255 - INFO - [SPEED] ETHUSDT  | Giá: 2277.34
2026-04-20 09:23:38,255 - INFO - [SPEED] ETHUSDT  | Giá: 2277.34
2026-04-20 09:23:38,256 - INFO - [SPEED] ETHUSDT  | Giá: 2277.34
2026-04-20 09:23:38,256 - INFO - [SPEED] ETHUSDT  | Giá: 2277.34
2026-04-20 09:23:38,256 - INFO - [SPEED] ETHUSDT  | Giá: 2277.34
2026-04-20 09:23:38,257 - INFO - [SPEED] ETHUSDT  | Giá: 2277.34
2026-04-20 09:23:38,257 - INFO - [SPEED] ETHUSDT  | Giá: 2277.33
2026-04-20 09:23:38,258 - INFO - [SPEED] ETHUSDT  | Giá: 2277.33
2026-04-20 09:23:38,258 - INFO - [SPEED] ETHUSDT  | Giá: 2277.33
2026-04-20 09:23:38,259 - INFO - [SPEED] ETHUSDT  | Giá: 2277.33
2026-04-20 09:23:38,259 - INFO - [SPEED] ETHUSDT  | Giá: 2277.33
2026-04-20 09:23:38,260 - INFO - [SPEED] ETHUSDT  | Giá: 2277.33
2026-04-20 09:23:38,261 - INFO - [SPEED] ETHUSDT  | Giá: 2277.33
2026-04-20 09:23:38,262 - INFO - [SPEED] ETHUSDT  | Giá: 2277.33
2026-04-20 09:23:38,263 - INFO - [SPEED] ETHUSDT  | Giá: 2277.33
2026-04-20 09:23:38,285 - ERROR - ❌ Lỗi lưu MinIO: An error occurred (NoSuchBucket) when calling the PutObject operation: The specified bucket does not exist
2026-04-20 09:23:38,285 - INFO - [SPEED] ETHUSDT  | Giá: 2277.33
2026-04-20 09:23:38,286 - INFO - [SPEED] ETHUSDT  | Giá: 2277.33
2026-04-20 09:23:38,286 - INFO - [SPEED] ETHUSDT  | Giá: 2277.34
2026-04-20 09:23:38,287 - INFO - [SPEED] ETHUSDT  | Giá: 2277.34
2026-04-20 09:23:38,288 - INFO - [SPEED] ETHUSDT  | Giá: 2277.34
2026-04-20 09:23:38,288 - INFO - [SPEED] ETHUSDT  | Giá: 2277.34
2026-04-20 09:23:38,289 - INFO - [SPEED] ETHUSDT  | Giá: 2277.34
2026-04-20 09:23:38,289 - INFO - [SPEED] ETHUSDT  | Giá: 2277.34
2026-04-20 09:23:38,290 - INFO - [SPEED] ETHUSDT  | Giá: 2277.34
2026-04-20 09:23:38,291 - INFO - [SPEED] ETHUSDT  | Giá: 2277.34
2026-04-20 09:23:38,292 - INFO - [SPEED] ETHUSDT  | Giá: 2277.34
2026-04-20 09:23:38,292 - INFO - [SPEED] ETHUSDT  | Giá: 2277.34
2026-04-20 09:23:38,293 - INFO - [SPEED] ETHUSDT  | Giá: 2277.34
2026-04-20 09:23:38,294 - INFO - [SPEED] ETHUSDT  | Giá: 2277.34
2026-04-20 09:23:38,295 - INFO - [SPEED] ETHUSDT  | Giá: 2277.34
2026-04-20 09:23:38,296 - INFO - [SPEED] ETHUSDT  | Giá: 2277.34
2026-04-20 09:23:38,296 - INFO - [SPEED] ETHUSDT  | Giá: 2277.35
2026-04-20 09:23:38,296 - INFO - [SPEED] ETHUSDT  | Giá: 2277.35
2026-04-20 09:23:38,296 - INFO - [SPEED] ETHUSDT  | Giá: 2277.35
2026-04-20 09:23:38,297 - INFO - [SPEED] ETHUSDT  | Giá: 2277.36
2026-04-20 09:23:38,297 - INFO - [SPEED] ETHUSDT  | Giá: 2277.38
2026-04-20 09:23:38,297 - INFO - [SPEED] BTCUSDT  | Giá: 74390.93
2026-04-20 09:23:38,298 - INFO - [SPEED] BTCUSDT  | Giá: 74390.93
2026-04-20 09:23:38,298 - INFO - [SPEED] BNBUSDT  | Giá: 620.43
2026-04-20 09:23:38,299 - INFO - [SPEED] SOLUSDT  | Giá: 84.01
2026-04-20 09:23:38,299 - INFO - [SPEED] ETHUSDT  | Giá: 2277.39
2026-04-20 09:23:38,300 - INFO - [SPEED] ETHUSDT  | Giá: 2277.39
2026-04-20 09:23:38,300 - INFO - [SPEED] ETHUSDT  | Giá: 2277.39
2026-04-20 09:23:38,301 - INFO - [SPEED] ETHUSDT  | Giá: 2277.39
2026-04-20 09:23:38,301 - INFO - [SPEED] ETHUSDT  | Giá: 2277.39
2026-04-20 09:23:38,302 - INFO - [SPEED] ETHUSDT  | Giá: 2277.39
2026-04-20 09:23:38,303 - INFO - [SPEED] ETHUSDT  | Giá: 2277.39
2026-04-20 09:23:38,304 - INFO - [SPEED] ETHUSDT  | Giá: 2277.39
2026-04-20 09:23:38,304 - INFO - [SPEED] ETHUSDT  | Giá: 2277.39
2026-04-20 09:23:38,305 - INFO - [SPEED] ETHUSDT  | Giá: 2277.39
2026-04-20 09:23:38,305 - INFO - [SPEED] ETHUSDT  | Giá: 2277.39
2026-04-20 09:23:38,305 - INFO - [SPEED] ETHUSDT  | Giá: 2277.39
2026-04-20 09:23:38,306 - INFO - [SPEED] ETHUSDT  | Giá: 2277.39
2026-04-20 09:23:38,307 - INFO - [SPEED] ETHUSDT  | Giá: 2277.39
2026-04-20 09:23:38,307 - INFO - [SPEED] ETHUSDT  | Giá: 2277.39
2026-04-20 09:23:38,308 - INFO - [SPEED] ETHUSDT  | Giá: 2277.39
2026-04-20 09:23:38,308 - INFO - [SPEED] ETHUSDT  | Giá: 2277.39
2026-04-20 09:23:38,308 - INFO - [SPEED] ETHUSDT  | Giá: 2277.39
2026-04-20 09:23:38,309 - INFO - [SPEED] ETHUSDT  | Giá: 2277.4
2026-04-20 09:23:38,310 - INFO - [SPEED] ETHUSDT  | Giá: 2277.4
2026-04-20 09:23:38,310 - INFO - [SPEED] ETHUSDT  | Giá: 2277.4
2026-04-20 09:23:38,310 - INFO - [SPEED] ETHUSDT  | Giá: 2277.4
2026-04-20 09:23:38,311 - INFO - [SPEED] ETHUSDT  | Giá: 2277.4
2026-04-20 09:23:38,312 - INFO - [SPEED] ETHUSDT  | Giá: 2277.4
2026-04-20 09:23:38,313 - INFO - [SPEED] ETHUSDT  | Giá: 2277.4
2026-04-20 09:23:38,313 - INFO - [SPEED] BTCUSDT  | Giá: 74390.93
2026-04-20 09:23:38,315 - INFO - [SPEED] BTCUSDT  | Giá: 74390.92
2026-04-20 09:23:38,316 - INFO - [SPEED] ETHUSDT  | Giá: 2277.41
2026-04-20 09:23:38,317 - INFO - [SPEED] BNBUSDT  | Giá: 620.44
2026-04-20 09:23:38,319 - INFO - [SPEED] BTCUSDT  | Giá: 74390.93
2026-04-20 09:23:38,320 - INFO - [SPEED] BNBUSDT  | Giá: 620.44
2026-04-20 09:23:38,320 - INFO - [SPEED] BNBUSDT  | Giá: 620.44
2026-04-20 09:23:38,321 - INFO - [SPEED] BTCUSDT  | Giá: 74390.92
2026-04-20 09:23:38,322 - INFO - [SPEED] ETHUSDT  | Giá: 2277.41
2026-04-20 09:23:38,323 - INFO - [SPEED] BTCUSDT  | Giá: 74390.92
2026-04-20 09:23:38,324 - INFO - [SPEED] BTCUSDT  | Giá: 74390.93
2026-04-20 09:23:38,325 - INFO - [SPEED] ETHUSDT  | Giá: 2277.41
2026-04-20 09:23:38,326 - INFO - [SPEED] BTCUSDT  | Giá: 74390.93
2026-04-20 09:23:38,326 - INFO - [SPEED] BNBUSDT  | Giá: 620.44
2026-04-20 09:23:38,327 - INFO - [SPEED] BNBUSDT  | Giá: 620.44
2026-04-20 09:23:38,327 - INFO - [SPEED] BNBUSDT  | Giá: 620.44
2026-04-20 09:23:38,328 - INFO - [SPEED] ETHUSDT  | Giá: 2277.41
2026-04-20 09:23:38,329 - INFO - [SPEED] BTCUSDT  | Giá: 74390.93
2026-04-20 09:23:38,330 - INFO - [SPEED] BTCUSDT  | Giá: 74390.93
2026-04-20 09:23:38,331 - INFO - [SPEED] BTCUSDT  | Giá: 74390.93
2026-04-20 09:23:38,332 - INFO - [SPEED] BTCUSDT  | Giá: 74390.93
2026-04-20 09:23:38,333 - INFO - [SPEED] BTCUSDT  | Giá: 74390.93
2026-04-20 09:23:38,334 - INFO - [SPEED] ETHUSDT  | Giá: 2277.41
2026-04-20 09:23:38,335 - INFO - [SPEED] BTCUSDT  | Giá: 74390.93
2026-04-20 09:23:38,335 - INFO - [SPEED] ETHUSDT  | Giá: 2277.41
2026-04-20 09:23:38,336 - INFO - [SPEED] BTCUSDT  | Giá: 74390.93
2026-04-20 09:23:38,337 - INFO - [SPEED] SOLUSDT  | Giá: 84.0
2026-04-20 09:23:38,338 - INFO - [SPEED] BTCUSDT  | Giá: 74390.93
2026-04-20 09:23:38,339 - INFO - [SPEED] BNBUSDT  | Giá: 620.44
2026-04-20 09:23:38,340 - INFO - [SPEED] BNBUSDT  | Giá: 620.44
2026-04-20 09:23:38,340 - INFO - [SPEED] BNBUSDT  | Giá: 620.44
2026-04-20 09:23:38,340 - INFO - [SPEED] BNBUSDT  | Giá: 620.44
2026-04-20 09:23:38,341 - INFO - [SPEED] BNBUSDT  | Giá: 620.44
2026-04-20 09:23:38,341 - INFO - [SPEED] BNBUSDT  | Giá: 620.44
2026-04-20 09:23:38,342 - INFO - [SPEED] ETHUSDT  | Giá: 2277.4
2026-04-20 09:23:38,343 - INFO - [SPEED] ETHUSDT  | Giá: 2277.41
2026-04-20 09:23:38,343 - INFO - [SPEED] BTCUSDT  | Giá: 74390.92
2026-04-20 09:23:38,345 - INFO - [SPEED] BTCUSDT  | Giá: 74390.93
2026-04-20 09:23:38,346 - INFO - [SPEED] SOLUSDT  | Giá: 84.0
2026-04-20 09:23:38,347 - INFO - [SPEED] BTCUSDT  | Giá: 74390.93
2026-04-20 09:23:38,347 - INFO - [SPEED] ETHUSDT  | Giá: 2277.4
2026-04-20 09:23:38,348 - INFO - [SPEED] BTCUSDT  | Giá: 74390.92
2026-04-20 09:23:38,349 - INFO - [SPEED] SOLUSDT  | Giá: 84.01
2026-04-20 09:23:38,350 - INFO - [SPEED] ETHUSDT  | Giá: 2277.41
2026-04-20 09:23:38,351 - INFO - [SPEED] BNBUSDT  | Giá: 620.43
2026-04-20 09:23:38,351 - INFO - [SPEED] SOLUSDT  | Giá: 84.01
2026-04-20 09:23:38,352 - INFO - [SPEED] BNBUSDT  | Giá: 620.44
2026-04-20 09:23:38,353 - INFO - [SPEED] SOLUSDT  | Giá: 84.01
2026-04-20 09:23:38,354 - INFO - [SPEED] BNBUSDT  | Giá: 620.43
2026-04-20 09:23:38,354 - INFO - [SPEED] BNBUSDT  | Giá: 620.43
2026-04-20 09:23:38,365 - ERROR - ❌ Lỗi lưu MinIO: An error occurred (NoSuchBucket) when calling the PutObject operation: The specified bucket does not exist
2026-04-20 09:23:38,365 - INFO - [SPEED] BNBUSDT  | Giá: 620.43
2026-04-20 09:23:38,366 - INFO - [SPEED] BNBUSDT  | Giá: 620.43
2026-04-20 09:23:38,366 - INFO - [SPEED] SOLUSDT  | Giá: 84.0
2026-04-20 09:23:38,366 - INFO - [SPEED] ETHUSDT  | Giá: 2277.41
2026-04-20 09:23:38,367 - INFO - [SPEED] ETHUSDT  | Giá: 2277.41
2026-04-20 09:23:38,368 - INFO - [SPEED] ETHUSDT  | Giá: 2277.41
2026-04-20 09:23:38,368 - INFO - [SPEED] ETHUSDT  | Giá: 2277.41
2026-04-20 09:23:38,369 - INFO - [SPEED] ETHUSDT  | Giá: 2277.41
2026-04-20 09:23:38,369 - INFO - [SPEED] ETHUSDT  | Giá: 2277.41
2026-04-20 09:23:38,370 - INFO - [SPEED] ETHUSDT  | Giá: 2277.41
2026-04-20 09:23:38,371 - INFO - [SPEED] ETHUSDT  | Giá: 2277.41
2026-04-20 09:23:38,371 - INFO - [SPEED] ETHUSDT  | Giá: 2277.41
2026-04-20 09:23:38,372 - INFO - [SPEED] ETHUSDT  | Giá: 2277.41
2026-04-20 09:23:38,372 - INFO - [SPEED] ETHUSDT  | Giá: 2277.41
2026-04-20 09:23:38,373 - INFO - [SPEED] ETHUSDT  | Giá: 2277.41
2026-04-20 09:23:38,374 - INFO - [SPEED] ETHUSDT  | Giá: 2277.41
2026-04-20 09:23:38,375 - INFO - [SPEED] ETHUSDT  | Giá: 2277.41
2026-04-20 09:23:38,375 - INFO - [SPEED] ETHUSDT  | Giá: 2277.41
2026-04-20 09:23:38,376 - INFO - [SPEED] ETHUSDT  | Giá: 2277.41
2026-04-20 09:23:38,376 - INFO - [SPEED] ETHUSDT  | Giá: 2277.42
2026-04-20 09:23:38,377 - INFO - [SPEED] ETHUSDT  | Giá: 2277.42
2026-04-20 09:23:38,377 - INFO - [SPEED] ETHUSDT  | Giá: 2277.42
2026-04-20 09:23:38,378 - INFO - [SPEED] ETHUSDT  | Giá: 2277.42
2026-04-20 09:23:38,378 - INFO - [SPEED] ETHUSDT  | Giá: 2277.42
2026-04-20 09:23:38,379 - INFO - [SPEED] ETHUSDT  | Giá: 2277.44
2026-04-20 09:23:38,379 - INFO - [SPEED] ETHUSDT  | Giá: 2277.44
2026-04-20 09:23:38,380 - INFO - [SPEED] ETHUSDT  | Giá: 2277.44
2026-04-20 09:23:38,382 - INFO - [SPEED] ETHUSDT  | Giá: 2277.45
2026-04-20 09:23:38,382 - INFO - [SPEED] ETHUSDT  | Giá: 2277.45
2026-04-20 09:23:38,383 - INFO - [SPEED] ETHUSDT  | Giá: 2277.45
2026-04-20 09:23:38,383 - INFO - [SPEED] ETHUSDT  | Giá: 2277.45
2026-04-20 09:23:38,384 - INFO - [SPEED] ETHUSDT  | Giá: 2277.46
2026-04-20 09:23:38,384 - INFO - [SPEED] ETHUSDT  | Giá: 2277.46
2026-04-20 09:23:38,385 - INFO - [SPEED] ETHUSDT  | Giá: 2277.46
2026-04-20 09:23:38,386 - INFO - [SPEED] ETHUSDT  | Giá: 2277.46
2026-04-20 09:23:38,387 - INFO - [SPEED] ETHUSDT  | Giá: 2277.46
2026-04-20 09:23:38,387 - INFO - [SPEED] ETHUSDT  | Giá: 2277.46
2026-04-20 09:23:38,387 - INFO - [SPEED] ETHUSDT  | Giá: 2277.46
2026-04-20 09:23:38,389 - INFO - [SPEED] ETHUSDT  | Giá: 2277.46
2026-04-20 09:23:38,390 - INFO - [SPEED] ETHUSDT  | Giá: 2277.47
2026-04-20 09:23:38,390 - INFO - [SPEED] ETHUSDT  | Giá: 2277.47
2026-04-20 09:23:38,391 - INFO - [SPEED] ETHUSDT  | Giá: 2277.47
2026-04-20 09:23:38,391 - INFO - [SPEED] ETHUSDT  | Giá: 2277.47
2026-04-20 09:23:38,392 - INFO - [SPEED] ETHUSDT  | Giá: 2277.47
2026-04-20 09:23:38,392 - INFO - [SPEED] ETHUSDT  | Giá: 2277.47
2026-04-20 09:23:38,393 - INFO - [SPEED] ETHUSDT  | Giá: 2277.47
2026-04-20 09:23:38,393 - INFO - [SPEED] ETHUSDT  | Giá: 2277.47
2026-04-20 09:23:38,394 - INFO - [SPEED] ETHUSDT  | Giá: 2277.47
2026-04-20 09:23:38,394 - INFO - [SPEED] ETHUSDT  | Giá: 2277.47
2026-04-20 09:23:38,395 - INFO - [SPEED] ETHUSDT  | Giá: 2277.48
2026-04-20 09:23:38,396 - INFO - [SPEED] ETHUSDT  | Giá: 2277.48
2026-04-20 09:23:38,396 - INFO - [SPEED] ETHUSDT  | Giá: 2277.5
2026-04-20 09:23:38,397 - INFO - [SPEED] ETHUSDT  | Giá: 2277.51
2026-04-20 09:23:38,397 - INFO - [SPEED] ETHUSDT  | Giá: 2277.52
2026-04-20 09:23:38,398 - INFO - [SPEED] ETHUSDT  | Giá: 2277.53
2026-04-20 09:23:38,399 - INFO - [SPEED] ETHUSDT  | Giá: 2277.53
2026-04-20 09:23:38,399 - INFO - [SPEED] ETHUSDT  | Giá: 2277.53
2026-04-20 09:23:38,400 - INFO - [SPEED] ETHUSDT  | Giá: 2277.53
2026-04-20 09:23:38,400 - INFO - [SPEED] ETHUSDT  | Giá: 2277.53
2026-04-20 09:23:38,401 - INFO - [SPEED] ETHUSDT  | Giá: 2277.54
2026-04-20 09:23:38,401 - INFO - [SPEED] ETHUSDT  | Giá: 2277.54
2026-04-20 09:23:38,401 - INFO - [SPEED] ETHUSDT  | Giá: 2277.55
2026-04-20 09:23:38,402 - INFO - [SPEED] ETHUSDT  | Giá: 2277.55
2026-04-20 09:23:38,402 - INFO - [SPEED] ETHUSDT  | Giá: 2277.57
2026-04-20 09:23:38,402 - INFO - [SPEED] ETHUSDT  | Giá: 2277.6
2026-04-20 09:23:38,403 - INFO - [SPEED] ETHUSDT  | Giá: 2277.63
2026-04-20 09:23:38,403 - INFO - [SPEED] ETHUSDT  | Giá: 2277.63
2026-04-20 09:23:38,404 - INFO - [SPEED] ETHUSDT  | Giá: 2277.63
2026-04-20 09:23:38,405 - INFO - [SPEED] ETHUSDT  | Giá: 2277.63
2026-04-20 09:23:38,405 - INFO - [SPEED] ETHUSDT  | Giá: 2277.63
2026-04-20 09:23:38,406 - INFO - [SPEED] BTCUSDT  | Giá: 74390.93
2026-04-20 09:23:38,407 - INFO - [SPEED] BTCUSDT  | Giá: 74390.93
2026-04-20 09:23:38,407 - INFO - [SPEED] BTCUSDT  | Giá: 74390.93
2026-04-20 09:23:38,408 - INFO - [SPEED] BTCUSDT  | Giá: 74390.93
2026-04-20 09:23:38,408 - INFO - [SPEED] BTCUSDT  | Giá: 74390.93
2026-04-20 09:23:38,408 - INFO - [SPEED] BTCUSDT  | Giá: 74390.93
2026-04-20 09:23:38,409 - INFO - [SPEED] BTCUSDT  | Giá: 74390.93
2026-04-20 09:23:38,410 - INFO - [SPEED] BTCUSDT  | Giá: 74390.93
2026-04-20 09:23:38,411 - INFO - [SPEED] BTCUSDT  | Giá: 74390.93
2026-04-20 09:23:38,411 - INFO - [SPEED] BTCUSDT  | Giá: 74390.93
2026-04-20 09:23:38,412 - INFO - [SPEED] BTCUSDT  | Giá: 74390.93
2026-04-20 09:23:38,413 - INFO - [SPEED] BTCUSDT  | Giá: 74390.93
2026-04-20 09:23:38,414 - INFO - [SPEED] BTCUSDT  | Giá: 74390.93
2026-04-20 09:23:38,414 - INFO - [SPEED] BTCUSDT  | Giá: 74390.93
2026-04-20 09:23:38,415 - INFO - [SPEED] BTCUSDT  | Giá: 74390.93
2026-04-20 09:23:38,416 - INFO - [SPEED] BTCUSDT  | Giá: 74390.93
2026-04-20 09:23:38,417 - INFO - [SPEED] BTCUSDT  | Giá: 74390.93
2026-04-20 09:23:38,417 - INFO - [SPEED] BTCUSDT  | Giá: 74390.93
2026-04-20 09:23:38,418 - INFO - [SPEED] BTCUSDT  | Giá: 74390.93
2026-04-20 09:23:38,418 - INFO - [SPEED] BTCUSDT  | Giá: 74390.93
2026-04-20 09:23:38,418 - INFO - [SPEED] BTCUSDT  | Giá: 74390.93
2026-04-20 09:23:38,418 - INFO - [SPEED] BTCUSDT  | Giá: 74390.93
2026-04-20 09:23:38,419 - INFO - [SPEED] BTCUSDT  | Giá: 74390.93
2026-04-20 09:23:38,419 - INFO - [SPEED] BTCUSDT  | Giá: 74390.93
2026-04-20 09:23:38,420 - INFO - [SPEED] BTCUSDT  | Giá: 74390.93
2026-04-20 09:23:38,421 - INFO - [SPEED] BTCUSDT  | Giá: 74390.93
2026-04-20 09:23:38,422 - INFO - [SPEED] BTCUSDT  | Giá: 74390.93
2026-04-20 09:23:38,422 - INFO - [SPEED] BTCUSDT  | Giá: 74390.93
2026-04-20 09:23:38,422 - INFO - [SPEED] BTCUSDT  | Giá: 74390.93
2026-04-20 09:23:38,423 - INFO - [SPEED] BTCUSDT  | Giá: 74390.93
2026-04-20 09:23:38,436 - ERROR - ❌ Lỗi lưu MinIO: An error occurred (NoSuchBucket) when calling the PutObject operation: The specified bucket does not exist
2026-04-20 09:23:38,436 - INFO - [SPEED] BTCUSDT  | Giá: 74390.93
2026-04-20 09:23:38,436 - INFO - [SPEED] BTCUSDT  | Giá: 74390.93
2026-04-20 09:23:38,437 - INFO - [SPEED] BTCUSDT  | Giá: 74390.93
2026-04-20 09:23:38,438 - INFO - [SPEED] BTCUSDT  | Giá: 74390.93
2026-04-20 09:23:38,438 - INFO - [SPEED] BTCUSDT  | Giá: 74390.93
2026-04-20 09:23:38,439 - INFO - [SPEED] BTCUSDT  | Giá: 74390.93
2026-04-20 09:23:38,440 - INFO - [SPEED] BTCUSDT  | Giá: 74390.93
2026-04-20 09:23:38,440 - INFO - [SPEED] BTCUSDT  | Giá: 74390.93
2026-04-20 09:23:38,441 - INFO - [SPEED] BTCUSDT  | Giá: 74390.93
2026-04-20 09:23:38,441 - INFO - [SPEED] BTCUSDT  | Giá: 74390.93
2026-04-20 09:23:38,442 - INFO - [SPEED] BTCUSDT  | Giá: 74390.93
2026-04-20 09:23:38,442 - INFO - [SPEED] BTCUSDT  | Giá: 74390.93
2026-04-20 09:23:38,443 - INFO - [SPEED] BTCUSDT  | Giá: 74390.94
2026-04-20 09:23:38,443 - INFO - [SPEED] BTCUSDT  | Giá: 74390.94
2026-04-20 09:23:38,444 - INFO - [SPEED] BTCUSDT  | Giá: 74390.94
2026-04-20 09:23:38,445 - INFO - [SPEED] BTCUSDT  | Giá: 74390.94
2026-04-20 09:23:38,446 - INFO - [SPEED] BTCUSDT  | Giá: 74391.46
2026-04-20 09:23:38,448 - INFO - [SPEED] BTCUSDT  | Giá: 74392.0
2026-04-20 09:23:38,448 - INFO - [SPEED] BTCUSDT  | Giá: 74392.0
2026-04-20 09:23:38,449 - INFO - [SPEED] BTCUSDT  | Giá: 74392.6
2026-04-20 09:23:38,450 - INFO - [SPEED] BTCUSDT  | Giá: 74392.74
2026-04-20 09:23:38,451 - INFO - [SPEED] BTCUSDT  | Giá: 74392.86
2026-04-20 09:23:38,451 - INFO - [SPEED] BTCUSDT  | Giá: 74393.12
2026-04-20 09:23:38,452 - INFO - [SPEED] BTCUSDT  | Giá: 74393.29
2026-04-20 09:23:38,453 - INFO - [SPEED] BTCUSDT  | Giá: 74393.4
2026-04-20 09:23:38,454 - INFO - [SPEED] BTCUSDT  | Giá: 74393.7
2026-04-20 09:23:38,456 - INFO - [SPEED] BTCUSDT  | Giá: 74393.7
2026-04-20 09:23:38,457 - INFO - [SPEED] BTCUSDT  | Giá: 74393.7
2026-04-20 09:23:38,457 - INFO - [SPEED] ETHUSDT  | Giá: 2277.63
2026-04-20 09:23:38,458 - INFO - [SPEED] ETHUSDT  | Giá: 2277.64
2026-04-20 09:23:38,459 - INFO - [SPEED] ETHUSDT  | Giá: 2277.64
2026-04-20 09:23:38,459 - INFO - [SPEED] ETHUSDT  | Giá: 2277.64
2026-04-20 09:23:38,460 - INFO - [SPEED] ETHUSDT  | Giá: 2277.64
2026-04-20 09:23:38,460 - INFO - [SPEED] ETHUSDT  | Giá: 2277.64
2026-04-20 09:23:38,461 - INFO - [SPEED] ETHUSDT  | Giá: 2277.64
2026-04-20 09:23:38,461 - INFO - [SPEED] ETHUSDT  | Giá: 2277.64
2026-04-20 09:23:38,461 - INFO - [SPEED] ETHUSDT  | Giá: 2277.64
2026-04-20 09:23:38,463 - INFO - [SPEED] ETHUSDT  | Giá: 2277.64
2026-04-20 09:23:38,463 - INFO - [SPEED] ETHUSDT  | Giá: 2277.64
2026-04-20 09:23:38,464 - INFO - [SPEED] ETHUSDT  | Giá: 2277.64
2026-04-20 09:23:38,464 - INFO - [SPEED] ETHUSDT  | Giá: 2277.64
2026-04-20 09:23:38,464 - INFO - [SPEED] ETHUSDT  | Giá: 2277.64
2026-04-20 09:23:38,465 - INFO - [SPEED] ETHUSDT  | Giá: 2277.64
2026-04-20 09:23:38,466 - INFO - [SPEED] ETHUSDT  | Giá: 2277.64
2026-04-20 09:23:38,466 - INFO - [SPEED] ETHUSDT  | Giá: 2277.64
2026-04-20 09:23:38,467 - INFO - [SPEED] ETHUSDT  | Giá: 2277.64
2026-04-20 09:23:38,467 - INFO - [SPEED] ETHUSDT  | Giá: 2277.64
2026-04-20 09:23:38,468 - INFO - [SPEED] ETHUSDT  | Giá: 2277.65
2026-04-20 09:23:38,469 - INFO - [SPEED] ETHUSDT  | Giá: 2277.65
2026-04-20 09:23:38,470 - INFO - [SPEED] ETHUSDT  | Giá: 2277.65
2026-04-20 09:23:38,471 - INFO - [SPEED] ETHUSDT  | Giá: 2277.66
2026-04-20 09:23:38,471 - INFO - [SPEED] ETHUSDT  | Giá: 2277.68
2026-04-20 09:23:38,473 - INFO - [SPEED] ETHUSDT  | Giá: 2277.71
2026-04-20 09:23:38,473 - INFO - [SPEED] ETHUSDT  | Giá: 2277.71
2026-04-20 09:23:38,474 - INFO - [SPEED] ETHUSDT  | Giá: 2277.71
2026-04-20 09:23:38,474 - INFO - [SPEED] ETHUSDT  | Giá: 2277.72
2026-04-20 09:23:38,476 - INFO - [SPEED] ETHUSDT  | Giá: 2277.71
2026-04-20 09:23:38,477 - INFO - [SPEED] SOLUSDT  | Giá: 84.01
2026-04-20 09:23:38,478 - INFO - [SPEED] BTCUSDT  | Giá: 74393.71
2026-04-20 09:23:38,479 - INFO - [SPEED] SOLUSDT  | Giá: 84.01
2026-04-20 09:23:38,480 - INFO - [SPEED] SOLUSDT  | Giá: 84.01
2026-04-20 09:23:38,480 - INFO - [SPEED] SOLUSDT  | Giá: 84.01
2026-04-20 09:23:38,481 - INFO - [SPEED] SOLUSDT  | Giá: 84.01
2026-04-20 09:23:38,481 - INFO - [SPEED] BNBUSDT  | Giá: 620.44
2026-04-20 09:23:38,482 - INFO - [SPEED] BNBUSDT  | Giá: 620.44
2026-04-20 09:23:38,483 - INFO - [SPEED] BNBUSDT  | Giá: 620.44
2026-04-20 09:23:38,483 - INFO - [SPEED] BNBUSDT  | Giá: 620.44
2026-04-20 09:23:38,483 - INFO - [SPEED] BNBUSDT  | Giá: 620.44
2026-04-20 09:23:38,484 - INFO - [SPEED] BNBUSDT  | Giá: 620.44
2026-04-20 09:23:38,484 - INFO - [SPEED] BNBUSDT  | Giá: 620.44
2026-04-20 09:23:38,485 - INFO - [SPEED] BNBUSDT  | Giá: 620.44
2026-04-20 09:23:38,486 - INFO - [SPEED] BNBUSDT  | Giá: 620.44
2026-04-20 09:23:38,487 - INFO - [SPEED] BNBUSDT  | Giá: 620.44
2026-04-20 09:23:38,487 - INFO - [SPEED] BNBUSDT  | Giá: 620.44
2026-04-20 09:23:38,488 - INFO - [SPEED] BNBUSDT  | Giá: 620.44
2026-04-20 09:23:38,488 - INFO - [SPEED] BNBUSDT  | Giá: 620.44
2026-04-20 09:23:38,489 - INFO - [SPEED] BNBUSDT  | Giá: 620.44
2026-04-20 09:23:38,490 - INFO - [SPEED] BNBUSDT  | Giá: 620.45
2026-04-20 09:23:38,491 - INFO - [SPEED] BNBUSDT  | Giá: 620.45
2026-04-20 09:23:38,491 - INFO - [SPEED] BNBUSDT  | Giá: 620.46
2026-04-20 09:23:38,492 - INFO - [SPEED] BNBUSDT  | Giá: 620.46
2026-04-20 09:23:38,493 - INFO - [SPEED] BNBUSDT  | Giá: 620.46
2026-04-20 09:23:38,493 - INFO - [SPEED] BNBUSDT  | Giá: 620.46
2026-04-20 09:23:38,494 - INFO - [SPEED] BNBUSDT  | Giá: 620.46
2026-04-20 09:23:38,495 - INFO - [SPEED] BNBUSDT  | Giá: 620.47
2026-04-20 09:23:38,495 - INFO - [SPEED] BNBUSDT  | Giá: 620.47
2026-04-20 09:23:38,495 - INFO - [SPEED] BNBUSDT  | Giá: 620.47
2026-04-20 09:23:38,496 - INFO - [SPEED] BNBUSDT  | Giá: 620.47
2026-04-20 09:23:38,497 - INFO - [SPEED] BNBUSDT  | Giá: 620.47
2026-04-20 09:23:38,498 - INFO - [SPEED] BNBUSDT  | Giá: 620.48
2026-04-20 09:23:38,499 - INFO - [SPEED] BTCUSDT  | Giá: 74393.71
2026-04-20 09:23:38,500 - INFO - [SPEED] BTCUSDT  | Giá: 74393.71
2026-04-20 09:23:38,500 - INFO - [SPEED] BTCUSDT  | Giá: 74393.71
2026-04-20 09:23:38,502 - INFO - [SPEED] ETHUSDT  | Giá: 2277.7
2026-04-20 09:23:38,502 - INFO - [SPEED] ETHUSDT  | Giá: 2277.7
2026-04-20 09:23:38,503 - INFO - [SPEED] ETHUSDT  | Giá: 2277.7
2026-04-20 09:23:38,504 - INFO - [SPEED] ETHUSDT  | Giá: 2277.7
2026-04-20 09:23:38,504 - INFO - [SPEED] ETHUSDT  | Giá: 2277.7
2026-04-20 09:23:38,505 - INFO - [SPEED] ETHUSDT  | Giá: 2277.7
2026-04-20 09:23:38,505 - INFO - [SPEED] ETHUSDT  | Giá: 2277.7
2026-04-20 09:23:38,520 - ERROR - ❌ Lỗi lưu MinIO: An error occurred (NoSuchBucket) when calling the PutObject operation: The specified bucket does not exist
2026-04-20 09:23:38,520 - INFO - [SPEED] ETHUSDT  | Giá: 2277.7
2026-04-20 09:23:38,521 - INFO - [SPEED] ETHUSDT  | Giá: 2277.7
2026-04-20 09:23:38,522 - INFO - [SPEED] ETHUSDT  | Giá: 2277.7
2026-04-20 09:23:38,522 - INFO - [SPEED] ETHUSDT  | Giá: 2277.7
2026-04-20 09:23:38,523 - INFO - [SPEED] ETHUSDT  | Giá: 2277.7
2026-04-20 09:23:38,524 - INFO - [SPEED] ETHUSDT  | Giá: 2277.7
2026-04-20 09:23:38,525 - INFO - [SPEED] ETHUSDT  | Giá: 2277.7
2026-04-20 09:23:38,525 - INFO - [SPEED] ETHUSDT  | Giá: 2277.7
2026-04-20 09:23:38,525 - INFO - [SPEED] ETHUSDT  | Giá: 2277.7
2026-04-20 09:23:38,526 - INFO - [SPEED] ETHUSDT  | Giá: 2277.7
2026-04-20 09:23:38,526 - INFO - [SPEED] ETHUSDT  | Giá: 2277.7
2026-04-20 09:23:38,527 - INFO - [SPEED] ETHUSDT  | Giá: 2277.7
2026-04-20 09:23:38,527 - INFO - [SPEED] ETHUSDT  | Giá: 2277.7
2026-04-20 09:23:38,528 - INFO - [SPEED] ETHUSDT  | Giá: 2277.7
2026-04-20 09:23:38,528 - INFO - [SPEED] ETHUSDT  | Giá: 2277.7
2026-04-20 09:23:38,529 - INFO - [SPEED] ETHUSDT  | Giá: 2277.7
2026-04-20 09:23:38,529 - INFO - [SPEED] ETHUSDT  | Giá: 2277.7
2026-04-20 09:23:38,530 - INFO - [SPEED] ETHUSDT  | Giá: 2277.7
2026-04-20 09:23:38,530 - INFO - [SPEED] ETHUSDT  | Giá: 2277.7
2026-04-20 09:23:38,531 - INFO - [SPEED] ETHUSDT  | Giá: 2277.7
2026-04-20 09:23:38,531 - INFO - [SPEED] ETHUSDT  | Giá: 2277.7
2026-04-20 09:23:38,532 - INFO - [SPEED] ETHUSDT  | Giá: 2277.7
2026-04-20 09:23:38,533 - INFO - [SPEED] ETHUSDT  | Giá: 2277.7
2026-04-20 09:23:38,534 - INFO - [SPEED] ETHUSDT  | Giá: 2277.7
2026-04-20 09:23:38,534 - INFO - [SPEED] ETHUSDT  | Giá: 2277.7
2026-04-20 09:23:38,535 - INFO - [SPEED] ETHUSDT  | Giá: 2277.7
2026-04-20 09:23:38,536 - INFO - [SPEED] ETHUSDT  | Giá: 2277.7
2026-04-20 09:23:38,536 - INFO - [SPEED] ETHUSDT  | Giá: 2277.7
2026-04-20 09:23:38,537 - INFO - [SPEED] ETHUSDT  | Giá: 2277.69
2026-04-20 09:23:38,538 - INFO - [SPEED] ETHUSDT  | Giá: 2277.69
2026-04-20 09:23:38,539 - INFO - [SPEED] ETHUSDT  | Giá: 2277.68
2026-04-20 09:23:38,540 - INFO - [SPEED] ETHUSDT  | Giá: 2277.66
2026-04-20 09:23:38,540 - INFO - [SPEED] ETHUSDT  | Giá: 2277.66
2026-04-20 09:23:38,541 - INFO - [SPEED] ETHUSDT  | Giá: 2277.65
2026-04-20 09:23:38,542 - INFO - [SPEED] ETHUSDT  | Giá: 2277.65
2026-04-20 09:23:38,542 - INFO - [SPEED] ETHUSDT  | Giá: 2277.65
2026-04-20 09:23:38,543 - INFO - [SPEED] ETHUSDT  | Giá: 2277.65
2026-04-20 09:23:38,545 - INFO - [SPEED] ETHUSDT  | Giá: 2277.65
2026-04-20 09:23:38,545 - INFO - [SPEED] ETHUSDT  | Giá: 2277.65
2026-04-20 09:23:38,546 - INFO - [SPEED] ETHUSDT  | Giá: 2277.65
2026-04-20 09:23:38,547 - INFO - [SPEED] ETHUSDT  | Giá: 2277.65
2026-04-20 09:23:38,547 - INFO - [SPEED] ETHUSDT  | Giá: 2277.64
2026-04-20 09:23:38,547 - INFO - [SPEED] ETHUSDT  | Giá: 2277.64
2026-04-20 09:23:38,548 - INFO - [SPEED] ETHUSDT  | Giá: 2277.64
2026-04-20 09:23:38,549 - INFO - [SPEED] ETHUSDT  | Giá: 2277.64
2026-04-20 09:23:38,550 - INFO - [SPEED] ETHUSDT  | Giá: 2277.64
2026-04-20 09:23:38,550 - INFO - [SPEED] ETHUSDT  | Giá: 2277.64
2026-04-20 09:23:38,550 - INFO - [SPEED] ETHUSDT  | Giá: 2277.64
2026-04-20 09:23:38,551 - INFO - [SPEED] ETHUSDT  | Giá: 2277.64
2026-04-20 09:23:38,551 - INFO - [SPEED] ETHUSDT  | Giá: 2277.64
2026-04-20 09:23:38,552 - INFO - [SPEED] ETHUSDT  | Giá: 2277.64
2026-04-20 09:23:38,552 - INFO - [SPEED] ETHUSDT  | Giá: 2277.64
2026-04-20 09:23:38,553 - INFO - [SPEED] ETHUSDT  | Giá: 2277.63
2026-04-20 09:23:38,554 - INFO - [SPEED] ETHUSDT  | Giá: 2277.63
2026-04-20 09:23:38,555 - INFO - [SPEED] ETHUSDT  | Giá: 2277.63
2026-04-20 09:23:38,556 - INFO - [SPEED] ETHUSDT  | Giá: 2277.63
2026-04-20 09:23:38,557 - INFO - [SPEED] ETHUSDT  | Giá: 2277.63
2026-04-20 09:23:38,557 - INFO - [SPEED] ETHUSDT  | Giá: 2277.63
2026-04-20 09:23:38,558 - INFO - [SPEED] ETHUSDT  | Giá: 2277.63
2026-04-20 09:23:38,558 - INFO - [SPEED] ETHUSDT  | Giá: 2277.63
2026-04-20 09:23:38,559 - INFO - [SPEED] ETHUSDT  | Giá: 2277.63
2026-04-20 09:23:38,560 - INFO - [SPEED] ETHUSDT  | Giá: 2277.63
2026-04-20 09:23:38,562 - INFO - [SPEED] ETHUSDT  | Giá: 2277.63
2026-04-20 09:23:38,562 - INFO - [SPEED] ETHUSDT  | Giá: 2277.63
2026-04-20 09:23:38,562 - INFO - [SPEED] ETHUSDT  | Giá: 2277.63
2026-04-20 09:23:38,563 - INFO - [SPEED] ETHUSDT  | Giá: 2277.62
2026-04-20 09:23:38,564 - INFO - [SPEED] ETHUSDT  | Giá: 2277.62
2026-04-20 09:23:38,564 - INFO - [SPEED] ETHUSDT  | Giá: 2277.62
2026-04-20 09:23:38,565 - INFO - [SPEED] ETHUSDT  | Giá: 2277.6
2026-04-20 09:23:38,565 - INFO - [SPEED] ETHUSDT  | Giá: 2277.6
2026-04-20 09:23:38,565 - INFO - [SPEED] ETHUSDT  | Giá: 2277.6
2026-04-20 09:23:38,566 - INFO - [SPEED] ETHUSDT  | Giá: 2277.6
2026-04-20 09:23:38,567 - INFO - [SPEED] ETHUSDT  | Giá: 2277.6
2026-04-20 09:23:38,567 - INFO - [SPEED] ETHUSDT  | Giá: 2277.6
2026-04-20 09:23:38,568 - INFO - [SPEED] ETHUSDT  | Giá: 2277.59
2026-04-20 09:23:38,569 - INFO - [SPEED] BTCUSDT  | Giá: 74393.71
2026-04-20 09:23:38,571 - INFO - [SPEED] BTCUSDT  | Giá: 74393.71
2026-04-20 09:23:38,571 - INFO - [SPEED] BTCUSDT  | Giá: 74393.71
2026-04-20 09:23:38,572 - INFO - [SPEED] BTCUSDT  | Giá: 74393.71
2026-04-20 09:23:38,573 - INFO - [SPEED] BTCUSDT  | Giá: 74393.71
2026-04-20 09:23:38,574 - INFO - [SPEED] BTCUSDT  | Giá: 74393.71
2026-04-20 09:23:38,575 - INFO - [SPEED] BTCUSDT  | Giá: 74393.71
2026-04-20 09:23:38,576 - INFO - [SPEED] BTCUSDT  | Giá: 74393.71
2026-04-20 09:23:38,577 - INFO - [SPEED] BTCUSDT  | Giá: 74393.71
2026-04-20 09:23:38,577 - INFO - [SPEED] BTCUSDT  | Giá: 74393.71
2026-04-20 09:23:38,578 - INFO - [SPEED] BTCUSDT  | Giá: 74393.71
2026-04-20 09:23:38,578 - INFO - [SPEED] BTCUSDT  | Giá: 74393.71
2026-04-20 09:23:38,579 - INFO - [SPEED] BTCUSDT  | Giá: 74393.71
2026-04-20 09:23:38,580 - INFO - [SPEED] BTCUSDT  | Giá: 74393.71
2026-04-20 09:23:38,580 - INFO - [SPEED] BTCUSDT  | Giá: 74393.71
2026-04-20 09:23:38,580 - INFO - [SPEED] BTCUSDT  | Giá: 74393.71
2026-04-20 09:23:38,581 - INFO - [SPEED] BTCUSDT  | Giá: 74393.71
2026-04-20 09:23:38,581 - INFO - [SPEED] BTCUSDT  | Giá: 74393.71
2026-04-20 09:23:38,582 - INFO - [SPEED] BTCUSDT  | Giá: 74393.71
2026-04-20 09:23:38,582 - INFO - [SPEED] BTCUSDT  | Giá: 74393.71
2026-04-20 09:23:38,582 - INFO - [SPEED] BTCUSDT  | Giá: 74393.71
2026-04-20 09:23:38,584 - INFO - [SPEED] BTCUSDT  | Giá: 74393.71
2026-04-20 09:23:38,584 - INFO - [SPEED] BTCUSDT  | Giá: 74393.71
2026-04-20 09:23:38,585 - INFO - [SPEED] BTCUSDT  | Giá: 74393.71
2026-04-20 09:23:38,585 - INFO - [SPEED] BTCUSDT  | Giá: 74393.71
2026-04-20 09:23:38,596 - ERROR - ❌ Lỗi lưu MinIO: An error occurred (NoSuchBucket) when calling the PutObject operation: The specified bucket does not exist
2026-04-20 09:23:38,597 - INFO - [SPEED] BTCUSDT  | Giá: 74393.71
2026-04-20 09:23:38,597 - INFO - [SPEED] BTCUSDT  | Giá: 74393.71
2026-04-20 09:23:38,598 - INFO - [SPEED] BTCUSDT  | Giá: 74393.71
2026-04-20 09:23:38,599 - INFO - [SPEED] BTCUSDT  | Giá: 74393.71
2026-04-20 09:23:38,599 - INFO - [SPEED] BTCUSDT  | Giá: 74393.71
2026-04-20 09:23:38,599 - INFO - [SPEED] BTCUSDT  | Giá: 74393.71
2026-04-20 09:23:38,599 - INFO - [SPEED] BTCUSDT  | Giá: 74393.71
2026-04-20 09:23:38,599 - INFO - [SPEED] BTCUSDT  | Giá: 74393.71
2026-04-20 09:23:38,600 - INFO - [SPEED] BTCUSDT  | Giá: 74393.71
2026-04-20 09:23:38,601 - INFO - [SPEED] BTCUSDT  | Giá: 74393.71
2026-04-20 09:23:38,601 - INFO - [SPEED] ETHUSDT  | Giá: 2277.55
2026-04-20 09:23:38,602 - INFO - [SPEED] ETHUSDT  | Giá: 2277.55
2026-04-20 09:23:38,602 - INFO - [SPEED] ETHUSDT  | Giá: 2277.55
2026-04-20 09:23:38,603 - INFO - [SPEED] ETHUSDT  | Giá: 2277.53
2026-04-20 09:23:38,604 - INFO - [SPEED] ETHUSDT  | Giá: 2277.53
2026-04-20 09:23:38,604 - INFO - [SPEED] ETHUSDT  | Giá: 2277.53
2026-04-20 09:23:38,605 - INFO - [SPEED] ETHUSDT  | Giá: 2277.52
2026-04-20 09:23:38,605 - INFO - [SPEED] ETHUSDT  | Giá: 2277.52
2026-04-20 09:23:38,606 - INFO - [SPEED] ETHUSDT  | Giá: 2277.52
2026-04-20 09:23:38,607 - INFO - [SPEED] ETHUSDT  | Giá: 2277.52
2026-04-20 09:23:38,608 - INFO - [SPEED] ETHUSDT  | Giá: 2277.52
2026-04-20 09:23:38,609 - INFO - [SPEED] ETHUSDT  | Giá: 2277.5
2026-04-20 09:23:38,609 - INFO - [SPEED] ETHUSDT  | Giá: 2277.5
2026-04-20 09:23:38,610 - INFO - [SPEED] ETHUSDT  | Giá: 2277.5
2026-04-20 09:23:38,610 - INFO - [SPEED] ETHUSDT  | Giá: 2277.5
2026-04-20 09:23:38,611 - INFO - [SPEED] ETHUSDT  | Giá: 2277.5
2026-04-20 09:23:38,611 - INFO - [SPEED] ETHUSDT  | Giá: 2277.5
2026-04-20 09:23:38,612 - INFO - [SPEED] ETHUSDT  | Giá: 2277.5
2026-04-20 09:23:38,613 - INFO - [SPEED] ETHUSDT  | Giá: 2277.49
2026-04-20 09:23:38,614 - INFO - [SPEED] ETHUSDT  | Giá: 2277.49
2026-04-20 09:23:38,616 - INFO - [SPEED] ETHUSDT  | Giá: 2277.49
2026-04-20 09:23:38,617 - INFO - [SPEED] ETHUSDT  | Giá: 2277.49
2026-04-20 09:23:38,617 - INFO - [SPEED] ETHUSDT  | Giá: 2277.49
2026-04-20 09:23:38,618 - INFO - [SPEED] ETHUSDT  | Giá: 2277.48
2026-04-20 09:23:38,618 - INFO - [SPEED] ETHUSDT  | Giá: 2277.48
2026-04-20 09:23:38,618 - INFO - [SPEED] ETHUSDT  | Giá: 2277.48
2026-04-20 09:23:38,618 - INFO - [SPEED] ETHUSDT  | Giá: 2277.48
2026-04-20 09:23:38,619 - INFO - [SPEED] ETHUSDT  | Giá: 2277.48
2026-04-20 09:23:38,619 - INFO - [SPEED] ETHUSDT  | Giá: 2277.48
2026-04-20 09:23:38,620 - INFO - [SPEED] ETHUSDT  | Giá: 2277.47
2026-04-20 09:23:38,620 - INFO - [SPEED] ETHUSDT  | Giá: 2277.47
2026-04-20 09:23:38,621 - INFO - [SPEED] ETHUSDT  | Giá: 2277.47
2026-04-20 09:23:38,622 - INFO - [SPEED] ETHUSDT  | Giá: 2277.47
2026-04-20 09:23:38,623 - INFO - [SPEED] ETHUSDT  | Giá: 2277.47
2026-04-20 09:23:38,624 - INFO - [SPEED] ETHUSDT  | Giá: 2277.47
2026-04-20 09:23:38,625 - INFO - [SPEED] ETHUSDT  | Giá: 2277.47
2026-04-20 09:23:38,625 - INFO - [SPEED] ETHUSDT  | Giá: 2277.46
2026-04-20 09:23:38,626 - INFO - [SPEED] ETHUSDT  | Giá: 2277.46
2026-04-20 09:23:38,626 - INFO - [SPEED] ETHUSDT  | Giá: 2277.46
2026-04-20 09:23:38,626 - INFO - [SPEED] ETHUSDT  | Giá: 2277.46
2026-04-20 09:23:38,628 - INFO - [SPEED] ETHUSDT  | Giá: 2277.46
2026-04-20 09:23:38,628 - INFO - [SPEED] ETHUSDT  | Giá: 2277.46
2026-04-20 09:23:38,629 - INFO - [SPEED] ETHUSDT  | Giá: 2277.46
2026-04-20 09:23:38,630 - INFO - [SPEED] ETHUSDT  | Giá: 2277.46
2026-04-20 09:23:38,630 - INFO - [SPEED] ETHUSDT  | Giá: 2277.46
2026-04-20 09:23:38,631 - INFO - [SPEED] ETHUSDT  | Giá: 2277.46
2026-04-20 09:23:38,632 - INFO - [SPEED] ETHUSDT  | Giá: 2277.46
2026-04-20 09:23:38,633 - INFO - [SPEED] ETHUSDT  | Giá: 2277.46
2026-04-20 09:23:38,634 - INFO - [SPEED] ETHUSDT  | Giá: 2277.45
2026-04-20 09:23:38,635 - INFO - [SPEED] ETHUSDT  | Giá: 2277.45
2026-04-20 09:23:38,635 - INFO - [SPEED] ETHUSDT  | Giá: 2277.45
2026-04-20 09:23:38,636 - INFO - [SPEED] ETHUSDT  | Giá: 2277.45
2026-04-20 09:23:38,637 - INFO - [SPEED] ETHUSDT  | Giá: 2277.45
2026-04-20 09:23:38,637 - INFO - [SPEED] ETHUSDT  | Giá: 2277.45
2026-04-20 09:23:38,638 - INFO - [SPEED] ETHUSDT  | Giá: 2277.45
2026-04-20 09:23:38,638 - INFO - [SPEED] ETHUSDT  | Giá: 2277.45
2026-04-20 09:23:38,639 - INFO - [SPEED] ETHUSDT  | Giá: 2277.45
2026-04-20 09:23:38,639 - INFO - [SPEED] ETHUSDT  | Giá: 2277.45
2026-04-20 09:23:38,640 - INFO - [SPEED] ETHUSDT  | Giá: 2277.45
2026-04-20 09:23:38,641 - INFO - [SPEED] ETHUSDT  | Giá: 2277.45
2026-04-20 09:23:38,642 - INFO - [SPEED] ETHUSDT  | Giá: 2277.45
2026-04-20 09:23:38,643 - INFO - [SPEED] ETHUSDT  | Giá: 2277.45
2026-04-20 09:23:38,643 - INFO - [SPEED] ETHUSDT  | Giá: 2277.45
2026-04-20 09:23:38,644 - INFO - [SPEED] ETHUSDT  | Giá: 2277.45
2026-04-20 09:23:38,645 - INFO - [SPEED] ETHUSDT  | Giá: 2277.45
2026-04-20 09:23:38,646 - INFO - [SPEED] ETHUSDT  | Giá: 2277.45
2026-04-20 09:23:38,646 - INFO - [SPEED] ETHUSDT  | Giá: 2277.45
2026-04-20 09:23:38,647 - INFO - [SPEED] ETHUSDT  | Giá: 2277.44
2026-04-20 09:23:38,648 - INFO - [SPEED] ETHUSDT  | Giá: 2277.44
2026-04-20 09:23:38,648 - INFO - [SPEED] ETHUSDT  | Giá: 2277.44
2026-04-20 09:23:38,648 - INFO - [SPEED] ETHUSDT  | Giá: 2277.44
2026-04-20 09:23:38,649 - INFO - [SPEED] ETHUSDT  | Giá: 2277.44
2026-04-20 09:23:38,650 - INFO - [SPEED] ETHUSDT  | Giá: 2277.44
2026-04-20 09:23:38,650 - INFO - [SPEED] ETHUSDT  | Giá: 2277.44
2026-04-20 09:23:38,651 - INFO - [SPEED] ETHUSDT  | Giá: 2277.44
2026-04-20 09:23:38,651 - INFO - [SPEED] ETHUSDT  | Giá: 2277.44
2026-04-20 09:23:38,652 - INFO - [SPEED] ETHUSDT  | Giá: 2277.43
2026-04-20 09:23:38,652 - INFO - [SPEED] ETHUSDT  | Giá: 2277.43
2026-04-20 09:23:38,653 - INFO - [SPEED] ETHUSDT  | Giá: 2277.42
2026-04-20 09:23:38,654 - INFO - [SPEED] ETHUSDT  | Giá: 2277.42
2026-04-20 09:23:38,654 - INFO - [SPEED] ETHUSDT  | Giá: 2277.42
2026-04-20 09:23:38,655 - INFO - [SPEED] ETHUSDT  | Giá: 2277.42
2026-04-20 09:23:38,656 - INFO - [SPEED] ETHUSDT  | Giá: 2277.42
2026-04-20 09:23:38,657 - INFO - [SPEED] ETHUSDT  | Giá: 2277.42
2026-04-20 09:23:38,657 - INFO - [SPEED] ETHUSDT  | Giá: 2277.42
2026-04-20 09:23:38,658 - INFO - [SPEED] ETHUSDT  | Giá: 2277.42
2026-04-20 09:23:38,659 - INFO - [SPEED] ETHUSDT  | Giá: 2277.42
2026-04-20 09:23:38,660 - INFO - [SPEED] ETHUSDT  | Giá: 2277.41
2026-04-20 09:23:38,660 - INFO - [SPEED] ETHUSDT  | Giá: 2277.41
2026-04-20 09:23:38,661 - INFO - [SPEED] ETHUSDT  | Giá: 2277.41
2026-04-20 09:23:38,676 - ERROR - ❌ Lỗi lưu MinIO: An error occurred (NoSuchBucket) when calling the PutObject operation: The specified bucket does not exist
2026-04-20 09:23:38,676 - INFO - [SPEED] ETHUSDT  | Giá: 2277.41
2026-04-20 09:23:38,676 - INFO - [SPEED] ETHUSDT  | Giá: 2277.41
2026-04-20 09:23:38,677 - INFO - [SPEED] ETHUSDT  | Giá: 2277.41
2026-04-20 09:23:38,678 - INFO - [SPEED] ETHUSDT  | Giá: 2277.41
2026-04-20 09:23:38,678 - INFO - [SPEED] ETHUSDT  | Giá: 2277.41
2026-04-20 09:23:38,679 - INFO - [SPEED] ETHUSDT  | Giá: 2277.4
2026-04-20 09:23:38,680 - INFO - [SPEED] ETHUSDT  | Giá: 2277.4
2026-04-20 09:23:38,682 - INFO - [SPEED] ETHUSDT  | Giá: 2277.4
2026-04-20 09:23:38,682 - INFO - [SPEED] ETHUSDT  | Giá: 2277.4
2026-04-20 09:23:38,684 - INFO - [SPEED] ETHUSDT  | Giá: 2277.4
2026-04-20 09:23:38,684 - INFO - [SPEED] ETHUSDT  | Giá: 2277.4
2026-04-20 09:23:38,685 - INFO - [SPEED] ETHUSDT  | Giá: 2277.4
2026-04-20 09:23:38,686 - INFO - [SPEED] ETHUSDT  | Giá: 2277.4
2026-04-20 09:23:38,686 - INFO - [SPEED] ETHUSDT  | Giá: 2277.4
2026-04-20 09:23:38,687 - INFO - [SPEED] ETHUSDT  | Giá: 2277.4
2026-04-20 09:23:38,688 - INFO - [SPEED] ETHUSDT  | Giá: 2277.4
2026-04-20 09:23:38,689 - INFO - [SPEED] ETHUSDT  | Giá: 2277.4
2026-04-20 09:23:38,689 - INFO - [SPEED] ETHUSDT  | Giá: 2277.4
2026-04-20 09:23:38,690 - INFO - [SPEED] ETHUSDT  | Giá: 2277.39
2026-04-20 09:23:38,691 - INFO - [SPEED] ETHUSDT  | Giá: 2277.38
2026-04-20 09:23:38,691 - INFO - [SPEED] ETHUSDT  | Giá: 2277.38
2026-04-20 09:23:38,692 - INFO - [SPEED] ETHUSDT  | Giá: 2277.38
2026-04-20 09:23:38,693 - INFO - [SPEED] ETHUSDT  | Giá: 2277.38
2026-04-20 09:23:38,694 - INFO - [SPEED] ETHUSDT  | Giá: 2277.38
2026-04-20 09:23:38,695 - INFO - [SPEED] ETHUSDT  | Giá: 2277.38
2026-04-20 09:23:38,695 - INFO - [SPEED] ETHUSDT  | Giá: 2277.38
2026-04-20 09:23:38,695 - INFO - [SPEED] ETHUSDT  | Giá: 2277.38
2026-04-20 09:23:38,695 - INFO - [SPEED] ETHUSDT  | Giá: 2277.37
2026-04-20 09:23:38,695 - INFO - [SPEED] ETHUSDT  | Giá: 2277.36
2026-04-20 09:23:38,696 - INFO - [SPEED] ETHUSDT  | Giá: 2277.36
2026-04-20 09:23:38,696 - INFO - [SPEED] ETHUSDT  | Giá: 2277.36
2026-04-20 09:23:38,696 - INFO - [SPEED] ETHUSDT  | Giá: 2277.36
2026-04-20 09:23:38,696 - INFO - [SPEED] ETHUSDT  | Giá: 2277.36
2026-04-20 09:23:38,697 - INFO - [SPEED] ETHUSDT  | Giá: 2277.35
2026-04-20 09:23:38,697 - INFO - [SPEED] ETHUSDT  | Giá: 2277.35
2026-04-20 09:23:38,698 - INFO - [SPEED] ETHUSDT  | Giá: 2277.35
2026-04-20 09:23:38,699 - INFO - [SPEED] ETHUSDT  | Giá: 2277.34
2026-04-20 09:23:38,700 - INFO - [SPEED] ETHUSDT  | Giá: 2277.33
2026-04-20 09:23:38,701 - INFO - [SPEED] ETHUSDT  | Giá: 2277.33
2026-04-20 09:23:38,702 - INFO - [SPEED] ETHUSDT  | Giá: 2277.33
2026-04-20 09:23:38,703 - INFO - [SPEED] ETHUSDT  | Giá: 2277.33
2026-04-20 09:23:38,704 - INFO - [SPEED] ETHUSDT  | Giá: 2277.33
2026-04-20 09:23:38,706 - INFO - [SPEED] ETHUSDT  | Giá: 2277.33
2026-04-20 09:23:38,707 - INFO - [SPEED] ETHUSDT  | Giá: 2277.33
2026-04-20 09:23:38,708 - INFO - [SPEED] ETHUSDT  | Giá: 2277.33
2026-04-20 09:23:38,709 - INFO - [SPEED] ETHUSDT  | Giá: 2277.33
2026-04-20 09:23:38,710 - INFO - [SPEED] ETHUSDT  | Giá: 2277.33
2026-04-20 09:23:38,711 - INFO - [SPEED] ETHUSDT  | Giá: 2277.33
2026-04-20 09:23:38,712 - INFO - [SPEED] ETHUSDT  | Giá: 2277.33
2026-04-20 09:23:38,713 - INFO - [SPEED] SOLUSDT  | Giá: 84.0
2026-04-20 09:23:38,715 - INFO - [SPEED] SOLUSDT  | Giá: 84.0
2026-04-20 09:23:38,716 - INFO - [SPEED] SOLUSDT  | Giá: 84.0
2026-04-20 09:23:38,717 - INFO - [SPEED] SOLUSDT  | Giá: 84.0
2026-04-20 09:23:38,719 - INFO - [SPEED] SOLUSDT  | Giá: 84.0
2026-04-20 09:23:38,720 - INFO - [SPEED] SOLUSDT  | Giá: 84.0
2026-04-20 09:23:38,721 - INFO - [SPEED] SOLUSDT  | Giá: 84.0
2026-04-20 09:23:38,722 - INFO - [SPEED] SOLUSDT  | Giá: 84.0
2026-04-20 09:23:38,722 - INFO - [SPEED] SOLUSDT  | Giá: 84.0
2026-04-20 09:23:38,723 - INFO - [SPEED] SOLUSDT  | Giá: 84.0
2026-04-20 09:23:38,723 - INFO - [SPEED] SOLUSDT  | Giá: 84.0
2026-04-20 09:23:38,724 - INFO - [SPEED] SOLUSDT  | Giá: 84.0
2026-04-20 09:23:38,725 - INFO - [SPEED] SOLUSDT  | Giá: 84.0
2026-04-20 09:23:38,725 - INFO - [SPEED] SOLUSDT  | Giá: 84.0
2026-04-20 09:23:38,725 - INFO - [SPEED] SOLUSDT  | Giá: 84.0
2026-04-20 09:23:38,727 - INFO - [SPEED] SOLUSDT  | Giá: 84.0
2026-04-20 09:23:38,727 - INFO - [SPEED] SOLUSDT  | Giá: 84.0
2026-04-20 09:23:38,727 - INFO - [SPEED] SOLUSDT  | Giá: 84.0
2026-04-20 09:23:38,729 - INFO - [SPEED] SOLUSDT  | Giá: 84.0
2026-04-20 09:23:38,729 - INFO - [SPEED] SOLUSDT  | Giá: 84.0
2026-04-20 09:23:38,730 - INFO - [SPEED] SOLUSDT  | Giá: 84.0
2026-04-20 09:23:38,730 - INFO - [SPEED] SOLUSDT  | Giá: 84.0
2026-04-20 09:23:38,732 - INFO - [SPEED] ETHUSDT  | Giá: 2277.32
2026-04-20 09:23:38,733 - INFO - [SPEED] ETHUSDT  | Giá: 2277.32
2026-04-20 09:23:38,733 - INFO - [SPEED] ETHUSDT  | Giá: 2277.32
2026-04-20 09:23:38,734 - INFO - [SPEED] ETHUSDT  | Giá: 2277.32
2026-04-20 09:23:38,735 - INFO - [SPEED] ETHUSDT  | Giá: 2277.32
2026-04-20 09:23:38,735 - INFO - [SPEED] ETHUSDT  | Giá: 2277.31
2026-04-20 09:23:38,735 - INFO - [SPEED] ETHUSDT  | Giá: 2277.31
2026-04-20 09:23:38,736 - INFO - [SPEED] ETHUSDT  | Giá: 2277.31
2026-04-20 09:23:38,737 - INFO - [SPEED] ETHUSDT  | Giá: 2277.3
2026-04-20 09:23:38,737 - INFO - [SPEED] ETHUSDT  | Giá: 2277.3
2026-04-20 09:23:38,737 - INFO - [SPEED] ETHUSDT  | Giá: 2277.3
2026-04-20 09:23:38,738 - INFO - [SPEED] ETHUSDT  | Giá: 2277.3
2026-04-20 09:23:38,739 - INFO - [SPEED] ETHUSDT  | Giá: 2277.3
2026-04-20 09:23:38,740 - INFO - [SPEED] ETHUSDT  | Giá: 2277.3
2026-04-20 09:23:38,741 - INFO - [SPEED] ETHUSDT  | Giá: 2277.3
2026-04-20 09:23:38,741 - INFO - [SPEED] ETHUSDT  | Giá: 2277.3
2026-04-20 09:23:38,741 - INFO - [SPEED] ETHUSDT  | Giá: 2277.3
2026-04-20 09:23:38,742 - INFO - [SPEED] ETHUSDT  | Giá: 2277.3
2026-04-20 09:23:38,742 - INFO - [SPEED] ETHUSDT  | Giá: 2277.3
2026-04-20 09:23:38,743 - INFO - [SPEED] ETHUSDT  | Giá: 2277.3
2026-04-20 09:23:38,744 - INFO - [SPEED] ETHUSDT  | Giá: 2277.29
2026-04-20 09:23:38,745 - INFO - [SPEED] ETHUSDT  | Giá: 2277.29
2026-04-20 09:23:38,745 - INFO - [SPEED] ETHUSDT  | Giá: 2277.29
2026-04-20 09:23:38,745 - INFO - [SPEED] ETHUSDT  | Giá: 2277.29
2026-04-20 09:23:38,747 - INFO - [SPEED] ETHUSDT  | Giá: 2277.29
2026-04-20 09:23:38,747 - INFO - [SPEED] ETHUSDT  | Giá: 2277.29
2026-04-20 09:23:38,748 - INFO - [SPEED] ETHUSDT  | Giá: 2277.28
2026-04-20 09:23:38,748 - INFO - [SPEED] ETHUSDT  | Giá: 2277.28
2026-04-20 09:23:38,749 - INFO - [SPEED] ETHUSDT  | Giá: 2277.28
2026-04-20 09:23:38,762 - ERROR - ❌ Lỗi lưu MinIO: An error occurred (NoSuchBucket) when calling the PutObject operation: The specified bucket does not exist
2026-04-20 09:23:38,762 - INFO - [SPEED] ETHUSDT  | Giá: 2277.28
2026-04-20 09:23:38,762 - INFO - [SPEED] ETHUSDT  | Giá: 2277.28
2026-04-20 09:23:38,763 - INFO - [SPEED] ETHUSDT  | Giá: 2277.28
2026-04-20 09:23:38,765 - INFO - [SPEED] BNBUSDT  | Giá: 620.47
2026-04-20 09:23:38,766 - INFO - [SPEED] BNBUSDT  | Giá: 620.47
2026-04-20 09:23:38,767 - INFO - [SPEED] BNBUSDT  | Giá: 620.47
2026-04-20 09:23:38,767 - INFO - [SPEED] BNBUSDT  | Giá: 620.47
2026-04-20 09:23:38,768 - INFO - [SPEED] BNBUSDT  | Giá: 620.47
2026-04-20 09:23:38,770 - INFO - [SPEED] BNBUSDT  | Giá: 620.47
2026-04-20 09:23:38,770 - INFO - [SPEED] BNBUSDT  | Giá: 620.47
2026-04-20 09:23:38,771 - INFO - [SPEED] BNBUSDT  | Giá: 620.47
2026-04-20 09:23:38,771 - INFO - [SPEED] BNBUSDT  | Giá: 620.47
2026-04-20 09:23:38,771 - INFO - [SPEED] BNBUSDT  | Giá: 620.47
2026-04-20 09:23:38,773 - INFO - [SPEED] BNBUSDT  | Giá: 620.47
2026-04-20 09:23:38,774 - INFO - [SPEED] BNBUSDT  | Giá: 620.46
2026-04-20 09:23:38,775 - INFO - [SPEED] BNBUSDT  | Giá: 620.46
2026-04-20 09:23:38,777 - INFO - [SPEED] BNBUSDT  | Giá: 620.46
2026-04-20 09:23:38,779 - INFO - [SPEED] BNBUSDT  | Giá: 620.46
2026-04-20 09:23:38,781 - INFO - [SPEED] BNBUSDT  | Giá: 620.46
2026-04-20 09:23:38,783 - INFO - [SPEED] BNBUSDT  | Giá: 620.46
2026-04-20 09:23:38,784 - INFO - [SPEED] BNBUSDT  | Giá: 620.46
2026-04-20 09:23:38,785 - INFO - [SPEED] ETHUSDT  | Giá: 2277.26
2026-04-20 09:23:38,786 - INFO - [SPEED] ETHUSDT  | Giá: 2277.26
2026-04-20 09:23:38,787 - INFO - [SPEED] ETHUSDT  | Giá: 2277.26
2026-04-20 09:23:38,788 - INFO - [SPEED] ETHUSDT  | Giá: 2277.26
2026-04-20 09:23:38,788 - INFO - [SPEED] ETHUSDT  | Giá: 2277.26
2026-04-20 09:23:38,790 - INFO - [SPEED] ETHUSDT  | Giá: 2277.26
2026-04-20 09:23:38,790 - INFO - [SPEED] ETHUSDT  | Giá: 2277.26
2026-04-20 09:23:38,790 - INFO - [SPEED] ETHUSDT  | Giá: 2277.26
2026-04-20 09:23:38,791 - INFO - [SPEED] ETHUSDT  | Giá: 2277.26
2026-04-20 09:23:38,792 - INFO - [SPEED] BTCUSDT  | Giá: 74393.7
2026-04-20 09:23:38,793 - INFO - [SPEED] BTCUSDT  | Giá: 74393.7
2026-04-20 09:23:38,794 - INFO - [SPEED] BTCUSDT  | Giá: 74393.7
2026-04-20 09:23:38,794 - INFO - [SPEED] BTCUSDT  | Giá: 74393.7
2026-04-20 09:23:38,796 - INFO - [SPEED] BTCUSDT  | Giá: 74393.7
2026-04-20 09:23:38,796 - INFO - [SPEED] BTCUSDT  | Giá: 74393.7
2026-04-20 09:23:38,797 - INFO - [SPEED] BTCUSDT  | Giá: 74393.7
2026-04-20 09:23:38,799 - INFO - [SPEED] BTCUSDT  | Giá: 74393.7
2026-04-20 09:23:38,799 - INFO - [SPEED] BTCUSDT  | Giá: 74393.7
2026-04-20 09:23:38,801 - INFO - [SPEED] BTCUSDT  | Giá: 74393.7
2026-04-20 09:23:38,801 - INFO - [SPEED] BTCUSDT  | Giá: 74393.7
2026-04-20 09:23:38,803 - INFO - [SPEED] BTCUSDT  | Giá: 74393.7
2026-04-20 09:23:38,803 - INFO - [SPEED] BTCUSDT  | Giá: 74393.7
2026-04-20 09:23:38,803 - INFO - [SPEED] BTCUSDT  | Giá: 74393.7
2026-04-20 09:23:38,804 - INFO - [SPEED] BTCUSDT  | Giá: 74393.7
2026-04-20 09:23:38,805 - INFO - [SPEED] BTCUSDT  | Giá: 74393.7
2026-04-20 09:23:38,806 - INFO - [SPEED] BTCUSDT  | Giá: 74393.7
2026-04-20 09:23:38,807 - INFO - [SPEED] BTCUSDT  | Giá: 74393.7
2026-04-20 09:23:38,808 - INFO - [SPEED] BTCUSDT  | Giá: 74393.7
2026-04-20 09:23:38,808 - INFO - [SPEED] BTCUSDT  | Giá: 74393.7
2026-04-20 09:23:38,809 - INFO - [SPEED] BTCUSDT  | Giá: 74393.7
2026-04-20 09:23:38,809 - INFO - [SPEED] BTCUSDT  | Giá: 74393.7
2026-04-20 09:23:38,810 - INFO - [SPEED] BTCUSDT  | Giá: 74393.7
2026-04-20 09:23:38,810 - INFO - [SPEED] BTCUSDT  | Giá: 74393.7
2026-04-20 09:23:38,811 - INFO - [SPEED] BTCUSDT  | Giá: 74393.7
2026-04-20 09:23:38,812 - INFO - [SPEED] BTCUSDT  | Giá: 74393.7
2026-04-20 09:23:38,813 - INFO - [SPEED] BTCUSDT  | Giá: 74393.7
2026-04-20 09:23:38,814 - INFO - [SPEED] BTCUSDT  | Giá: 74393.7
2026-04-20 09:23:38,815 - INFO - [SPEED] BTCUSDT  | Giá: 74393.7
2026-04-20 09:23:38,816 - INFO - [SPEED] BTCUSDT  | Giá: 74393.69
2026-04-20 09:23:38,817 - INFO - [SPEED] BTCUSDT  | Giá: 74393.69
2026-04-20 09:23:38,817 - INFO - [SPEED] BTCUSDT  | Giá: 74393.69
2026-04-20 09:23:38,818 - INFO - [SPEED] BTCUSDT  | Giá: 74393.69
2026-04-20 09:23:38,819 - INFO - [SPEED] BTCUSDT  | Giá: 74393.69
2026-04-20 09:23:38,820 - INFO - [SPEED] BTCUSDT  | Giá: 74393.69
2026-04-20 09:23:38,821 - INFO - [SPEED] BTCUSDT  | Giá: 74393.69
2026-04-20 09:23:38,821 - INFO - [SPEED] BTCUSDT  | Giá: 74393.69
2026-04-20 09:23:38,822 - INFO - [SPEED] BTCUSDT  | Giá: 74393.69
2026-04-20 09:23:38,822 - INFO - [SPEED] BTCUSDT  | Giá: 74393.08
2026-04-20 09:23:38,823 - INFO - [SPEED] BTCUSDT  | Giá: 74393.08
2026-04-20 09:23:38,824 - INFO - [SPEED] BTCUSDT  | Giá: 74392.6
2026-04-20 09:23:38,824 - INFO - [SPEED] BTCUSDT  | Giá: 74392.0
2026-04-20 09:23:38,825 - INFO - [SPEED] BTCUSDT  | Giá: 74390.95
2026-04-20 09:23:38,825 - INFO - [SPEED] BTCUSDT  | Giá: 74390.95
2026-04-20 09:23:38,825 - INFO - [SPEED] BTCUSDT  | Giá: 74390.93
2026-04-20 09:23:38,826 - INFO - [SPEED] BTCUSDT  | Giá: 74390.93
2026-04-20 09:23:38,826 - INFO - [SPEED] BTCUSDT  | Giá: 74390.93
2026-04-20 09:23:38,827 - INFO - [SPEED] BTCUSDT  | Giá: 74390.92
2026-04-20 09:23:38,828 - INFO - [SPEED] ETHUSDT  | Giá: 2277.25
2026-04-20 09:23:38,829 - INFO - [SPEED] ETHUSDT  | Giá: 2277.25
2026-04-20 09:23:38,830 - INFO - [SPEED] ETHUSDT  | Giá: 2277.25
2026-04-20 09:23:38,831 - INFO - [SPEED] ETHUSDT  | Giá: 2277.25
2026-04-20 09:23:38,831 - INFO - [SPEED] ETHUSDT  | Giá: 2277.25
2026-04-20 09:23:38,832 - INFO - [SPEED] ETHUSDT  | Giá: 2277.25
2026-04-20 09:23:38,832 - INFO - [SPEED] ETHUSDT  | Giá: 2277.25
2026-04-20 09:23:38,832 - INFO - [SPEED] ETHUSDT  | Giá: 2277.25
2026-04-20 09:23:38,833 - INFO - [SPEED] ETHUSDT  | Giá: 2277.25
2026-04-20 09:23:38,833 - INFO - [SPEED] ETHUSDT  | Giá: 2277.25
2026-04-20 09:23:38,834 - INFO - [SPEED] ETHUSDT  | Giá: 2277.24
2026-04-20 09:23:38,835 - INFO - [SPEED] ETHUSDT  | Giá: 2277.24
2026-04-20 09:23:38,835 - INFO - [SPEED] ETHUSDT  | Giá: 2277.24
2026-04-20 09:23:38,836 - INFO - [SPEED] ETHUSDT  | Giá: 2277.24
2026-04-20 09:23:38,837 - INFO - [SPEED] ETHUSDT  | Giá: 2277.23
2026-04-20 09:23:38,838 - INFO - [SPEED] ETHUSDT  | Giá: 2277.22
2026-04-20 09:23:38,839 - INFO - [SPEED] ETHUSDT  | Giá: 2277.22
2026-04-20 09:23:38,840 - INFO - [SPEED] ETHUSDT  | Giá: 2277.22
2026-04-20 09:23:38,840 - INFO - [SPEED] ETHUSDT  | Giá: 2277.22
2026-04-20 09:23:38,841 - INFO - [SPEED] ETHUSDT  | Giá: 2277.22
2026-04-20 09:23:38,841 - INFO - [SPEED] ETHUSDT  | Giá: 2277.22
2026-04-20 09:23:38,842 - INFO - [SPEED] ETHUSDT  | Giá: 2277.22
2026-04-20 09:23:38,854 - ERROR - ❌ Lỗi lưu MinIO: An error occurred (NoSuchBucket) when calling the PutObject operation: The specified bucket does not exist
2026-04-20 09:23:38,854 - INFO - [SPEED] ETHUSDT  | Giá: 2277.21
2026-04-20 09:23:38,855 - INFO - [SPEED] ETHUSDT  | Giá: 2277.21
2026-04-20 09:23:38,855 - INFO - [SPEED] ETHUSDT  | Giá: 2277.21
2026-04-20 09:23:38,856 - INFO - [SPEED] ETHUSDT  | Giá: 2277.21
2026-04-20 09:23:38,858 - INFO - [SPEED] ETHUSDT  | Giá: 2277.21
2026-04-20 09:23:38,859 - INFO - [SPEED] ETHUSDT  | Giá: 2277.21
2026-04-20 09:23:38,859 - INFO - [SPEED] ETHUSDT  | Giá: 2277.21
2026-04-20 09:23:38,860 - INFO - [SPEED] ETHUSDT  | Giá: 2277.2
2026-04-20 09:23:38,860 - INFO - [SPEED] ETHUSDT  | Giá: 2277.2
2026-04-20 09:23:38,862 - INFO - [SPEED] ETHUSDT  | Giá: 2277.2
2026-04-20 09:23:38,863 - INFO - [SPEED] ETHUSDT  | Giá: 2277.2
2026-04-20 09:23:38,864 - INFO - [SPEED] ETHUSDT  | Giá: 2277.19
2026-04-20 09:23:38,864 - INFO - [SPEED] ETHUSDT  | Giá: 2277.17
2026-04-20 09:23:38,865 - INFO - [SPEED] ETHUSDT  | Giá: 2277.17
2026-04-20 09:23:38,865 - INFO - [SPEED] ETHUSDT  | Giá: 2277.17
2026-04-20 09:23:38,866 - INFO - [SPEED] ETHUSDT  | Giá: 2277.17
2026-04-20 09:23:38,866 - INFO - [SPEED] ETHUSDT  | Giá: 2277.17
2026-04-20 09:23:38,868 - INFO - [SPEED] ETHUSDT  | Giá: 2277.17
2026-04-20 09:23:38,869 - INFO - [SPEED] ETHUSDT  | Giá: 2277.17
2026-04-20 09:23:38,869 - INFO - [SPEED] ETHUSDT  | Giá: 2277.17
2026-04-20 09:23:38,870 - INFO - [SPEED] ETHUSDT  | Giá: 2277.15
2026-04-20 09:23:38,871 - INFO - [SPEED] ETHUSDT  | Giá: 2277.15
2026-04-20 09:23:38,871 - INFO - [SPEED] ETHUSDT  | Giá: 2277.15
2026-04-20 09:23:38,871 - INFO - [SPEED] ETHUSDT  | Giá: 2277.15
2026-04-20 09:23:38,872 - INFO - [SPEED] ETHUSDT  | Giá: 2277.14
2026-04-20 09:23:38,873 - INFO - [SPEED] ETHUSDT  | Giá: 2277.14
2026-04-20 09:23:38,874 - INFO - [SPEED] ETHUSDT  | Giá: 2277.14
2026-04-20 09:23:38,875 - INFO - [SPEED] ETHUSDT  | Giá: 2277.14
2026-04-20 09:23:38,875 - INFO - [SPEED] ETHUSDT  | Giá: 2277.14
2026-04-20 09:23:38,876 - INFO - [SPEED] ETHUSDT  | Giá: 2277.13
2026-04-20 09:23:38,877 - INFO - [SPEED] ETHUSDT  | Giá: 2277.13
2026-04-20 09:23:38,878 - INFO - [SPEED] ETHUSDT  | Giá: 2277.13
2026-04-20 09:23:38,879 - INFO - [SPEED] ETHUSDT  | Giá: 2277.13
2026-04-20 09:23:38,880 - INFO - [SPEED] ETHUSDT  | Giá: 2277.12
2026-04-20 09:23:38,880 - INFO - [SPEED] ETHUSDT  | Giá: 2277.12
2026-04-20 09:23:38,881 - INFO - [SPEED] ETHUSDT  | Giá: 2277.12
2026-04-20 09:23:38,882 - INFO - [SPEED] ETHUSDT  | Giá: 2277.12
2026-04-20 09:23:38,882 - INFO - [SPEED] ETHUSDT  | Giá: 2277.12
2026-04-20 09:23:38,883 - INFO - [SPEED] ETHUSDT  | Giá: 2277.12
2026-04-20 09:23:38,883 - INFO - [SPEED] ETHUSDT  | Giá: 2277.12
2026-04-20 09:23:38,884 - INFO - [SPEED] ETHUSDT  | Giá: 2277.12
2026-04-20 09:23:38,884 - INFO - [SPEED] ETHUSDT  | Giá: 2277.12
2026-04-20 09:23:38,885 - INFO - [SPEED] ETHUSDT  | Giá: 2277.12
2026-04-20 09:23:38,886 - INFO - [SPEED] ETHUSDT  | Giá: 2277.12
2026-04-20 09:23:38,887 - INFO - [SPEED] SOLUSDT  | Giá: 83.99
2026-04-20 09:23:38,888 - INFO - [SPEED] SOLUSDT  | Giá: 83.99
2026-04-20 09:23:38,889 - INFO - [SPEED] SOLUSDT  | Giá: 83.99
2026-04-20 09:23:38,890 - INFO - [SPEED] SOLUSDT  | Giá: 83.99
2026-04-20 09:23:38,891 - INFO - [SPEED] SOLUSDT  | Giá: 83.99
2026-04-20 09:23:38,892 - INFO - [SPEED] SOLUSDT  | Giá: 83.99
2026-04-20 09:23:38,893 - INFO - [SPEED] SOLUSDT  | Giá: 83.99
2026-04-20 09:23:38,893 - INFO - [SPEED] SOLUSDT  | Giá: 83.99
2026-04-20 09:23:38,894 - INFO - [SPEED] SOLUSDT  | Giá: 83.99
2026-04-20 09:23:38,894 - INFO - [SPEED] SOLUSDT  | Giá: 83.99
2026-04-20 09:23:38,895 - INFO - [SPEED] SOLUSDT  | Giá: 83.99
2026-04-20 09:23:38,895 - INFO - [SPEED] SOLUSDT  | Giá: 83.99
2026-04-20 09:23:38,896 - INFO - [SPEED] SOLUSDT  | Giá: 83.99
2026-04-20 09:23:38,897 - INFO - [SPEED] SOLUSDT  | Giá: 83.99
2026-04-20 09:23:38,898 - INFO - [SPEED] SOLUSDT  | Giá: 83.99
2026-04-20 09:23:38,899 - INFO - [SPEED] SOLUSDT  | Giá: 83.99
2026-04-20 09:23:38,899 - INFO - [SPEED] SOLUSDT  | Giá: 83.99
2026-04-20 09:23:38,899 - INFO - [SPEED] SOLUSDT  | Giá: 83.99
2026-04-20 09:23:38,900 - INFO - [SPEED] SOLUSDT  | Giá: 83.99
2026-04-20 09:23:38,900 - INFO - [SPEED] SOLUSDT  | Giá: 83.99
2026-04-20 09:23:38,900 - INFO - [SPEED] SOLUSDT  | Giá: 83.99
2026-04-20 09:23:38,901 - INFO - [SPEED] SOLUSDT  | Giá: 83.99
2026-04-20 09:23:38,901 - INFO - [SPEED] SOLUSDT  | Giá: 83.99
2026-04-20 09:23:38,902 - INFO - [SPEED] SOLUSDT  | Giá: 83.98
2026-04-20 09:23:38,902 - INFO - [SPEED] SOLUSDT  | Giá: 83.98
2026-04-20 09:23:38,903 - INFO - [SPEED] SOLUSDT  | Giá: 83.98
2026-04-20 09:23:38,903 - INFO - [SPEED] SOLUSDT  | Giá: 83.98
2026-04-20 09:23:38,903 - INFO - [SPEED] SOLUSDT  | Giá: 83.98
2026-04-20 09:23:38,904 - INFO - [SPEED] SOLUSDT  | Giá: 83.98
2026-04-20 09:23:38,904 - INFO - [SPEED] SOLUSDT  | Giá: 83.98
2026-04-20 09:23:38,905 - INFO - [SPEED] SOLUSDT  | Giá: 83.98
2026-04-20 09:23:38,906 - INFO - [SPEED] SOLUSDT  | Giá: 83.98
2026-04-20 09:23:38,907 - INFO - [SPEED] SOLUSDT  | Giá: 83.98
2026-04-20 09:23:38,907 - INFO - [SPEED] SOLUSDT  | Giá: 83.98
2026-04-20 09:23:38,908 - INFO - [SPEED] SOLUSDT  | Giá: 83.98
2026-04-20 09:23:38,909 - INFO - [SPEED] SOLUSDT  | Giá: 83.98
2026-04-20 09:23:38,909 - INFO - [SPEED] SOLUSDT  | Giá: 83.98
2026-04-20 09:23:38,909 - INFO - [SPEED] SOLUSDT  | Giá: 83.98
2026-04-20 09:23:38,910 - INFO - [SPEED] SOLUSDT  | Giá: 83.98
2026-04-20 09:23:38,910 - INFO - [SPEED] SOLUSDT  | Giá: 83.98
2026-04-20 09:23:38,910 - INFO - [SPEED] SOLUSDT  | Giá: 83.98
2026-04-20 09:23:38,911 - INFO - [SPEED] SOLUSDT  | Giá: 83.98
2026-04-20 09:23:38,911 - INFO - [SPEED] SOLUSDT  | Giá: 83.98
2026-04-20 09:23:38,912 - INFO - [SPEED] SOLUSDT  | Giá: 83.98
2026-04-20 09:23:38,913 - INFO - [SPEED] SOLUSDT  | Giá: 83.98
2026-04-20 09:23:38,913 - INFO - [SPEED] SOLUSDT  | Giá: 83.98
2026-04-20 09:23:38,914 - INFO - [SPEED] ETHUSDT  | Giá: 2277.11
2026-04-20 09:23:38,915 - INFO - [SPEED] ETHUSDT  | Giá: 2277.11
2026-04-20 09:23:38,917 - INFO - [SPEED] ETHUSDT  | Giá: 2277.11
2026-04-20 09:23:38,917 - INFO - [SPEED] ETHUSDT  | Giá: 2277.11
2026-04-20 09:23:38,918 - INFO - [SPEED] ETHUSDT  | Giá: 2277.11
2026-04-20 09:23:38,918 - INFO - [SPEED] ETHUSDT  | Giá: 2277.11
2026-04-20 09:23:38,919 - INFO - [SPEED] ETHUSDT  | Giá: 2277.11
2026-04-20 09:23:38,919 - INFO - [SPEED] ETHUSDT  | Giá: 2277.11
2026-04-20 09:23:38,920 - INFO - [SPEED] ETHUSDT  | Giá: 2277.11
2026-04-20 09:23:38,921 - INFO - [SPEED] ETHUSDT  | Giá: 2277.11
2026-04-20 09:23:38,932 - ERROR - ❌ Lỗi lưu MinIO: An error occurred (NoSuchBucket) when calling the PutObject operation: The specified bucket does not exist
2026-04-20 09:23:38,932 - INFO - [SPEED] ETHUSDT  | Giá: 2277.11
2026-04-20 09:23:38,932 - INFO - [SPEED] ETHUSDT  | Giá: 2277.11
2026-04-20 09:23:38,933 - INFO - [SPEED] ETHUSDT  | Giá: 2277.1
2026-04-20 09:23:38,934 - INFO - [SPEED] ETHUSDT  | Giá: 2277.1
2026-04-20 09:23:38,935 - INFO - [SPEED] ETHUSDT  | Giá: 2277.1
2026-04-20 09:23:38,936 - INFO - [SPEED] ETHUSDT  | Giá: 2277.1
2026-04-20 09:23:38,937 - INFO - [SPEED] ETHUSDT  | Giá: 2277.1
2026-04-20 09:23:38,937 - INFO - [SPEED] ETHUSDT  | Giá: 2277.1
2026-04-20 09:23:38,938 - INFO - [SPEED] ETHUSDT  | Giá: 2277.09
2026-04-20 09:23:38,938 - INFO - [SPEED] ETHUSDT  | Giá: 2277.09
2026-04-20 09:23:38,939 - INFO - [SPEED] ETHUSDT  | Giá: 2277.09
2026-04-20 09:23:38,940 - INFO - [SPEED] ETHUSDT  | Giá: 2277.08
2026-04-20 09:23:38,941 - INFO - [SPEED] ETHUSDT  | Giá: 2277.08
2026-04-20 09:23:38,942 - INFO - [SPEED] ETHUSDT  | Giá: 2277.08
2026-04-20 09:23:38,942 - INFO - [SPEED] ETHUSDT  | Giá: 2277.08
2026-04-20 09:23:38,943 - INFO - [SPEED] ETHUSDT  | Giá: 2277.08
2026-04-20 09:23:38,943 - INFO - [SPEED] ETHUSDT  | Giá: 2277.06
2026-04-20 09:23:38,944 - INFO - [SPEED] ETHUSDT  | Giá: 2277.06
2026-04-20 09:23:38,944 - INFO - [SPEED] ETHUSDT  | Giá: 2277.05
2026-04-20 09:23:38,945 - INFO - [SPEED] ETHUSDT  | Giá: 2277.05
2026-04-20 09:23:38,946 - INFO - [SPEED] ETHUSDT  | Giá: 2277.05
2026-04-20 09:23:38,946 - INFO - [SPEED] ETHUSDT  | Giá: 2277.05
2026-04-20 09:23:38,946 - INFO - [SPEED] ETHUSDT  | Giá: 2277.04
2026-04-20 09:23:38,947 - INFO - [SPEED] ETHUSDT  | Giá: 2277.04
2026-04-20 09:23:38,947 - INFO - [SPEED] ETHUSDT  | Giá: 2277.04
2026-04-20 09:23:38,948 - INFO - [SPEED] ETHUSDT  | Giá: 2277.04
2026-04-20 09:23:38,949 - INFO - [SPEED] ETHUSDT  | Giá: 2277.04
2026-04-20 09:23:38,950 - INFO - [SPEED] ETHUSDT  | Giá: 2277.04
2026-04-20 09:23:38,951 - INFO - [SPEED] ETHUSDT  | Giá: 2277.04
2026-04-20 09:23:38,951 - INFO - [SPEED] ETHUSDT  | Giá: 2277.03
2026-04-20 09:23:38,951 - INFO - [SPEED] ETHUSDT  | Giá: 2277.03
2026-04-20 09:23:38,952 - INFO - [SPEED] ETHUSDT  | Giá: 2277.02
2026-04-20 09:23:38,952 - INFO - [SPEED] ETHUSDT  | Giá: 2277.02
2026-04-20 09:23:38,953 - INFO - [SPEED] ETHUSDT  | Giá: 2277.02
2026-04-20 09:23:38,953 - INFO - [SPEED] ETHUSDT  | Giá: 2277.02
2026-04-20 09:23:38,953 - INFO - [SPEED] ETHUSDT  | Giá: 2277.02
2026-04-20 09:23:38,954 - INFO - [SPEED] ETHUSDT  | Giá: 2277.02
2026-04-20 09:23:38,955 - INFO - [SPEED] ETHUSDT  | Giá: 2277.01
2026-04-20 09:23:38,955 - INFO - [SPEED] ETHUSDT  | Giá: 2277.0
2026-04-20 09:23:38,955 - INFO - [SPEED] ETHUSDT  | Giá: 2277.0
2026-04-20 09:23:38,956 - INFO - [SPEED] ETHUSDT  | Giá: 2277.0
2026-04-20 09:23:38,957 - INFO - [SPEED] ETHUSDT  | Giá: 2277.0
2026-04-20 09:23:38,957 - INFO - [SPEED] ETHUSDT  | Giá: 2277.0
2026-04-20 09:23:38,959 - INFO - [SPEED] ETHUSDT  | Giá: 2276.99
2026-04-20 09:23:38,959 - INFO - [SPEED] ETHUSDT  | Giá: 2276.98
2026-04-20 09:23:38,960 - INFO - [SPEED] ETHUSDT  | Giá: 2276.98
2026-04-20 09:23:38,960 - INFO - [SPEED] ETHUSDT  | Giá: 2276.98
2026-04-20 09:23:38,961 - INFO - [SPEED] ETHUSDT  | Giá: 2276.96
2026-04-20 09:23:38,961 - INFO - [SPEED] ETHUSDT  | Giá: 2276.96
2026-04-20 09:23:38,962 - INFO - [SPEED] ETHUSDT  | Giá: 2276.96
2026-04-20 09:23:38,963 - INFO - [SPEED] ETHUSDT  | Giá: 2276.96
2026-04-20 09:23:38,963 - INFO - [SPEED] ETHUSDT  | Giá: 2276.94
2026-04-20 09:23:38,963 - INFO - [SPEED] SOLUSDT  | Giá: 83.98
2026-04-20 09:23:38,964 - INFO - [SPEED] SOLUSDT  | Giá: 83.98
2026-04-20 09:23:38,965 - INFO - [SPEED] SOLUSDT  | Giá: 83.98
2026-04-20 09:23:38,966 - INFO - [SPEED] SOLUSDT  | Giá: 83.98
2026-04-20 09:23:38,966 - INFO - [SPEED] SOLUSDT  | Giá: 83.98
2026-04-20 09:23:38,967 - INFO - [SPEED] SOLUSDT  | Giá: 83.98
2026-04-20 09:23:38,967 - INFO - [SPEED] SOLUSDT  | Giá: 83.98
2026-04-20 09:23:38,968 - INFO - [SPEED] SOLUSDT  | Giá: 83.98
2026-04-20 09:23:38,968 - INFO - [SPEED] SOLUSDT  | Giá: 83.98
2026-04-20 09:23:38,969 - INFO - [SPEED] SOLUSDT  | Giá: 83.98
2026-04-20 09:23:38,969 - INFO - [SPEED] SOLUSDT  | Giá: 83.98
2026-04-20 09:23:38,970 - INFO - [SPEED] SOLUSDT  | Giá: 83.98
2026-04-20 09:23:38,970 - INFO - [SPEED] SOLUSDT  | Giá: 83.98
2026-04-20 09:23:38,970 - INFO - [SPEED] SOLUSDT  | Giá: 83.98
2026-04-20 09:23:38,972 - INFO - [SPEED] SOLUSDT  | Giá: 83.98
2026-04-20 09:23:38,974 - INFO - [SPEED] SOLUSDT  | Giá: 83.98
2026-04-20 09:23:38,974 - INFO - [SPEED] SOLUSDT  | Giá: 83.98
2026-04-20 09:23:38,975 - INFO - [SPEED] SOLUSDT  | Giá: 83.98
2026-04-20 09:23:38,975 - INFO - [SPEED] SOLUSDT  | Giá: 83.98
2026-04-20 09:23:38,975 - INFO - [SPEED] SOLUSDT  | Giá: 83.98
2026-04-20 09:23:38,976 - INFO - [SPEED] SOLUSDT  | Giá: 83.98
2026-04-20 09:23:38,977 - INFO - [SPEED] SOLUSDT  | Giá: 83.98
2026-04-20 09:23:38,977 - INFO - [SPEED] SOLUSDT  | Giá: 83.98
2026-04-20 09:23:38,977 - INFO - [SPEED] BTCUSDT  | Giá: 74390.92
2026-04-20 09:23:38,978 - INFO - [SPEED] BTCUSDT  | Giá: 74390.92
2026-04-20 09:23:38,978 - INFO - [SPEED] BTCUSDT  | Giá: 74390.92
2026-04-20 09:23:38,979 - INFO - [SPEED] BTCUSDT  | Giá: 74390.92
2026-04-20 09:23:38,980 - INFO - [SPEED] BTCUSDT  | Giá: 74390.92
2026-04-20 09:23:38,981 - INFO - [SPEED] BTCUSDT  | Giá: 74390.92
2026-04-20 09:23:38,981 - INFO - [SPEED] BTCUSDT  | Giá: 74390.92
2026-04-20 09:23:38,982 - INFO - [SPEED] BTCUSDT  | Giá: 74390.92
2026-04-20 09:23:38,982 - INFO - [SPEED] BTCUSDT  | Giá: 74390.92
2026-04-20 09:23:38,982 - INFO - [SPEED] BTCUSDT  | Giá: 74390.92
2026-04-20 09:23:38,983 - INFO - [SPEED] BTCUSDT  | Giá: 74390.92
2026-04-20 09:23:38,984 - INFO - [SPEED] BTCUSDT  | Giá: 74390.92
2026-04-20 09:23:38,984 - INFO - [SPEED] BTCUSDT  | Giá: 74390.92
2026-04-20 09:23:38,985 - INFO - [SPEED] BTCUSDT  | Giá: 74390.92
2026-04-20 09:23:38,985 - INFO - [SPEED] BTCUSDT  | Giá: 74390.92
2026-04-20 09:23:38,985 - INFO - [SPEED] BTCUSDT  | Giá: 74390.92
2026-04-20 09:23:38,986 - INFO - [SPEED] BTCUSDT  | Giá: 74390.92
2026-04-20 09:23:38,986 - INFO - [SPEED] BTCUSDT  | Giá: 74390.92
2026-04-20 09:23:38,987 - INFO - [SPEED] BTCUSDT  | Giá: 74390.92
2026-04-20 09:23:38,988 - INFO - [SPEED] BTCUSDT  | Giá: 74390.92
2026-04-20 09:23:38,989 - INFO - [SPEED] BTCUSDT  | Giá: 74390.92
2026-04-20 09:23:38,989 - INFO - [SPEED] BTCUSDT  | Giá: 74390.92
2026-04-20 09:23:38,990 - INFO - [SPEED] BTCUSDT  | Giá: 74390.92
2026-04-20 09:23:38,991 - INFO - [SPEED] BTCUSDT  | Giá: 74390.92
2026-04-20 09:23:38,991 - INFO - [SPEED] BTCUSDT  | Giá: 74390.92
2026-04-20 09:23:39,004 - ERROR - ❌ Lỗi lưu MinIO: An error occurred (NoSuchBucket) when calling the PutObject operation: The specified bucket does not exist
2026-04-20 09:23:39,004 - INFO - [SPEED] BTCUSDT  | Giá: 74390.92
2026-04-20 09:23:39,004 - INFO - [SPEED] BTCUSDT  | Giá: 74390.92
2026-04-20 09:23:39,005 - INFO - [SPEED] BTCUSDT  | Giá: 74390.92
2026-04-20 09:23:39,006 - INFO - [SPEED] BTCUSDT  | Giá: 74390.92
2026-04-20 09:23:39,006 - INFO - [SPEED] BTCUSDT  | Giá: 74390.92
2026-04-20 09:23:39,007 - INFO - [SPEED] BTCUSDT  | Giá: 74390.92
2026-04-20 09:23:39,008 - INFO - [SPEED] BTCUSDT  | Giá: 74390.92
2026-04-20 09:23:39,008 - INFO - [SPEED] BTCUSDT  | Giá: 74390.92
2026-04-20 09:23:39,009 - INFO - [SPEED] BTCUSDT  | Giá: 74390.92
2026-04-20 09:23:39,009 - INFO - [SPEED] BTCUSDT  | Giá: 74390.92
2026-04-20 09:23:39,009 - INFO - [SPEED] BTCUSDT  | Giá: 74390.92
2026-04-20 09:23:39,010 - INFO - [SPEED] BTCUSDT  | Giá: 74390.91
2026-04-20 09:23:39,011 - INFO - [SPEED] BTCUSDT  | Giá: 74390.91
2026-04-20 09:23:39,011 - INFO - [SPEED] BTCUSDT  | Giá: 74390.91
2026-04-20 09:23:39,013 - INFO - [SPEED] BTCUSDT  | Giá: 74390.91
2026-04-20 09:23:39,014 - INFO - [SPEED] BTCUSDT  | Giá: 74390.91
2026-04-20 09:23:39,014 - INFO - [SPEED] BTCUSDT  | Giá: 74390.91
2026-04-20 09:23:39,014 - INFO - [SPEED] BTCUSDT  | Giá: 74390.91
2026-04-20 09:23:39,016 - INFO - [SPEED] BTCUSDT  | Giá: 74390.91
2026-04-20 09:23:39,017 - INFO - [SPEED] BTCUSDT  | Giá: 74390.91
2026-04-20 09:23:39,018 - INFO - [SPEED] BTCUSDT  | Giá: 74390.71
2026-04-20 09:23:39,018 - INFO - [SPEED] SOLUSDT  | Giá: 83.98
2026-04-20 09:23:39,019 - INFO - [SPEED] SOLUSDT  | Giá: 83.98
2026-04-20 09:23:39,019 - INFO - [SPEED] SOLUSDT  | Giá: 83.98
2026-04-20 09:23:39,020 - INFO - [SPEED] SOLUSDT  | Giá: 83.98
2026-04-20 09:23:39,020 - INFO - [SPEED] SOLUSDT  | Giá: 83.98
2026-04-20 09:23:39,021 - INFO - [SPEED] SOLUSDT  | Giá: 83.98
2026-04-20 09:23:39,022 - INFO - [SPEED] SOLUSDT  | Giá: 83.98
2026-04-20 09:23:39,022 - INFO - [SPEED] SOLUSDT  | Giá: 83.98
2026-04-20 09:23:39,022 - INFO - [SPEED] SOLUSDT  | Giá: 83.98
2026-04-20 09:23:39,023 - INFO - [SPEED] SOLUSDT  | Giá: 83.98
2026-04-20 09:23:39,023 - INFO - [SPEED] BTCUSDT  | Giá: 74390.71
2026-04-20 09:23:39,024 - INFO - [SPEED] BTCUSDT  | Giá: 74390.71
2026-04-20 09:23:39,024 - INFO - [SPEED] BTCUSDT  | Giá: 74390.71
2026-04-20 09:23:39,025 - INFO - [SPEED] BTCUSDT  | Giá: 74390.71
2026-04-20 09:23:39,025 - INFO - [SPEED] BTCUSDT  | Giá: 74390.71
2026-04-20 09:23:39,027 - INFO - [SPEED] BTCUSDT  | Giá: 74390.71
2026-04-20 09:23:39,027 - INFO - [SPEED] BTCUSDT  | Giá: 74390.71
2026-04-20 09:23:39,028 - INFO - [SPEED] BTCUSDT  | Giá: 74390.71
2026-04-20 09:23:39,028 - INFO - [SPEED] BTCUSDT  | Giá: 74390.71
2026-04-20 09:23:39,029 - INFO - [SPEED] BTCUSDT  | Giá: 74390.71
2026-04-20 09:23:39,030 - INFO - [SPEED] BTCUSDT  | Giá: 74390.71
2026-04-20 09:23:39,030 - INFO - [SPEED] BTCUSDT  | Giá: 74390.71
2026-04-20 09:23:39,030 - INFO - [SPEED] BTCUSDT  | Giá: 74390.71
2026-04-20 09:23:39,031 - INFO - [SPEED] BTCUSDT  | Giá: 74390.71
2026-04-20 09:23:39,032 - INFO - [SPEED] BTCUSDT  | Giá: 74390.71
2026-04-20 09:23:39,032 - INFO - [SPEED] BTCUSDT  | Giá: 74390.71
2026-04-20 09:23:39,034 - INFO - [SPEED] BTCUSDT  | Giá: 74390.71
2026-04-20 09:23:39,035 - INFO - [SPEED] BTCUSDT  | Giá: 74390.71
2026-04-20 09:23:39,035 - INFO - [SPEED] BTCUSDT  | Giá: 74390.71
2026-04-20 09:23:39,036 - INFO - [SPEED] BTCUSDT  | Giá: 74390.71
2026-04-20 09:23:39,037 - INFO - [SPEED] BTCUSDT  | Giá: 74390.71
2026-04-20 09:23:39,038 - INFO - [SPEED] BTCUSDT  | Giá: 74390.71
2026-04-20 09:23:39,039 - INFO - [SPEED] BTCUSDT  | Giá: 74390.71
2026-04-20 09:23:39,040 - INFO - [SPEED] BTCUSDT  | Giá: 74390.71
2026-04-20 09:23:39,040 - INFO - [SPEED] BTCUSDT  | Giá: 74390.71
2026-04-20 09:23:39,041 - INFO - [SPEED] BTCUSDT  | Giá: 74390.71
2026-04-20 09:23:39,041 - INFO - [SPEED] BTCUSDT  | Giá: 74390.71
2026-04-20 09:23:39,042 - INFO - [SPEED] BTCUSDT  | Giá: 74390.71
2026-04-20 09:23:39,042 - INFO - [SPEED] BTCUSDT  | Giá: 74390.71
2026-04-20 09:23:39,044 - INFO - [SPEED] BTCUSDT  | Giá: 74390.71
2026-04-20 09:23:39,045 - INFO - [SPEED] BTCUSDT  | Giá: 74390.71
2026-04-20 09:23:39,046 - INFO - [SPEED] BTCUSDT  | Giá: 74390.71
2026-04-20 09:23:39,046 - INFO - [SPEED] BTCUSDT  | Giá: 74390.7
2026-04-20 09:23:39,047 - INFO - [SPEED] BTCUSDT  | Giá: 74390.7
2026-04-20 09:23:39,047 - INFO - [SPEED] BTCUSDT  | Giá: 74390.7
2026-04-20 09:23:39,048 - INFO - [SPEED] BTCUSDT  | Giá: 74390.7
2026-04-20 09:23:39,049 - INFO - [SPEED] BTCUSDT  | Giá: 74390.7
2026-04-20 09:23:39,050 - INFO - [SPEED] BTCUSDT  | Giá: 74390.7
2026-04-20 09:23:39,051 - INFO - [SPEED] BTCUSDT  | Giá: 74390.7
2026-04-20 09:23:39,051 - INFO - [SPEED] BTCUSDT  | Giá: 74390.7
2026-04-20 09:23:39,051 - INFO - [SPEED] BTCUSDT  | Giá: 74390.7
2026-04-20 09:23:39,051 - INFO - [SPEED] BTCUSDT  | Giá: 74390.7
2026-04-20 09:23:39,052 - INFO - [SPEED] BTCUSDT  | Giá: 74390.7
2026-04-20 09:23:39,053 - INFO - [SPEED] BTCUSDT  | Giá: 74389.6
2026-04-20 09:23:39,054 - INFO - [SPEED] BTCUSDT  | Giá: 74389.12
2026-04-20 09:23:39,055 - INFO - [SPEED] BTCUSDT  | Giá: 74389.12
2026-04-20 09:23:39,055 - INFO - [SPEED] BTCUSDT  | Giá: 74389.12
2026-04-20 09:23:39,056 - INFO - [SPEED] ETHUSDT  | Giá: 2276.94
2026-04-20 09:23:39,057 - INFO - [SPEED] ETHUSDT  | Giá: 2276.94
2026-04-20 09:23:39,057 - INFO - [SPEED] ETHUSDT  | Giá: 2276.94
2026-04-20 09:23:39,059 - INFO - [SPEED] ETHUSDT  | Giá: 2276.94
2026-04-20 09:23:39,060 - INFO - [SPEED] ETHUSDT  | Giá: 2276.94
2026-04-20 09:23:39,061 - INFO - [SPEED] ETHUSDT  | Giá: 2276.94
2026-04-20 09:23:39,061 - INFO - [SPEED] ETHUSDT  | Giá: 2276.94
2026-04-20 09:23:39,062 - INFO - [SPEED] ETHUSDT  | Giá: 2276.94
2026-04-20 09:23:39,063 - INFO - [SPEED] ETHUSDT  | Giá: 2276.94
2026-04-20 09:23:39,063 - INFO - [SPEED] ETHUSDT  | Giá: 2276.94
2026-04-20 09:23:39,064 - INFO - [SPEED] ETHUSDT  | Giá: 2276.93
2026-04-20 09:23:39,064 - INFO - [SPEED] ETHUSDT  | Giá: 2276.93
2026-04-20 09:23:39,065 - INFO - [SPEED] ETHUSDT  | Giá: 2276.93
2026-04-20 09:23:39,066 - INFO - [SPEED] ETHUSDT  | Giá: 2276.93
2026-04-20 09:23:39,066 - INFO - [SPEED] ETHUSDT  | Giá: 2276.93
2026-04-20 09:23:39,067 - INFO - [SPEED] ETHUSDT  | Giá: 2276.93
2026-04-20 09:23:39,067 - INFO - [SPEED] ETHUSDT  | Giá: 2276.93
2026-04-20 09:23:39,068 - INFO - [SPEED] ETHUSDT  | Giá: 2276.93
2026-04-20 09:23:39,069 - INFO - [SPEED] ETHUSDT  | Giá: 2276.92
2026-04-20 09:23:39,069 - INFO - [SPEED] ETHUSDT  | Giá: 2276.92
2026-04-20 09:23:39,071 - INFO - [SPEED] ETHUSDT  | Giá: 2276.92
2026-04-20 09:23:39,071 - INFO - [SPEED] ETHUSDT  | Giá: 2276.91
2026-04-20 09:23:39,086 - ERROR - ❌ Lỗi lưu MinIO: An error occurred (NoSuchBucket) when calling the PutObject operation: The specified bucket does not exist
2026-04-20 09:23:39,086 - INFO - [SPEED] ETHUSDT  | Giá: 2276.91
2026-04-20 09:23:39,087 - INFO - [SPEED] ETHUSDT  | Giá: 2276.91
2026-04-20 09:23:39,088 - INFO - [SPEED] ETHUSDT  | Giá: 2276.9
2026-04-20 09:23:39,089 - INFO - [SPEED] ETHUSDT  | Giá: 2276.9
2026-04-20 09:23:39,090 - INFO - [SPEED] ETHUSDT  | Giá: 2276.9
2026-04-20 09:23:39,091 - INFO - [SPEED] ETHUSDT  | Giá: 2276.9
2026-04-20 09:23:39,092 - INFO - [SPEED] ETHUSDT  | Giá: 2276.89
2026-04-20 09:23:39,092 - INFO - [SPEED] ETHUSDT  | Giá: 2276.89
2026-04-20 09:23:39,093 - INFO - [SPEED] ETHUSDT  | Giá: 2276.89
2026-04-20 09:23:39,093 - INFO - [SPEED] ETHUSDT  | Giá: 2276.89
2026-04-20 09:23:39,093 - INFO - [SPEED] ETHUSDT  | Giá: 2276.89
2026-04-20 09:23:39,093 - INFO - [SPEED] ETHUSDT  | Giá: 2276.88
2026-04-20 09:23:39,095 - INFO - [SPEED] ETHUSDT  | Giá: 2276.88
2026-04-20 09:23:39,096 - INFO - [SPEED] ETHUSDT  | Giá: 2276.88
2026-04-20 09:23:39,098 - INFO - [SPEED] ETHUSDT  | Giá: 2276.88
2026-04-20 09:23:39,099 - INFO - [SPEED] ETHUSDT  | Giá: 2276.88
2026-04-20 09:23:39,100 - INFO - [SPEED] ETHUSDT  | Giá: 2276.88
2026-04-20 09:23:39,101 - INFO - [SPEED] ETHUSDT  | Giá: 2276.88
2026-04-20 09:23:39,101 - INFO - [SPEED] ETHUSDT  | Giá: 2276.88
2026-04-20 09:23:39,102 - INFO - [SPEED] ETHUSDT  | Giá: 2276.88
2026-04-20 09:23:39,103 - INFO - [SPEED] ETHUSDT  | Giá: 2276.87
2026-04-20 09:23:39,103 - INFO - [SPEED] ETHUSDT  | Giá: 2276.87
2026-04-20 09:23:39,104 - INFO - [SPEED] ETHUSDT  | Giá: 2276.86
2026-04-20 09:23:39,104 - INFO - [SPEED] ETHUSDT  | Giá: 2276.86
2026-04-20 09:23:39,105 - INFO - [SPEED] ETHUSDT  | Giá: 2276.86
2026-04-20 09:23:39,106 - INFO - [SPEED] ETHUSDT  | Giá: 2276.86
2026-04-20 09:23:39,108 - INFO - [SPEED] ETHUSDT  | Giá: 2276.86
2026-04-20 09:23:39,109 - INFO - [SPEED] ETHUSDT  | Giá: 2276.86
2026-04-20 09:23:39,110 - INFO - [SPEED] ETHUSDT  | Giá: 2276.86
2026-04-20 09:23:39,111 - INFO - [SPEED] BTCUSDT  | Giá: 74389.11
2026-04-20 09:23:39,111 - INFO - [SPEED] BTCUSDT  | Giá: 74389.11
2026-04-20 09:23:39,112 - INFO - [SPEED] BTCUSDT  | Giá: 74389.11
2026-04-20 09:23:39,112 - INFO - [SPEED] BTCUSDT  | Giá: 74389.11
2026-04-20 09:23:39,113 - INFO - [SPEED] BTCUSDT  | Giá: 74389.11
2026-04-20 09:23:39,114 - INFO - [SPEED] BTCUSDT  | Giá: 74389.11
2026-04-20 09:23:39,115 - INFO - [SPEED] BTCUSDT  | Giá: 74389.11
2026-04-20 09:23:39,115 - INFO - [SPEED] BTCUSDT  | Giá: 74389.11
2026-04-20 09:23:39,115 - INFO - [SPEED] BTCUSDT  | Giá: 74389.11
2026-04-20 09:23:39,115 - INFO - [SPEED] BTCUSDT  | Giá: 74389.11
2026-04-20 09:23:39,116 - INFO - [SPEED] BTCUSDT  | Giá: 74389.11
2026-04-20 09:23:39,116 - INFO - [SPEED] BTCUSDT  | Giá: 74389.11
2026-04-20 09:23:39,116 - INFO - [SPEED] BTCUSDT  | Giá: 74389.11
2026-04-20 09:23:39,116 - INFO - [SPEED] BTCUSDT  | Giá: 74389.11
2026-04-20 09:23:39,116 - INFO - [SPEED] BTCUSDT  | Giá: 74389.11
2026-04-20 09:23:39,116 - INFO - [SPEED] BTCUSDT  | Giá: 74389.11
2026-04-20 09:23:39,117 - INFO - [SPEED] BTCUSDT  | Giá: 74389.11
2026-04-20 09:23:39,117 - INFO - [SPEED] BTCUSDT  | Giá: 74389.11
2026-04-20 09:23:39,117 - INFO - [SPEED] BTCUSDT  | Giá: 74389.11
2026-04-20 09:23:39,117 - INFO - [SPEED] BTCUSDT  | Giá: 74389.11
2026-04-20 09:23:39,117 - INFO - [SPEED] BTCUSDT  | Giá: 74389.11
2026-04-20 09:23:39,117 - INFO - [SPEED] BTCUSDT  | Giá: 74389.11
2026-04-20 09:23:39,117 - INFO - [SPEED] BTCUSDT  | Giá: 74389.11
2026-04-20 09:23:39,118 - INFO - [SPEED] BTCUSDT  | Giá: 74389.11
2026-04-20 09:23:39,118 - INFO - [SPEED] BTCUSDT  | Giá: 74389.11
2026-04-20 09:23:39,118 - INFO - [SPEED] BTCUSDT  | Giá: 74389.11
2026-04-20 09:23:39,118 - INFO - [SPEED] BTCUSDT  | Giá: 74389.11
2026-04-20 09:23:39,118 - INFO - [SPEED] BTCUSDT  | Giá: 74389.11
2026-04-20 09:23:39,118 - INFO - [SPEED] BTCUSDT  | Giá: 74389.11
2026-04-20 09:23:39,118 - INFO - [SPEED] BTCUSDT  | Giá: 74389.1
2026-04-20 09:23:39,119 - INFO - [SPEED] BTCUSDT  | Giá: 74389.1
2026-04-20 09:23:39,119 - INFO - [SPEED] BTCUSDT  | Giá: 74389.1
2026-04-20 09:23:39,119 - INFO - [SPEED] BTCUSDT  | Giá: 74389.1
2026-04-20 09:23:39,119 - INFO - [SPEED] BTCUSDT  | Giá: 74389.1
2026-04-20 09:23:39,122 - INFO - [SPEED] BTCUSDT  | Giá: 74389.1
2026-04-20 09:23:39,124 - INFO - [SPEED] BTCUSDT  | Giá: 74389.1
2026-04-20 09:23:39,124 - INFO - [SPEED] BTCUSDT  | Giá: 74389.1
2026-04-20 09:23:39,125 - INFO - [SPEED] BTCUSDT  | Giá: 74389.1
2026-04-20 09:23:39,125 - INFO - [SPEED] BTCUSDT  | Giá: 74389.01
2026-04-20 09:23:39,125 - INFO - [SPEED] BTCUSDT  | Giá: 74388.8
2026-04-20 09:23:39,125 - INFO - [SPEED] BTCUSDT  | Giá: 74388.54
2026-04-20 09:23:39,125 - INFO - [SPEED] BTCUSDT  | Giá: 74388.0
2026-04-20 09:23:39,126 - ERROR - Lỗi Websocket: Connection to remote host was lost.
2026-04-20 09:23:39,126 - ERROR - Connection to remote host was lost. - goodbye
2026-04-20 09:23:39,140 - ERROR - ❌ Lỗi lưu MinIO: An error occurred (NoSuchBucket) when calling the PutObject operation: The specified bucket does not exist
2026-04-20 09:23:39,140 - INFO - Closing the Kafka producer with 9223372036.0 secs timeout.
2026-04-20 09:23:39,141 - INFO - <BrokerConnection node_id=1 host=kafka:9092 <connected> [IPv4 ('127.0.0.1', 9092)]>: Closing connection. 
9:23:35,790 - INFO - [SPEED] ETHUSDT  | Giá: 2275.03
2026-04-20 09:23:35,790 - INFO - [SPEED] ETHUSDT  | Giá: 2275.03
2026-04-20 09:23:35,790 - INFO - [SPEED] ETHUSDT  | Giá: 2275.03
2026-04-20 09:23:35,790 - INFO - [SPEED] ETHUSDT  | Giá: 2275.03
2026-04-20 09:23:35,791 - INFO - [SPEED] ETHUSDT  | Giá: 2275.03
2026-04-20 09:23:35,792 - INFO - [SPEED] ETHUSDT  | Giá: 2275.03
2026-04-20 09:23:35,792 - INFO - [SPEED] ETHUSDT  | Giá: 2275.02
2026-04-20 09:23:35,793 - INFO - [SPEED] ETHUSDT  | Giá: 2275.02
2026-04-20 09:23:35,793 - INFO - [SPEED] ETHUSDT  | Giá: 2275.02
2026-04-20 09:23:35,794 - INFO - [SPEED] ETHUSDT  | Giá: 2275.01
2026-04-20 09:23:35,794 - INFO - [SPEED] ETHUSDT  | Giá: 2275.01
2026-04-20 09:23:35,795 - INFO - [SPEED] ETHUSDT  | Giá: 2275.01
2026-04-20 09:23:35,796 - INFO - [SPEED] ETHUSDT  | Giá: 2275.01
2026-04-20 09:23:35,798 - INFO - [SPEED] ETHUSDT  | Giá: 2275.01
2026-04-20 09:23:35,798 - INFO - [SPEED] ETHUSDT  | Giá: 2275.01
2026-04-20 09:23:35,799 - INFO - [SPEED] ETHUSDT  | Giá: 2275.01
2026-04-20 09:23:35,800 - INFO - [SPEED] ETHUSDT  | Giá: 2275.01
2026-04-20 09:23:35,800 - INFO - [SPEED] ETHUSDT  | Giá: 2275.01
2026-04-20 09:23:35,801 - INFO - [SPEED] ETHUSDT  | Giá: 2275.01
2026-04-20 09:23:35,802 - INFO - [SPEED] ETHUSDT  | Giá: 2275.0
2026-04-20 09:23:35,803 - INFO - [SPEED] ETHUSDT  | Giá: 2275.0
2026-04-20 09:23:35,804 - INFO - [SPEED] ETHUSDT  | Giá: 2275.0
2026-04-20 09:23:35,805 - INFO - [SPEED] ETHUSDT  | Giá: 2275.0
2026-04-20 09:23:35,806 - INFO - [SPEED] ETHUSDT  | Giá: 2275.0
2026-04-20 09:23:35,808 - INFO - [SPEED] ETHUSDT  | Giá: 2275.0
2026-04-20 09:23:35,808 - INFO - [SPEED] ETHUSDT  | Giá: 2275.0
2026-04-20 09:23:35,809 - INFO - [SPEED] ETHUSDT  | Giá: 2275.0
2026-04-20 09:23:35,810 - INFO - [SPEED] ETHUSDT  | Giá: 2275.0
2026-04-20 09:23:35,810 - INFO - [SPEED] ETHUSDT  | Giá: 2275.0
2026-04-20 09:23:35,811 - INFO - [SPEED] ETHUSDT  | Giá: 2275.0
2026-04-20 09:23:35,812 - INFO - [SPEED] ETHUSDT  | Giá: 2275.0
2026-04-20 09:23:35,814 - INFO - [SPEED] ETHUSDT  | Giá: 2275.0
2026-04-20 09:23:35,815 - INFO - [SPEED] ETHUSDT  | Giá: 2275.0
2026-04-20 09:23:35,818 - INFO - [SPEED] ETHUSDT  | Giá: 2275.0
2026-04-20 09:23:35,818 - INFO - [SPEED] ETHUSDT  | Giá: 2275.0
2026-04-20 09:23:35,819 - INFO - [SPEED] ETHUSDT  | Giá: 2275.0
2026-04-20 09:23:35,821 - INFO - [SPEED] ETHUSDT  | Giá: 2275.0
2026-04-20 09:23:35,822 - INFO - [SPEED] ETHUSDT  | Giá: 2275.0
2026-04-20 09:23:35,823 - INFO - [SPEED] ETHUSDT  | Giá: 2275.0
2026-04-20 09:23:35,824 - INFO - [SPEED] ETHUSDT  | Giá: 2275.0
2026-04-20 09:23:35,825 - INFO - [SPEED] ETHUSDT  | Giá: 2275.0
2026-04-20 09:23:35,826 - INFO - [SPEED] BTCUSDT  | Giá: 74385.9
2026-04-20 09:23:35,827 - INFO - [SPEED] BTCUSDT  | Giá: 74385.9
2026-04-20 09:23:35,828 - INFO - [SPEED] BTCUSDT  | Giá: 74385.44
2026-04-20 09:23:35,828 - INFO - [SPEED] BTCUSDT  | Giá: 74385.44
2026-04-20 09:23:35,828 - INFO - [SPEED] BTCUSDT  | Giá: 74385.44
2026-04-20 09:23:35,828 - INFO - [SPEED] BTCUSDT  | Giá: 74385.44
2026-04-20 09:23:35,829 - INFO - [SPEED] BTCUSDT  | Giá: 74385.44
2026-04-20 09:23:35,829 - INFO - [SPEED] BTCUSDT  | Giá: 74385.44
2026-04-20 09:23:35,829 - INFO - [SPEED] BTCUSDT  | Giá: 74385.44
2026-04-20 09:23:35,830 - INFO - [SPEED] BTCUSDT  | Giá: 74385.44
2026-04-20 09:23:35,832 - INFO - [SPEED] BTCUSDT  | Giá: 74385.44
2026-04-20 09:23:35,832 - INFO - [SPEED] BTCUSDT  | Giá: 74385.44
2026-04-20 09:23:35,833 - INFO - [SPEED] BTCUSDT  | Giá: 74385.44
2026-04-20 09:23:35,833 - INFO - [SPEED] BTCUSDT  | Giá: 74385.44
2026-04-20 09:23:35,833 - INFO - [SPEED] BTCUSDT  | Giá: 74385.44
2026-04-20 09:23:35,834 - INFO - [SPEED] BTCUSDT  | Giá: 74385.44
2026-04-20 09:23:35,835 - INFO - [SPEED] BTCUSDT  | Giá: 74385.44
2026-04-20 09:23:35,835 - INFO - [SPEED] BTCUSDT  | Giá: 74385.44
2026-04-20 09:23:35,835 - INFO - [SPEED] BTCUSDT  | Giá: 74385.44
2026-04-20 09:23:35,837 - INFO - [SPEED] BTCUSDT  | Giá: 74385.0
2026-04-20 09:23:35,837 - INFO - [SPEED] BTCUSDT  | Giá: 74384.06
2026-04-20 09:23:35,838 - INFO - [SPEED] BTCUSDT  | Giá: 74383.92
2026-04-20 09:23:35,839 - INFO - [SPEED] BTCUSDT  | Giá: 74383.92
2026-04-20 09:23:35,840 - INFO - [SPEED] BTCUSDT  | Giá: 74383.91
2026-04-20 09:23:35,841 - INFO - [SPEED] BTCUSDT  | Giá: 74383.91
2026-04-20 09:23:35,841 - INFO - [SPEED] BTCUSDT  | Giá: 74383.91
2026-04-20 09:23:35,854 - ERROR - ❌ Lỗi lưu MinIO: An error occurred (NoSuchBucket) when calling the PutObject operation: The specified bucket does not exist
2026-04-20 09:23:35,855 - INFO - [SPEED] ETHUSDT  | Giá: 2275.0
2026-04-20 09:23:35,855 - INFO - [SPEED] ETHUSDT  | Giá: 2275.0
2026-04-20 09:23:35,856 - INFO - [SPEED] ETHUSDT  | Giá: 2275.0
2026-04-20 09:23:35,856 - INFO - [SPEED] ETHUSDT  | Giá: 2275.0
2026-04-20 09:23:35,857 - INFO - [SPEED] ETHUSDT  | Giá: 2275.0
2026-04-20 09:23:35,857 - INFO - [SPEED] ETHUSDT  | Giá: 2275.0
2026-04-20 09:23:35,858 - INFO - [SPEED] ETHUSDT  | Giá: 2275.0
2026-04-20 09:23:35,859 - INFO - [SPEED] ETHUSDT  | Giá: 2275.0
2026-04-20 09:23:35,859 - INFO - [SPEED] ETHUSDT  | Giá: 2275.0
2026-04-20 09:23:35,860 - INFO - [SPEED] ETHUSDT  | Giá: 2275.0
2026-04-20 09:23:35,861 - INFO - [SPEED] ETHUSDT  | Giá: 2275.0
2026-04-20 09:23:35,861 - INFO - [SPEED] ETHUSDT  | Giá: 2275.0
2026-04-20 09:23:35,862 - INFO - [SPEED] ETHUSDT  | Giá: 2275.0
2026-04-20 09:23:35,863 - INFO - [SPEED] ETHUSDT  | Giá: 2275.0
2026-04-20 09:23:35,863 - INFO - [SPEED] ETHUSDT  | Giá: 2275.0
2026-04-20 09:23:35,864 - INFO - [SPEED] ETHUSDT  | Giá: 2275.0
2026-04-20 09:23:35,864 - INFO - [SPEED] ETHUSDT  | Giá: 2275.0
2026-04-20 09:23:35,865 - INFO - [SPEED] ETHUSDT  | Giá: 2275.0
2026-04-20 09:23:35,865 - INFO - [SPEED] ETHUSDT  | Giá: 2275.0
2026-04-20 09:23:35,866 - INFO - [SPEED] ETHUSDT  | Giá: 2275.0
2026-04-20 09:23:35,866 - INFO - [SPEED] ETHUSDT  | Giá: 2275.0
2026-04-20 09:23:35,867 - INFO - [SPEED] ETHUSDT  | Giá: 2275.0
2026-04-20 09:23:35,868 - INFO - [SPEED] ETHUSDT  | Giá: 2275.0
2026-04-20 09:23:35,868 - INFO - [SPEED] ETHUSDT  | Giá: 2275.0
2026-04-20 09:23:35,869 - INFO - [SPEED] ETHUSDT  | Giá: 2275.0
2026-04-20 09:23:35,869 - INFO - [SPEED] ETHUSDT  | Giá: 2275.0
2026-04-20 09:23:35,870 - INFO - [SPEED] ETHUSDT  | Giá: 2275.0
2026-04-20 09:23:35,871 - INFO - [SPEED] ETHUSDT  | Giá: 2275.0
2026-04-20 09:23:35,872 - INFO - [SPEED] ETHUSDT  | Giá: 2275.0
2026-04-20 09:23:35,873 - INFO - [SPEED] ETHUSDT  | Giá: 2275.0
2026-04-20 09:23:35,874 - INFO - [SPEED] ETHUSDT  | Giá: 2275.0
2026-04-20 09:23:35,875 - INFO - [SPEED] ETHUSDT  | Giá: 2275.0
2026-04-20 09:23:35,876 - INFO - [SPEED] ETHUSDT  | Giá: 2275.0
2026-04-20 09:23:35,877 - INFO - [SPEED] ETHUSDT  | Giá: 2275.0
2026-04-20 09:23:35,877 - INFO - [SPEED] BTCUSDT  | Giá: 74383.91
2026-04-20 09:23:35,878 - INFO - [SPEED] BTCUSDT  | Giá: 74383.91
2026-04-20 09:23:35,879 - INFO - [SPEED] BTCUSDT  | Giá: 74383.91
2026-04-20 09:23:35,879 - INFO - [SPEED] BTCUSDT  | Giá: 74383.91
2026-04-20 09:23:35,880 - INFO - [SPEED] BTCUSDT  | Giá: 74383.91
2026-04-20 09:23:35,880 - INFO - [SPEED] BTCUSDT  | Giá: 74383.91
2026-04-20 09:23:35,881 - INFO - [SPEED] BTCUSDT  | Giá: 74383.91
2026-04-20 09:23:35,882 - INFO - [SPEED] BTCUSDT  | Giá: 74383.91
2026-04-20 09:23:35,882 - INFO - [SPEED] BTCUSDT  | Giá: 74383.91
2026-04-20 09:23:35,883 - INFO - [SPEED] BTCUSDT  | Giá: 74383.91
2026-04-20 09:23:35,883 - INFO - [SPEED] BTCUSDT  | Giá: 74383.91
2026-04-20 09:23:35,884 - INFO - [SPEED] BTCUSDT  | Giá: 74383.91
2026-04-20 09:23:35,884 - INFO - [SPEED] BTCUSDT  | Giá: 74383.91
2026-04-20 09:23:35,885 - INFO - [SPEED] BTCUSDT  | Giá: 74383.91
2026-04-20 09:23:35,885 - INFO - [SPEED] BTCUSDT  | Giá: 74383.91
2026-04-20 09:23:35,887 - INFO - [SPEED] BTCUSDT  | Giá: 74383.91
2026-04-20 09:23:35,887 - INFO - [SPEED] BTCUSDT  | Giá: 74383.91
2026-04-20 09:23:35,889 - INFO - [SPEED] BTCUSDT  | Giá: 74383.91
2026-04-20 09:23:35,890 - INFO - [SPEED] BTCUSDT  | Giá: 74383.91
2026-04-20 09:23:35,890 - INFO - [SPEED] BTCUSDT  | Giá: 74383.91
2026-04-20 09:23:35,891 - INFO - [SPEED] BTCUSDT  | Giá: 74383.91
2026-04-20 09:23:35,891 - INFO - [SPEED] BTCUSDT  | Giá: 74383.91
2026-04-20 09:23:35,892 - INFO - [SPEED] BTCUSDT  | Giá: 74383.91
2026-04-20 09:23:35,892 - INFO - [SPEED] BTCUSDT  | Giá: 74383.91
2026-04-20 09:23:35,893 - INFO - [SPEED] BTCUSDT  | Giá: 74383.91
2026-04-20 09:23:35,893 - INFO - [SPEED] BTCUSDT  | Giá: 74383.91
2026-04-20 09:23:35,893 - INFO - [SPEED] BTCUSDT  | Giá: 74383.91
2026-04-20 09:23:35,893 - INFO - [SPEED] BTCUSDT  | Giá: 74383.91
2026-04-20 09:23:35,894 - INFO - [SPEED] BTCUSDT  | Giá: 74383.91
2026-04-20 09:23:35,895 - INFO - [SPEED] BTCUSDT  | Giá: 74383.91
2026-04-20 09:23:35,895 - INFO - [SPEED] BTCUSDT  | Giá: 74383.91
2026-04-20 09:23:35,896 - INFO - [SPEED] BTCUSDT  | Giá: 74383.9
2026-04-20 09:23:35,898 - INFO - [SPEED] BTCUSDT  | Giá: 74383.9
2026-04-20 09:23:35,899 - INFO - [SPEED] BTCUSDT  | Giá: 74383.9
2026-04-20 09:23:35,900 - INFO - [SPEED] BTCUSDT  | Giá: 74383.9
2026-04-20 09:23:35,900 - INFO - [SPEED] BTCUSDT  | Giá: 74383.9
2026-04-20 09:23:35,901 - INFO - [SPEED] BTCUSDT  | Giá: 74383.9
2026-04-20 09:23:35,901 - INFO - [SPEED] BTCUSDT  | Giá: 74383.9
2026-04-20 09:23:35,902 - INFO - [SPEED] BTCUSDT  | Giá: 74383.9
2026-04-20 09:23:35,903 - INFO - [SPEED] BTCUSDT  | Giá: 74383.9
2026-04-20 09:23:35,904 - INFO - [SPEED] BTCUSDT  | Giá: 74383.9
2026-04-20 09:23:35,905 - INFO - [SPEED] BTCUSDT  | Giá: 74383.9
2026-04-20 09:23:35,905 - INFO - [SPEED] BTCUSDT  | Giá: 74383.9
2026-04-20 09:23:35,906 - INFO - [SPEED] BTCUSDT  | Giá: 74383.9
2026-04-20 09:23:35,906 - INFO - [SPEED] BTCUSDT  | Giá: 74383.9
2026-04-20 09:23:35,907 - INFO - [SPEED] BTCUSDT  | Giá: 74383.9
2026-04-20 09:23:35,907 - INFO - [SPEED] BTCUSDT  | Giá: 74383.9
2026-04-20 09:23:35,908 - INFO - [SPEED] BTCUSDT  | Giá: 74383.9
2026-04-20 09:23:35,909 - INFO - [SPEED] BTCUSDT  | Giá: 74383.9
2026-04-20 09:23:35,909 - INFO - [SPEED] BTCUSDT  | Giá: 74383.9
2026-04-20 09:23:35,910 - INFO - [SPEED] BTCUSDT  | Giá: 74383.9
2026-04-20 09:23:35,911 - INFO - [SPEED] BTCUSDT  | Giá: 74383.9
2026-04-20 09:23:35,912 - INFO - [SPEED] BTCUSDT  | Giá: 74383.9
2026-04-20 09:23:35,912 - INFO - [SPEED] BTCUSDT  | Giá: 74383.9
2026-04-20 09:23:35,912 - INFO - [SPEED] BTCUSDT  | Giá: 74383.9
2026-04-20 09:23:35,913 - INFO - [SPEED] BTCUSDT  | Giá: 74383.9
2026-04-20 09:23:35,914 - INFO - [SPEED] BTCUSDT  | Giá: 74383.9
2026-04-20 09:23:35,915 - INFO - [SPEED] BTCUSDT  | Giá: 74383.9
2026-04-20 09:23:35,916 - INFO - [SPEED] BTCUSDT  | Giá: 74383.9
2026-04-20 09:23:35,917 - INFO - [SPEED] BTCUSDT  | Giá: 74383.9
2026-04-20 09:23:35,918 - INFO - [SPEED] BTCUSDT  | Giá: 74383.9
2026-04-20 09:23:35,918 - INFO - [SPEED] BTCUSDT  | Giá: 74383.9
2026-04-20 09:23:35,918 - INFO - [SPEED] BTCUSDT  | Giá: 74383.89
2026-04-20 09:23:35,919 - INFO - [SPEED] BTCUSDT  | Giá: 74383.89
2026-04-20 09:23:35,919 - INFO - [SPEED] BTCUSDT  | Giá: 74383.89
2026-04-20 09:23:35,919 - INFO - [SPEED] BTCUSDT  | Giá: 74383.89
2026-04-20 09:23:35,930 - ERROR - ❌ Lỗi lưu MinIO: An error occurred (NoSuchBucket) when calling the PutObject operation: The specified bucket does not exist
2026-04-20 09:23:35,930 - INFO - [SPEED] BTCUSDT  | Giá: 74383.89
2026-04-20 09:23:35,931 - INFO - [SPEED] BTCUSDT  | Giá: 74383.89
2026-04-20 09:23:35,932 - INFO - [SPEED] BTCUSDT  | Giá: 74383.89
2026-04-20 09:23:35,932 - INFO - [SPEED] BTCUSDT  | Giá: 74383.89
2026-04-20 09:23:35,933 - INFO - [SPEED] BTCUSDT  | Giá: 74383.78
2026-04-20 09:23:35,934 - INFO - [SPEED] BTCUSDT  | Giá: 74383.49
2026-04-20 09:23:35,934 - INFO - [SPEED] BTCUSDT  | Giá: 74383.37
2026-04-20 09:23:35,936 - INFO - [SPEED] BTCUSDT  | Giá: 74383.37
2026-04-20 09:23:35,937 - INFO - [SPEED] BTCUSDT  | Giá: 74383.15
2026-04-20 09:23:35,937 - INFO - [SPEED] BTCUSDT  | Giá: 74383.05
2026-04-20 09:23:35,938 - INFO - [SPEED] BTCUSDT  | Giá: 74382.88
2026-04-20 09:23:35,938 - INFO - [SPEED] BTCUSDT  | Giá: 74382.35
2026-04-20 09:23:35,939 - INFO - [SPEED] BTCUSDT  | Giá: 74382.24
2026-04-20 09:23:35,940 - INFO - [SPEED] BTCUSDT  | Giá: 74382.24
2026-04-20 09:23:35,941 - INFO - [SPEED] BTCUSDT  | Giá: 74382.24
2026-04-20 09:23:35,941 - INFO - [SPEED] BTCUSDT  | Giá: 74382.0
2026-04-20 09:23:35,941 - INFO - [SPEED] BTCUSDT  | Giá: 74382.0
2026-04-20 09:23:35,942 - INFO - [SPEED] BTCUSDT  | Giá: 74382.0
2026-04-20 09:23:35,943 - INFO - [SPEED] BTCUSDT  | Giá: 74381.97
2026-04-20 09:23:35,944 - INFO - [SPEED] BTCUSDT  | Giá: 74381.78
2026-04-20 09:23:35,944 - INFO - [SPEED] BNBUSDT  | Giá: 620.5
2026-04-20 09:23:35,945 - INFO - [SPEED] BNBUSDT  | Giá: 620.5
2026-04-20 09:23:35,946 - INFO - [SPEED] BNBUSDT  | Giá: 620.5
2026-04-20 09:23:35,946 - INFO - [SPEED] BNBUSDT  | Giá: 620.5
2026-04-20 09:23:35,947 - INFO - [SPEED] BNBUSDT  | Giá: 620.5
2026-04-20 09:23:35,947 - INFO - [SPEED] BNBUSDT  | Giá: 620.5
2026-04-20 09:23:35,948 - INFO - [SPEED] BNBUSDT  | Giá: 620.5
2026-04-20 09:23:35,949 - INFO - [SPEED] BNBUSDT  | Giá: 620.5
2026-04-20 09:23:35,950 - INFO - [SPEED] BNBUSDT  | Giá: 620.5
2026-04-20 09:23:35,950 - INFO - [SPEED] BNBUSDT  | Giá: 620.5
2026-04-20 09:23:35,951 - INFO - [SPEED] BNBUSDT  | Giá: 620.5
2026-04-20 09:23:35,951 - INFO - [SPEED] BNBUSDT  | Giá: 620.5
2026-04-20 09:23:35,951 - INFO - [SPEED] BNBUSDT  | Giá: 620.5
2026-04-20 09:23:35,952 - INFO - [SPEED] BNBUSDT  | Giá: 620.5
2026-04-20 09:23:35,953 - INFO - [SPEED] BNBUSDT  | Giá: 620.5
2026-04-20 09:23:35,953 - INFO - [SPEED] BNBUSDT  | Giá: 620.5
2026-04-20 09:23:35,954 - INFO - [SPEED] BNBUSDT  | Giá: 620.5
2026-04-20 09:23:35,955 - INFO - [SPEED] BNBUSDT  | Giá: 620.5
2026-04-20 09:23:35,955 - INFO - [SPEED] BNBUSDT  | Giá: 620.5
2026-04-20 09:23:35,956 - INFO - [SPEED] BNBUSDT  | Giá: 620.5
2026-04-20 09:23:35,956 - INFO - [SPEED] BNBUSDT  | Giá: 620.5
2026-04-20 09:23:35,957 - INFO - [SPEED] BNBUSDT  | Giá: 620.5
2026-04-20 09:23:35,958 - INFO - [SPEED] BNBUSDT  | Giá: 620.5
2026-04-20 09:23:35,958 - INFO - [SPEED] BNBUSDT  | Giá: 620.5
2026-04-20 09:23:35,959 - INFO - [SPEED] BNBUSDT  | Giá: 620.5
2026-04-20 09:23:35,960 - INFO - [SPEED] BNBUSDT  | Giá: 620.5
2026-04-20 09:23:35,961 - INFO - [SPEED] BNBUSDT  | Giá: 620.5
2026-04-20 09:23:35,962 - INFO - [SPEED] BNBUSDT  | Giá: 620.5
2026-04-20 09:23:35,962 - INFO - [SPEED] BNBUSDT  | Giá: 620.5
2026-04-20 09:23:35,963 - INFO - [SPEED] BNBUSDT  | Giá: 620.5
2026-04-20 09:23:35,963 - INFO - [SPEED] BNBUSDT  | Giá: 620.5
2026-04-20 09:23:35,964 - INFO - [SPEED] BNBUSDT  | Giá: 620.49
2026-04-20 09:23:35,965 - INFO - [SPEED] BNBUSDT  | Giá: 620.49
2026-04-20 09:23:35,965 - INFO - [SPEED] BNBUSDT  | Giá: 620.49
2026-04-20 09:23:35,966 - INFO - [SPEED] BNBUSDT  | Giá: 620.49
2026-04-20 09:23:35,967 - INFO - [SPEED] ETHUSDT  | Giá: 2275.01
2026-04-20 09:23:35,968 - INFO - [SPEED] BTCUSDT  | Giá: 74381.2
2026-04-20 09:23:35,969 - INFO - [SPEED] BTCUSDT  | Giá: 74381.2
2026-04-20 09:23:35,969 - INFO - [SPEED] BTCUSDT  | Giá: 74381.2
2026-04-20 09:23:35,970 - INFO - [SPEED] BTCUSDT  | Giá: 74381.2
2026-04-20 09:23:35,970 - INFO - [SPEED] BTCUSDT  | Giá: 74381.2
2026-04-20 09:23:35,971 - INFO - [SPEED] BTCUSDT  | Giá: 74381.2
2026-04-20 09:23:35,972 - INFO - [SPEED] BTCUSDT  | Giá: 74381.2
2026-04-20 09:23:35,973 - INFO - [SPEED] BTCUSDT  | Giá: 74381.2
2026-04-20 09:23:35,973 - INFO - [SPEED] BTCUSDT  | Giá: 74381.2
2026-04-20 09:23:35,974 - INFO - [SPEED] BTCUSDT  | Giá: 74381.2
2026-04-20 09:23:35,974 - INFO - [SPEED] BTCUSDT  | Giá: 74381.2
2026-04-20 09:23:35,975 - INFO - [SPEED] BTCUSDT  | Giá: 74381.2
2026-04-20 09:23:35,976 - INFO - [SPEED] BTCUSDT  | Giá: 74381.2
2026-04-20 09:23:35,977 - INFO - [SPEED] BTCUSDT  | Giá: 74381.2
2026-04-20 09:23:35,977 - INFO - [SPEED] BTCUSDT  | Giá: 74381.2
2026-04-20 09:23:35,978 - INFO - [SPEED] BTCUSDT  | Giá: 74381.2
2026-04-20 09:23:35,978 - INFO - [SPEED] BTCUSDT  | Giá: 74381.2
2026-04-20 09:23:35,979 - INFO - [SPEED] BTCUSDT  | Giá: 74381.2
2026-04-20 09:23:35,979 - INFO - [SPEED] BTCUSDT  | Giá: 74381.2
2026-04-20 09:23:35,980 - INFO - [SPEED] BTCUSDT  | Giá: 74381.2
2026-04-20 09:23:35,980 - INFO - [SPEED] BTCUSDT  | Giá: 74381.2
2026-04-20 09:23:35,980 - INFO - [SPEED] BTCUSDT  | Giá: 74381.2
2026-04-20 09:23:35,981 - INFO - [SPEED] BTCUSDT  | Giá: 74381.2
2026-04-20 09:23:35,981 - INFO - [SPEED] BTCUSDT  | Giá: 74381.2
2026-04-20 09:23:35,982 - INFO - [SPEED] BTCUSDT  | Giá: 74381.2
2026-04-20 09:23:35,983 - INFO - [SPEED] BTCUSDT  | Giá: 74381.2
2026-04-20 09:23:35,984 - INFO - [SPEED] BTCUSDT  | Giá: 74381.2
2026-04-20 09:23:35,984 - INFO - [SPEED] BTCUSDT  | Giá: 74381.2
2026-04-20 09:23:35,985 - INFO - [SPEED] BTCUSDT  | Giá: 74381.2
2026-04-20 09:23:35,985 - INFO - [SPEED] BTCUSDT  | Giá: 74381.2
2026-04-20 09:23:35,986 - INFO - [SPEED] BTCUSDT  | Giá: 74381.2
2026-04-20 09:23:35,987 - INFO - [SPEED] BTCUSDT  | Giá: 74381.2
2026-04-20 09:23:35,988 - INFO - [SPEED] BTCUSDT  | Giá: 74381.2
2026-04-20 09:23:35,988 - INFO - [SPEED] BTCUSDT  | Giá: 74381.2
2026-04-20 09:23:35,989 - INFO - [SPEED] BTCUSDT  | Giá: 74381.2
2026-04-20 09:23:35,990 - INFO - [SPEED] BTCUSDT  | Giá: 74381.2
2026-04-20 09:23:35,991 - INFO - [SPEED] BTCUSDT  | Giá: 74381.2
2026-04-20 09:23:35,991 - INFO - [SPEED] BTCUSDT  | Giá: 74381.2
2026-04-20 09:23:35,992 - INFO - [SPEED] BTCUSDT  | Giá: 74381.2
2026-04-20 09:23:35,993 - INFO - [SPEED] BTCUSDT  | Giá: 74381.2
2026-04-20 09:23:35,994 - INFO - [SPEED] BTCUSDT  | Giá: 74381.19
2026-04-20 09:23:35,995 - INFO - [SPEED] BTCUSDT  | Giá: 74381.19
2026-04-20 09:23:35,995 - INFO - [SPEED] BTCUSDT  | Giá: 74381.19
2026-04-20 09:23:35,996 - INFO - [SPEED] BTCUSDT  | Giá: 74381.19
2026-04-20 09:23:36,009 - ERROR - ❌ Lỗi lưu MinIO: An error occurred (NoSuchBucket) when calling the PutObject operation: The specified bucket does not exist
2026-04-20 09:23:36,009 - INFO - [SPEED] BTCUSDT  | Giá: 74381.19
2026-04-20 09:23:36,010 - INFO - [SPEED] BTCUSDT  | Giá: 74381.19
2026-04-20 09:23:36,010 - INFO - [SPEED] BTCUSDT  | Giá: 74381.19
2026-04-20 09:23:36,011 - INFO - [SPEED] BTCUSDT  | Giá: 74381.19
2026-04-20 09:23:36,011 - INFO - [SPEED] BTCUSDT  | Giá: 74381.19
2026-04-20 09:23:36,012 - INFO - [SPEED] BTCUSDT  | Giá: 74380.91
2026-04-20 09:23:36,012 - INFO - [SPEED] BTCUSDT  | Giá: 74380.58
2026-04-20 09:23:36,013 - INFO - [SPEED] BTCUSDT  | Giá: 74380.58
2026-04-20 09:23:36,014 - INFO - [SPEED] BTCUSDT  | Giá: 74380.31
2026-04-20 09:23:36,014 - INFO - [SPEED] BTCUSDT  | Giá: 74380.31
2026-04-20 09:23:36,015 - INFO - [SPEED] BTCUSDT  | Giá: 74380.31
2026-04-20 09:23:36,016 - INFO - [SPEED] ETHUSDT  | Giá: 2275.0
2026-04-20 09:23:36,017 - INFO - [SPEED] ETHUSDT  | Giá: 2275.0
2026-04-20 09:23:36,017 - INFO - [SPEED] ETHUSDT  | Giá: 2275.0
2026-04-20 09:23:36,018 - INFO - [SPEED] ETHUSDT  | Giá: 2275.0
2026-04-20 09:23:36,018 - INFO - [SPEED] ETHUSDT  | Giá: 2275.0
2026-04-20 09:23:36,019 - INFO - [SPEED] ETHUSDT  | Giá: 2275.0
2026-04-20 09:23:36,019 - INFO - [SPEED] ETHUSDT  | Giá: 2275.0
2026-04-20 09:23:36,020 - INFO - [SPEED] ETHUSDT  | Giá: 2275.0
2026-04-20 09:23:36,021 - INFO - [SPEED] ETHUSDT  | Giá: 2275.0
2026-04-20 09:23:36,022 - INFO - [SPEED] ETHUSDT  | Giá: 2275.0
2026-04-20 09:23:36,024 - INFO - [SPEED] ETHUSDT  | Giá: 2275.0
2026-04-20 09:23:36,024 - INFO - [SPEED] ETHUSDT  | Giá: 2275.0
2026-04-20 09:23:36,025 - INFO - [SPEED] ETHUSDT  | Giá: 2275.0
2026-04-20 09:23:36,026 - INFO - [SPEED] ETHUSDT  | Giá: 2275.0
2026-04-20 09:23:36,027 - INFO - [SPEED] ETHUSDT  | Giá: 2275.0
2026-04-20 09:23:36,027 - INFO - [SPEED] ETHUSDT  | Giá: 2275.0
2026-04-20 09:23:36,028 - INFO - [SPEED] ETHUSDT  | Giá: 2275.0
2026-04-20 09:23:36,028 - INFO - [SPEED] ETHUSDT  | Giá: 2275.0
2026-04-20 09:23:36,029 - INFO - [SPEED] ETHUSDT  | Giá: 2275.0
2026-04-20 09:23:36,030 - INFO - [SPEED] ETHUSDT  | Giá: 2275.0
2026-04-20 09:23:36,031 - INFO - [SPEED] ETHUSDT  | Giá: 2275.0
2026-04-20 09:23:36,031 - INFO - [SPEED] ETHUSDT  | Giá: 2275.0
2026-04-20 09:23:36,031 - INFO - [SPEED] ETHUSDT  | Giá: 2274.99
2026-04-20 09:23:36,032 - INFO - [SPEED] ETHUSDT  | Giá: 2274.99
2026-04-20 09:23:36,033 - INFO - [SPEED] ETHUSDT  | Giá: 2274.99
2026-04-20 09:23:36,034 - INFO - [SPEED] ETHUSDT  | Giá: 2274.99
2026-04-20 09:23:36,034 - INFO - [SPEED] ETHUSDT  | Giá: 2274.99
2026-04-20 09:23:36,035 - INFO - [SPEED] ETHUSDT  | Giá: 2274.99
2026-04-20 09:23:36,036 - INFO - [SPEED] ETHUSDT  | Giá: 2274.99
2026-04-20 09:23:36,037 - INFO - [SPEED] ETHUSDT  | Giá: 2274.98
2026-04-20 09:23:36,037 - INFO - [SPEED] ETHUSDT  | Giá: 2274.98
2026-04-20 09:23:36,038 - INFO - [SPEED] ETHUSDT  | Giá: 2274.98
2026-04-20 09:23:36,039 - INFO - [SPEED] ETHUSDT  | Giá: 2274.98
2026-04-20 09:23:36,039 - INFO - [SPEED] ETHUSDT  | Giá: 2274.98
2026-04-20 09:23:36,040 - INFO - [SPEED] ETHUSDT  | Giá: 2274.98
2026-04-20 09:23:36,041 - INFO - [SPEED] ETHUSDT  | Giá: 2274.98
2026-04-20 09:23:36,041 - INFO - [SPEED] ETHUSDT  | Giá: 2274.97
2026-04-20 09:23:36,042 - INFO - [SPEED] ETHUSDT  | Giá: 2274.97
2026-04-20 09:23:36,044 - INFO - [SPEED] ETHUSDT  | Giá: 2274.97
2026-04-20 09:23:36,045 - INFO - [SPEED] ETHUSDT  | Giá: 2274.97
2026-04-20 09:23:36,046 - INFO - [SPEED] ETHUSDT  | Giá: 2274.97
2026-04-20 09:23:36,046 - INFO - [SPEED] ETHUSDT  | Giá: 2274.97
2026-04-20 09:23:36,047 - INFO - [SPEED] ETHUSDT  | Giá: 2274.97
2026-04-20 09:23:36,048 - INFO - [SPEED] ETHUSDT  | Giá: 2274.97
2026-04-20 09:23:36,048 - INFO - [SPEED] ETHUSDT  | Giá: 2274.97
2026-04-20 09:23:36,049 - INFO - [SPEED] ETHUSDT  | Giá: 2274.97
2026-04-20 09:23:36,049 - INFO - [SPEED] ETHUSDT  | Giá: 2274.96
2026-04-20 09:23:36,050 - INFO - [SPEED] ETHUSDT  | Giá: 2274.96
2026-04-20 09:23:36,050 - INFO - [SPEED] ETHUSDT  | Giá: 2274.96
2026-04-20 09:23:36,050 - INFO - [SPEED] ETHUSDT  | Giá: 2274.96
2026-04-20 09:23:36,051 - INFO - [SPEED] ETHUSDT  | Giá: 2274.96
2026-04-20 09:23:36,051 - INFO - [SPEED] ETHUSDT  | Giá: 2274.96
2026-04-20 09:23:36,052 - INFO - [SPEED] ETHUSDT  | Giá: 2274.96
2026-04-20 09:23:36,053 - INFO - [SPEED] ETHUSDT  | Giá: 2274.96
2026-04-20 09:23:36,053 - INFO - [SPEED] ETHUSDT  | Giá: 2274.96
2026-04-20 09:23:36,054 - INFO - [SPEED] ETHUSDT  | Giá: 2274.96
2026-04-20 09:23:36,055 - INFO - [SPEED] ETHUSDT  | Giá: 2274.96
2026-04-20 09:23:36,056 - INFO - [SPEED] ETHUSDT  | Giá: 2274.95
2026-04-20 09:23:36,057 - INFO - [SPEED] ETHUSDT  | Giá: 2274.95
2026-04-20 09:23:36,058 - INFO - [SPEED] ETHUSDT  | Giá: 2274.95
2026-04-20 09:23:36,058 - INFO - [SPEED] ETHUSDT  | Giá: 2274.94
2026-04-20 09:23:36,059 - INFO - [SPEED] ETHUSDT  | Giá: 2274.94
2026-04-20 09:23:36,060 - INFO - [SPEED] ETHUSDT  | Giá: 2274.94
2026-04-20 09:23:36,060 - INFO - [SPEED] ETHUSDT  | Giá: 2274.94
2026-04-20 09:23:36,061 - INFO - [SPEED] ETHUSDT  | Giá: 2274.94
2026-04-20 09:23:36,061 - INFO - [SPEED] ETHUSDT  | Giá: 2274.94
2026-04-20 09:23:36,063 - INFO - [SPEED] ETHUSDT  | Giá: 2274.94
2026-04-20 09:23:36,063 - INFO - [SPEED] ETHUSDT  | Giá: 2274.94
2026-04-20 09:23:36,064 - INFO - [SPEED] ETHUSDT  | Giá: 2274.93
2026-04-20 09:23:36,065 - INFO - [SPEED] ETHUSDT  | Giá: 2274.93
2026-04-20 09:23:36,065 - INFO - [SPEED] ETHUSDT  | Giá: 2274.93
2026-04-20 09:23:36,066 - INFO - [SPEED] ETHUSDT  | Giá: 2274.93
2026-04-20 09:23:36,068 - INFO - [SPEED] ETHUSDT  | Giá: 2274.93
2026-04-20 09:23:36,068 - INFO - [SPEED] ETHUSDT  | Giá: 2274.93
2026-04-20 09:23:36,069 - INFO - [SPEED] ETHUSDT  | Giá: 2274.91
2026-04-20 09:23:36,070 - INFO - [SPEED] ETHUSDT  | Giá: 2274.91
2026-04-20 09:23:36,070 - INFO - [SPEED] ETHUSDT  | Giá: 2274.91
2026-04-20 09:23:36,071 - INFO - [SPEED] ETHUSDT  | Giá: 2274.91
2026-04-20 09:23:36,071 - INFO - [SPEED] ETHUSDT  | Giá: 2274.91
2026-04-20 09:23:36,071 - INFO - [SPEED] ETHUSDT  | Giá: 2274.91
2026-04-20 09:23:36,072 - INFO - [SPEED] ETHUSDT  | Giá: 2274.91
2026-04-20 09:23:36,072 - INFO - [SPEED] ETHUSDT  | Giá: 2274.9
2026-04-20 09:23:36,072 - INFO - [SPEED] ETHUSDT  | Giá: 2274.9
2026-04-20 09:23:36,073 - INFO - [SPEED] ETHUSDT  | Giá: 2274.9
2026-04-20 09:23:36,074 - INFO - [SPEED] ETHUSDT  | Giá: 2274.9
2026-04-20 09:23:36,075 - INFO - [SPEED] ETHUSDT  | Giá: 2274.9
2026-04-20 09:23:36,075 - INFO - [SPEED] ETHUSDT  | Giá: 2274.9
2026-04-20 09:23:36,075 - INFO - [SPEED] ETHUSDT  | Giá: 2274.9
2026-04-20 09:23:36,076 - INFO - [SPEED] ETHUSDT  | Giá: 2274.89
2026-04-20 09:23:36,089 - ERROR - ❌ Lỗi lưu MinIO: An error occurred (NoSuchBucket) when calling the PutObject operation: The specified bucket does not exist
2026-04-20 09:23:36,089 - INFO - [SPEED] ETHUSDT  | Giá: 2274.89
2026-04-20 09:23:36,090 - INFO - [SPEED] ETHUSDT  | Giá: 2274.89
2026-04-20 09:23:36,091 - INFO - [SPEED] ETHUSDT  | Giá: 2274.88
2026-04-20 09:23:36,091 - INFO - [SPEED] ETHUSDT  | Giá: 2274.87
2026-04-20 09:23:36,092 - INFO - [SPEED] ETHUSDT  | Giá: 2274.87
2026-04-20 09:23:36,093 - INFO - [SPEED] ETHUSDT  | Giá: 2274.87
2026-04-20 09:23:36,093 - INFO - [SPEED] ETHUSDT  | Giá: 2274.87
2026-04-20 09:23:36,093 - INFO - [SPEED] ETHUSDT  | Giá: 2274.85
2026-04-20 09:23:36,094 - INFO - [SPEED] ETHUSDT  | Giá: 2274.85
2026-04-20 09:23:36,094 - INFO - [SPEED] ETHUSDT  | Giá: 2274.85
2026-04-20 09:23:36,094 - INFO - [SPEED] ETHUSDT  | Giá: 2274.85
2026-04-20 09:23:36,095 - INFO - [SPEED] ETHUSDT  | Giá: 2274.84
2026-04-20 09:23:36,096 - INFO - [SPEED] ETHUSDT  | Giá: 2274.84
2026-04-20 09:23:36,096 - INFO - [SPEED] ETHUSDT  | Giá: 2274.84
2026-04-20 09:23:36,097 - INFO - [SPEED] ETHUSDT  | Giá: 2274.82
2026-04-20 09:23:36,097 - INFO - [SPEED] ETHUSDT  | Giá: 2274.82
2026-04-20 09:23:36,098 - INFO - [SPEED] ETHUSDT  | Giá: 2274.82
2026-04-20 09:23:36,098 - INFO - [SPEED] ETHUSDT  | Giá: 2274.82
2026-04-20 09:23:36,099 - INFO - [SPEED] ETHUSDT  | Giá: 2274.82
2026-04-20 09:23:36,101 - INFO - [SPEED] ETHUSDT  | Giá: 2274.82
2026-04-20 09:23:36,102 - INFO - [SPEED] ETHUSDT  | Giá: 2274.82
2026-04-20 09:23:36,103 - INFO - [SPEED] ETHUSDT  | Giá: 2274.81
2026-04-20 09:23:36,104 - INFO - [SPEED] ETHUSDT  | Giá: 2274.81
2026-04-20 09:23:36,104 - INFO - [SPEED] ETHUSDT  | Giá: 2274.81
2026-04-20 09:23:36,106 - INFO - [SPEED] ETHUSDT  | Giá: 2274.81
2026-04-20 09:23:36,106 - INFO - [SPEED] ETHUSDT  | Giá: 2274.81
2026-04-20 09:23:36,107 - INFO - [SPEED] ETHUSDT  | Giá: 2274.81
2026-04-20 09:23:36,108 - INFO - [SPEED] ETHUSDT  | Giá: 2274.8
2026-04-20 09:23:36,108 - INFO - [SPEED] ETHUSDT  | Giá: 2274.8
2026-04-20 09:23:36,109 - INFO - [SPEED] ETHUSDT  | Giá: 2274.8
2026-04-20 09:23:36,109 - INFO - [SPEED] ETHUSDT  | Giá: 2274.8
2026-04-20 09:23:36,110 - INFO - [SPEED] ETHUSDT  | Giá: 2274.8
2026-04-20 09:23:36,110 - INFO - [SPEED] ETHUSDT  | Giá: 2274.8
2026-04-20 09:23:36,111 - INFO - [SPEED] ETHUSDT  | Giá: 2274.8
2026-04-20 09:23:36,112 - INFO - [SPEED] ETHUSDT  | Giá: 2274.8
2026-04-20 09:23:36,112 - INFO - [SPEED] ETHUSDT  | Giá: 2274.8
2026-04-20 09:23:36,113 - INFO - [SPEED] ETHUSDT  | Giá: 2274.8
2026-04-20 09:23:36,114 - INFO - [SPEED] ETHUSDT  | Giá: 2274.79
2026-04-20 09:23:36,115 - INFO - [SPEED] ETHUSDT  | Giá: 2274.79
2026-04-20 09:23:36,115 - INFO - [SPEED] ETHUSDT  | Giá: 2274.79
2026-04-20 09:23:36,117 - INFO - [SPEED] ETHUSDT  | Giá: 2274.78
2026-04-20 09:23:36,117 - INFO - [SPEED] ETHUSDT  | Giá: 2274.78
2026-04-20 09:23:36,118 - INFO - [SPEED] ETHUSDT  | Giá: 2274.78
2026-04-20 09:23:36,118 - INFO - [SPEED] ETHUSDT  | Giá: 2274.78
2026-04-20 09:23:36,118 - INFO - [SPEED] ETHUSDT  | Giá: 2274.77
2026-04-20 09:23:36,119 - INFO - [SPEED] ETHUSDT  | Giá: 2274.76
2026-04-20 09:23:36,120 - INFO - [SPEED] ETHUSDT  | Giá: 2274.76
2026-04-20 09:23:36,120 - INFO - [SPEED] ETHUSDT  | Giá: 2274.76
2026-04-20 09:23:36,122 - INFO - [SPEED] ETHUSDT  | Giá: 2274.76
2026-04-20 09:23:36,123 - INFO - [SPEED] ETHUSDT  | Giá: 2274.76
2026-04-20 09:23:36,123 - INFO - [SPEED] ETHUSDT  | Giá: 2274.76
2026-04-20 09:23:36,123 - INFO - [SPEED] ETHUSDT  | Giá: 2274.74
2026-04-20 09:23:36,124 - INFO - [SPEED] ETHUSDT  | Giá: 2274.74
2026-04-20 09:23:36,125 - INFO - [SPEED] ETHUSDT  | Giá: 2274.74
2026-04-20 09:23:36,126 - INFO - [SPEED] ETHUSDT  | Giá: 2274.74
2026-04-20 09:23:36,127 - INFO - [SPEED] ETHUSDT  | Giá: 2274.74
2026-04-20 09:23:36,129 - INFO - [SPEED] ETHUSDT  | Giá: 2274.73
2026-04-20 09:23:36,129 - INFO - [SPEED] ETHUSDT  | Giá: 2274.73
2026-04-20 09:23:36,129 - INFO - [SPEED] ETHUSDT  | Giá: 2274.73
2026-04-20 09:23:36,129 - INFO - [SPEED] ETHUSDT  | Giá: 2274.73
2026-04-20 09:23:36,131 - INFO - [SPEED] ETHUSDT  | Giá: 2274.73
2026-04-20 09:23:36,131 - INFO - [SPEED] ETHUSDT  | Giá: 2274.73
2026-04-20 09:23:36,132 - INFO - [SPEED] ETHUSDT  | Giá: 2274.72
2026-04-20 09:23:36,133 - INFO - [SPEED] ETHUSDT  | Giá: 2274.72
2026-04-20 09:23:36,133 - INFO - [SPEED] ETHUSDT  | Giá: 2274.72
2026-04-20 09:23:36,134 - INFO - [SPEED] ETHUSDT  | Giá: 2274.72
2026-04-20 09:23:36,135 - INFO - [SPEED] ETHUSDT  | Giá: 2274.71
2026-04-20 09:23:36,135 - INFO - [SPEED] ETHUSDT  | Giá: 2274.71
2026-04-20 09:23:36,136 - INFO - [SPEED] ETHUSDT  | Giá: 2274.71
2026-04-20 09:23:36,137 - INFO - [SPEED] ETHUSDT  | Giá: 2274.71
2026-04-20 09:23:36,138 - INFO - [SPEED] ETHUSDT  | Giá: 2274.71
2026-04-20 09:23:36,139 - INFO - [SPEED] BTCUSDT  | Giá: 74380.31
2026-04-20 09:23:36,139 - INFO - [SPEED] BNBUSDT  | Giá: 620.48
2026-04-20 09:23:36,140 - INFO - [SPEED] BNBUSDT  | Giá: 620.48
2026-04-20 09:23:36,141 - INFO - [SPEED] BNBUSDT  | Giá: 620.48
2026-04-20 09:23:36,142 - INFO - [SPEED] BNBUSDT  | Giá: 620.48
2026-04-20 09:23:36,143 - INFO - [SPEED] BNBUSDT  | Giá: 620.48
2026-04-20 09:23:36,143 - INFO - [SPEED] BNBUSDT  | Giá: 620.48
2026-04-20 09:23:36,143 - INFO - [SPEED] BNBUSDT  | Giá: 620.48
2026-04-20 09:23:36,144 - INFO - [SPEED] BNBUSDT  | Giá: 620.48
2026-04-20 09:23:36,145 - INFO - [SPEED] BNBUSDT  | Giá: 620.48
2026-04-20 09:23:36,145 - INFO - [SPEED] BNBUSDT  | Giá: 620.48
2026-04-20 09:23:36,146 - INFO - [SPEED] BNBUSDT  | Giá: 620.48
2026-04-20 09:23:36,147 - INFO - [SPEED] BNBUSDT  | Giá: 620.48
2026-04-20 09:23:36,148 - INFO - [SPEED] BNBUSDT  | Giá: 620.48
2026-04-20 09:23:36,149 - INFO - [SPEED] BNBUSDT  | Giá: 620.47
2026-04-20 09:23:36,149 - INFO - [SPEED] BNBUSDT  | Giá: 620.47
2026-04-20 09:23:36,150 - INFO - [SPEED] BNBUSDT  | Giá: 620.47
2026-04-20 09:23:36,151 - INFO - [SPEED] BTCUSDT  | Giá: 74380.31
2026-04-20 09:23:36,151 - INFO - [SPEED] BNBUSDT  | Giá: 620.46
2026-04-20 09:23:36,152 - INFO - [SPEED] BNBUSDT  | Giá: 620.46
2026-04-20 09:23:36,152 - INFO - [SPEED] BNBUSDT  | Giá: 620.46
2026-04-20 09:23:36,152 - INFO - [SPEED] BNBUSDT  | Giá: 620.46
2026-04-20 09:23:36,153 - INFO - [SPEED] BNBUSDT  | Giá: 620.46
2026-04-20 09:23:36,153 - INFO - [SPEED] BNBUSDT  | Giá: 620.46
2026-04-20 09:23:36,154 - INFO - [SPEED] BNBUSDT  | Giá: 620.46
2026-04-20 09:23:36,154 - INFO - [SPEED] BNBUSDT  | Giá: 620.46
2026-04-20 09:23:36,155 - INFO - [SPEED] BNBUSDT  | Giá: 620.46
2026-04-20 09:23:36,157 - INFO - [SPEED] SOLUSDT  | Giá: 83.94
2026-04-20 09:23:36,157 - INFO - [SPEED] SOLUSDT  | Giá: 83.94
2026-04-20 09:23:36,168 - ERROR - ❌ Lỗi lưu MinIO: An error occurred (NoSuchBucket) when calling the PutObject operation: The specified bucket does not exist
2026-04-20 09:23:36,169 - INFO - [SPEED] SOLUSDT  | Giá: 83.94
2026-04-20 09:23:36,169 - INFO - [SPEED] SOLUSDT  | Giá: 83.94
2026-04-20 09:23:36,170 - INFO - [SPEED] SOLUSDT  | Giá: 83.94
2026-04-20 09:23:36,170 - INFO - [SPEED] SOLUSDT  | Giá: 83.94
2026-04-20 09:23:36,171 - INFO - [SPEED] SOLUSDT  | Giá: 83.94
2026-04-20 09:23:36,171 - INFO - [SPEED] SOLUSDT  | Giá: 83.94
2026-04-20 09:23:36,172 - INFO - [SPEED] SOLUSDT  | Giá: 83.94
2026-04-20 09:23:36,173 - INFO - [SPEED] SOLUSDT  | Giá: 83.94
2026-04-20 09:23:36,173 - INFO - [SPEED] SOLUSDT  | Giá: 83.94
2026-04-20 09:23:36,174 - INFO - [SPEED] BNBUSDT  | Giá: 620.46
2026-04-20 09:23:36,175 - INFO - [SPEED] BNBUSDT  | Giá: 620.46
2026-04-20 09:23:36,176 - INFO - [SPEED] BNBUSDT  | Giá: 620.46
2026-04-20 09:23:36,177 - INFO - [SPEED] BNBUSDT  | Giá: 620.46
2026-04-20 09:23:36,177 - INFO - [SPEED] BNBUSDT  | Giá: 620.46
2026-04-20 09:23:36,178 - INFO - [SPEED] BNBUSDT  | Giá: 620.46
2026-04-20 09:23:36,179 - INFO - [SPEED] BNBUSDT  | Giá: 620.46
2026-04-20 09:23:36,180 - INFO - [SPEED] BTCUSDT  | Giá: 74380.31
2026-04-20 09:23:36,181 - INFO - [SPEED] BTCUSDT  | Giá: 74380.31
2026-04-20 09:23:36,181 - INFO - [SPEED] BTCUSDT  | Giá: 74380.31
2026-04-20 09:23:36,182 - INFO - [SPEED] BTCUSDT  | Giá: 74380.31
2026-04-20 09:23:36,183 - INFO - [SPEED] BTCUSDT  | Giá: 74380.31
2026-04-20 09:23:36,184 - INFO - [SPEED] BTCUSDT  | Giá: 74380.31
2026-04-20 09:23:36,184 - INFO - [SPEED] BTCUSDT  | Giá: 74380.31
2026-04-20 09:23:36,185 - INFO - [SPEED] BTCUSDT  | Giá: 74380.31
2026-04-20 09:23:36,185 - INFO - [SPEED] BTCUSDT  | Giá: 74380.31
2026-04-20 09:23:36,186 - INFO - [SPEED] BTCUSDT  | Giá: 74380.31
2026-04-20 09:23:36,186 - INFO - [SPEED] BTCUSDT  | Giá: 74380.31
2026-04-20 09:23:36,187 - INFO - [SPEED] BTCUSDT  | Giá: 74380.31
2026-04-20 09:23:36,189 - INFO - [SPEED] BTCUSDT  | Giá: 74380.31
2026-04-20 09:23:36,189 - INFO - [SPEED] BTCUSDT  | Giá: 74380.31
2026-04-20 09:23:36,190 - INFO - [SPEED] BTCUSDT  | Giá: 74380.31
2026-04-20 09:23:36,190 - INFO - [SPEED] BTCUSDT  | Giá: 74380.31
2026-04-20 09:23:36,191 - INFO - [SPEED] BTCUSDT  | Giá: 74380.31
2026-04-20 09:23:36,192 - INFO - [SPEED] BTCUSDT  | Giá: 74380.31
2026-04-20 09:23:36,192 - INFO - [SPEED] BTCUSDT  | Giá: 74380.31
2026-04-20 09:23:36,192 - INFO - [SPEED] BTCUSDT  | Giá: 74380.31
2026-04-20 09:23:36,193 - INFO - [SPEED] SOLUSDT  | Giá: 83.94
2026-04-20 09:23:36,194 - INFO - [SPEED] SOLUSDT  | Giá: 83.94
2026-04-20 09:23:36,195 - INFO - [SPEED] SOLUSDT  | Giá: 83.94
2026-04-20 09:23:36,195 - INFO - [SPEED] SOLUSDT  | Giá: 83.94
2026-04-20 09:23:36,196 - INFO - [SPEED] SOLUSDT  | Giá: 83.94
2026-04-20 09:23:36,198 - INFO - [SPEED] BNBUSDT  | Giá: 620.45
2026-04-20 09:23:36,198 - INFO - [SPEED] BNBUSDT  | Giá: 620.45
2026-04-20 09:23:36,199 - INFO - [SPEED] BNBUSDT  | Giá: 620.45
2026-04-20 09:23:36,200 - INFO - [SPEED] BNBUSDT  | Giá: 620.45
2026-04-20 09:23:36,200 - INFO - [SPEED] BNBUSDT  | Giá: 620.45
2026-04-20 09:23:36,201 - INFO - [SPEED] BNBUSDT  | Giá: 620.45
2026-04-20 09:23:36,202 - INFO - [SPEED] BNBUSDT  | Giá: 620.45
2026-04-20 09:23:36,203 - INFO - [SPEED] BNBUSDT  | Giá: 620.45
2026-04-20 09:23:36,203 - INFO - [SPEED] BNBUSDT  | Giá: 620.45
2026-04-20 09:23:36,204 - INFO - [SPEED] BNBUSDT  | Giá: 620.45
2026-04-20 09:23:36,205 - INFO - [SPEED] BNBUSDT  | Giá: 620.45
2026-04-20 09:23:36,205 - INFO - [SPEED] BNBUSDT  | Giá: 620.45
2026-04-20 09:23:36,206 - INFO - [SPEED] BNBUSDT  | Giá: 620.45
2026-04-20 09:23:36,206 - INFO - [SPEED] BNBUSDT  | Giá: 620.45
2026-04-20 09:23:36,206 - INFO - [SPEED] BNBUSDT  | Giá: 620.45
2026-04-20 09:23:36,206 - INFO - [SPEED] BNBUSDT  | Giá: 620.45
2026-04-20 09:23:36,207 - INFO - [SPEED] BNBUSDT  | Giá: 620.45
2026-04-20 09:23:36,208 - INFO - [SPEED] BNBUSDT  | Giá: 620.45
2026-04-20 09:23:36,208 - INFO - [SPEED] BNBUSDT  | Giá: 620.45
2026-04-20 09:23:36,209 - INFO - [SPEED] BNBUSDT  | Giá: 620.45
2026-04-20 09:23:36,209 - INFO - [SPEED] BNBUSDT  | Giá: 620.45
2026-04-20 09:23:36,210 - INFO - [SPEED] BNBUSDT  | Giá: 620.45
2026-04-20 09:23:36,210 - INFO - [SPEED] BNBUSDT  | Giá: 620.45
2026-04-20 09:23:36,211 - INFO - [SPEED] BNBUSDT  | Giá: 620.45
2026-04-20 09:23:36,212 - INFO - [SPEED] BNBUSDT  | Giá: 620.45
2026-04-20 09:23:36,213 - INFO - [SPEED] BNBUSDT  | Giá: 620.45
2026-04-20 09:23:36,213 - INFO - [SPEED] BNBUSDT  | Giá: 620.45
2026-04-20 09:23:36,213 - INFO - [SPEED] BNBUSDT  | Giá: 620.44
2026-04-20 09:23:36,214 - INFO - [SPEED] BNBUSDT  | Giá: 620.44
2026-04-20 09:23:36,214 - INFO - [SPEED] BNBUSDT  | Giá: 620.44
2026-04-20 09:23:36,215 - INFO - [SPEED] BNBUSDT  | Giá: 620.43
2026-04-20 09:23:36,216 - INFO - [SPEED] BNBUSDT  | Giá: 620.43
2026-04-20 09:23:36,216 - INFO - [SPEED] BNBUSDT  | Giá: 620.43
2026-04-20 09:23:36,216 - INFO - [SPEED] BNBUSDT  | Giá: 620.42
2026-04-20 09:23:36,216 - INFO - [SPEED] BNBUSDT  | Giá: 620.42
2026-04-20 09:23:36,217 - INFO - [SPEED] BNBUSDT  | Giá: 620.42
2026-04-20 09:23:36,218 - INFO - [SPEED] BNBUSDT  | Giá: 620.41
2026-04-20 09:23:36,218 - INFO - [SPEED] BNBUSDT  | Giá: 620.41
2026-04-20 09:23:36,219 - INFO - [SPEED] BNBUSDT  | Giá: 620.41
2026-04-20 09:23:36,219 - INFO - [SPEED] BNBUSDT  | Giá: 620.4
2026-04-20 09:23:36,220 - INFO - [SPEED] BNBUSDT  | Giá: 620.4
2026-04-20 09:23:36,221 - INFO - [SPEED] BNBUSDT  | Giá: 620.4
2026-04-20 09:23:36,221 - INFO - [SPEED] BNBUSDT  | Giá: 620.39
2026-04-20 09:23:36,221 - INFO - [SPEED] BNBUSDT  | Giá: 620.38
2026-04-20 09:23:36,222 - INFO - [SPEED] BNBUSDT  | Giá: 620.37
2026-04-20 09:23:36,223 - INFO - [SPEED] BNBUSDT  | Giá: 620.37
2026-04-20 09:23:36,224 - INFO - [SPEED] BNBUSDT  | Giá: 620.37
2026-04-20 09:23:36,225 - INFO - [SPEED] BNBUSDT  | Giá: 620.37
2026-04-20 09:23:36,225 - INFO - [SPEED] BNBUSDT  | Giá: 620.37
2026-04-20 09:23:36,226 - INFO - [SPEED] BNBUSDT  | Giá: 620.37
2026-04-20 09:23:36,227 - INFO - [SPEED] BTCUSDT  | Giá: 74380.31
2026-04-20 09:23:36,228 - INFO - [SPEED] BTCUSDT  | Giá: 74380.31
2026-04-20 09:23:36,229 - INFO - [SPEED] BTCUSDT  | Giá: 74380.31
2026-04-20 09:23:36,229 - INFO - [SPEED] BTCUSDT  | Giá: 74380.31
2026-04-20 09:23:36,230 - INFO - [SPEED] BTCUSDT  | Giá: 74380.31
2026-04-20 09:23:36,231 - INFO - [SPEED] BTCUSDT  | Giá: 74380.31
2026-04-20 09:23:36,232 - INFO - [SPEED] BTCUSDT  | Giá: 74380.31
2026-04-20 09:23:36,232 - INFO - [SPEED] BTCUSDT  | Giá: 74380.31
2026-04-20 09:23:36,233 - INFO - [SPEED] BTCUSDT  | Giá: 74380.31
2026-04-20 09:23:36,244 - ERROR - ❌ Lỗi lưu MinIO: An error occurred (NoSuchBucket) when calling the PutObject operation: The specified bucket does not exist
2026-04-20 09:23:36,244 - INFO - [SPEED] BTCUSDT  | Giá: 74380.31
2026-04-20 09:23:36,245 - INFO - [SPEED] BTCUSDT  | Giá: 74380.31
2026-04-20 09:23:36,245 - INFO - [SPEED] BTCUSDT  | Giá: 74380.31
2026-04-20 09:23:36,246 - INFO - [SPEED] BTCUSDT  | Giá: 74380.31
2026-04-20 09:23:36,247 - INFO - [SPEED] BTCUSDT  | Giá: 74380.31
2026-04-20 09:23:36,247 - INFO - [SPEED] BTCUSDT  | Giá: 74380.31
2026-04-20 09:23:36,248 - INFO - [SPEED] BTCUSDT  | Giá: 74380.31
2026-04-20 09:23:36,248 - INFO - [SPEED] BTCUSDT  | Giá: 74380.31
2026-04-20 09:23:36,249 - INFO - [SPEED] BTCUSDT  | Giá: 74380.31
2026-04-20 09:23:36,250 - INFO - [SPEED] BTCUSDT  | Giá: 74380.31
2026-04-20 09:23:36,250 - INFO - [SPEED] BTCUSDT  | Giá: 74380.31
2026-04-20 09:23:36,251 - INFO - [SPEED] BTCUSDT  | Giá: 74380.3
2026-04-20 09:23:36,251 - INFO - [SPEED] BTCUSDT  | Giá: 74380.3
2026-04-20 09:23:36,252 - INFO - [SPEED] BTCUSDT  | Giá: 74380.3
2026-04-20 09:23:36,252 - INFO - [SPEED] BTCUSDT  | Giá: 74380.3
2026-04-20 09:23:36,253 - INFO - [SPEED] BTCUSDT  | Giá: 74380.3
2026-04-20 09:23:36,254 - INFO - [SPEED] BTCUSDT  | Giá: 74380.3
2026-04-20 09:23:36,255 - INFO - [SPEED] BTCUSDT  | Giá: 74380.3
2026-04-20 09:23:36,256 - INFO - [SPEED] BTCUSDT  | Giá: 74380.3
2026-04-20 09:23:36,257 - INFO - [SPEED] BTCUSDT  | Giá: 74380.3
2026-04-20 09:23:36,258 - INFO - [SPEED] BTCUSDT  | Giá: 74380.3
2026-04-20 09:23:36,259 - INFO - [SPEED] BTCUSDT  | Giá: 74380.3
2026-04-20 09:23:36,260 - INFO - [SPEED] BTCUSDT  | Giá: 74380.3
2026-04-20 09:23:36,260 - INFO - [SPEED] BTCUSDT  | Giá: 74380.3
2026-04-20 09:23:36,261 - INFO - [SPEED] BTCUSDT  | Giá: 74380.3
2026-04-20 09:23:36,262 - INFO - [SPEED] BTCUSDT  | Giá: 74380.3
2026-04-20 09:23:36,262 - INFO - [SPEED] BTCUSDT  | Giá: 74380.3
2026-04-20 09:23:36,263 - INFO - [SPEED] BTCUSDT  | Giá: 74380.3
2026-04-20 09:23:36,263 - INFO - [SPEED] BTCUSDT  | Giá: 74380.3
2026-04-20 09:23:36,264 - INFO - [SPEED] BTCUSDT  | Giá: 74380.3
2026-04-20 09:23:36,265 - INFO - [SPEED] BTCUSDT  | Giá: 74380.3
2026-04-20 09:23:36,265 - INFO - [SPEED] BTCUSDT  | Giá: 74380.3
2026-04-20 09:23:36,266 - INFO - [SPEED] BTCUSDT  | Giá: 74380.3
2026-04-20 09:23:36,266 - INFO - [SPEED] BTCUSDT  | Giá: 74380.3
2026-04-20 09:23:36,267 - INFO - [SPEED] BTCUSDT  | Giá: 74380.3
2026-04-20 09:23:36,267 - INFO - [SPEED] BTCUSDT  | Giá: 74380.3
2026-04-20 09:23:36,268 - INFO - [SPEED] BTCUSDT  | Giá: 74380.3
2026-04-20 09:23:36,268 - INFO - [SPEED] BTCUSDT  | Giá: 74380.29
2026-04-20 09:23:36,269 - INFO - [SPEED] BTCUSDT  | Giá: 74380.29
2026-04-20 09:23:36,270 - INFO - [SPEED] BTCUSDT  | Giá: 74380.29
2026-04-20 09:23:36,270 - INFO - [SPEED] BTCUSDT  | Giá: 74380.29
2026-04-20 09:23:36,271 - INFO - [SPEED] BTCUSDT  | Giá: 74380.29
2026-04-20 09:23:36,271 - INFO - [SPEED] BTCUSDT  | Giá: 74380.29
2026-04-20 09:23:36,272 - INFO - [SPEED] BTCUSDT  | Giá: 74380.29
2026-04-20 09:23:36,273 - INFO - [SPEED] BTCUSDT  | Giá: 74380.29
2026-04-20 09:23:36,273 - INFO - [SPEED] BTCUSDT  | Giá: 74380.29
2026-04-20 09:23:36,274 - INFO - [SPEED] BTCUSDT  | Giá: 74380.02
2026-04-20 09:23:36,274 - INFO - [SPEED] BTCUSDT  | Giá: 74380.02
2026-04-20 09:23:36,274 - INFO - [SPEED] BTCUSDT  | Giá: 74380.02
2026-04-20 09:23:36,275 - INFO - [SPEED] BTCUSDT  | Giá: 74380.02
2026-04-20 09:23:36,277 - INFO - [SPEED] BTCUSDT  | Giá: 74380.02
2026-04-20 09:23:36,278 - INFO - [SPEED] BTCUSDT  | Giá: 74380.02
2026-04-20 09:23:36,278 - INFO - [SPEED] BTCUSDT  | Giá: 74380.02
2026-04-20 09:23:36,279 - INFO - [SPEED] BTCUSDT  | Giá: 74380.02
2026-04-20 09:23:36,280 - INFO - [SPEED] BTCUSDT  | Giá: 74380.02
2026-04-20 09:23:36,280 - INFO - [SPEED] BTCUSDT  | Giá: 74380.02
2026-04-20 09:23:36,281 - INFO - [SPEED] BTCUSDT  | Giá: 74380.02
2026-04-20 09:23:36,281 - INFO - [SPEED] BTCUSDT  | Giá: 74380.02
2026-04-20 09:23:36,282 - INFO - [SPEED] BTCUSDT  | Giá: 74380.02
2026-04-20 09:23:36,283 - INFO - [SPEED] BTCUSDT  | Giá: 74380.02
2026-04-20 09:23:36,284 - INFO - [SPEED] BTCUSDT  | Giá: 74380.02
2026-04-20 09:23:36,285 - INFO - [SPEED] BTCUSDT  | Giá: 74380.02
2026-04-20 09:23:36,286 - INFO - [SPEED] BTCUSDT  | Giá: 74380.02
2026-04-20 09:23:36,286 - INFO - [SPEED] BTCUSDT  | Giá: 74380.02
2026-04-20 09:23:36,286 - INFO - [SPEED] BTCUSDT  | Giá: 74380.02
2026-04-20 09:23:36,287 - INFO - [SPEED] BTCUSDT  | Giá: 74380.02
2026-04-20 09:23:36,288 - INFO - [SPEED] BTCUSDT  | Giá: 74380.02
2026-04-20 09:23:36,289 - INFO - [SPEED] BTCUSDT  | Giá: 74380.01
2026-04-20 09:23:36,289 - INFO - [SPEED] BTCUSDT  | Giá: 74380.01
2026-04-20 09:23:36,290 - INFO - [SPEED] BTCUSDT  | Giá: 74380.01
2026-04-20 09:23:36,291 - INFO - [SPEED] BTCUSDT  | Giá: 74380.01
2026-04-20 09:23:36,292 - INFO - [SPEED] BTCUSDT  | Giá: 74380.01
2026-04-20 09:23:36,292 - INFO - [SPEED] BTCUSDT  | Giá: 74380.01
2026-04-20 09:23:36,294 - INFO - [SPEED] BTCUSDT  | Giá: 74380.01
2026-04-20 09:23:36,294 - INFO - [SPEED] BTCUSDT  | Giá: 74380.01
2026-04-20 09:23:36,295 - INFO - [SPEED] BTCUSDT  | Giá: 74380.01
2026-04-20 09:23:36,295 - INFO - [SPEED] BTCUSDT  | Giá: 74380.0
2026-04-20 09:23:36,296 - INFO - [SPEED] BTCUSDT  | Giá: 74380.0
2026-04-20 09:23:36,296 - INFO - [SPEED] BTCUSDT  | Giá: 74380.0
2026-04-20 09:23:36,296 - INFO - [SPEED] BTCUSDT  | Giá: 74380.0
2026-04-20 09:23:36,297 - INFO - [SPEED] BTCUSDT  | Giá: 74379.69
2026-04-20 09:23:36,298 - INFO - [SPEED] BTCUSDT  | Giá: 74379.68
2026-04-20 09:23:36,298 - INFO - [SPEED] ETHUSDT  | Giá: 2274.7
2026-04-20 09:23:36,299 - INFO - [SPEED] ETHUSDT  | Giá: 2274.7
2026-04-20 09:23:36,300 - INFO - [SPEED] ETHUSDT  | Giá: 2274.7
2026-04-20 09:23:36,300 - INFO - [SPEED] ETHUSDT  | Giá: 2274.7
2026-04-20 09:23:36,301 - INFO - [SPEED] ETHUSDT  | Giá: 2274.7
2026-04-20 09:23:36,301 - INFO - [SPEED] ETHUSDT  | Giá: 2274.7
2026-04-20 09:23:36,302 - INFO - [SPEED] ETHUSDT  | Giá: 2274.7
2026-04-20 09:23:36,303 - INFO - [SPEED] ETHUSDT  | Giá: 2274.7
2026-04-20 09:23:36,304 - INFO - [SPEED] ETHUSDT  | Giá: 2274.7
2026-04-20 09:23:36,304 - INFO - [SPEED] ETHUSDT  | Giá: 2274.7
2026-04-20 09:23:36,305 - INFO - [SPEED] ETHUSDT  | Giá: 2274.7
2026-04-20 09:23:36,306 - INFO - [SPEED] ETHUSDT  | Giá: 2274.7
2026-04-20 09:23:36,306 - INFO - [SPEED] ETHUSDT  | Giá: 2274.7
2026-04-20 09:23:36,307 - INFO - [SPEED] ETHUSDT  | Giá: 2274.7
2026-04-20 09:23:36,307 - INFO - [SPEED] ETHUSDT  | Giá: 2274.69
2026-04-20 09:23:36,308 - INFO - [SPEED] ETHUSDT  | Giá: 2274.69
2026-04-20 09:23:36,308 - INFO - [SPEED] ETHUSDT  | Giá: 2274.69
2026-04-20 09:23:36,309 - INFO - [SPEED] ETHUSDT  | Giá: 2274.68
2026-04-20 09:23:36,319 - ERROR - ❌ Lỗi lưu MinIO: An error occurred (NoSuchBucket) when calling the PutObject operation: The specified bucket does not exist
2026-04-20 09:23:36,320 - INFO - [SPEED] ETHUSDT  | Giá: 2274.68
2026-04-20 09:23:36,320 - INFO - [SPEED] ETHUSDT  | Giá: 2274.68
2026-04-20 09:23:36,321 - INFO - [SPEED] ETHUSDT  | Giá: 2274.67
2026-04-20 09:23:36,321 - INFO - [SPEED] ETHUSDT  | Giá: 2274.67
2026-04-20 09:23:36,322 - INFO - [SPEED] ETHUSDT  | Giá: 2274.67
2026-04-20 09:23:36,323 - INFO - [SPEED] ETHUSDT  | Giá: 2274.66
2026-04-20 09:23:36,323 - INFO - [SPEED] ETHUSDT  | Giá: 2274.66
2026-04-20 09:23:36,324 - INFO - [SPEED] ETHUSDT  | Giá: 2274.66
2026-04-20 09:23:36,326 - INFO - [SPEED] ETHUSDT  | Giá: 2274.66
2026-04-20 09:23:36,326 - INFO - [SPEED] ETHUSDT  | Giá: 2274.66
2026-04-20 09:23:36,327 - INFO - [SPEED] ETHUSDT  | Giá: 2274.66
2026-04-20 09:23:36,328 - INFO - [SPEED] ETHUSDT  | Giá: 2274.66
2026-04-20 09:23:36,329 - INFO - [SPEED] ETHUSDT  | Giá: 2274.65
2026-04-20 09:23:36,329 - INFO - [SPEED] ETHUSDT  | Giá: 2274.65
2026-04-20 09:23:36,330 - INFO - [SPEED] ETHUSDT  | Giá: 2274.65
2026-04-20 09:23:36,330 - INFO - [SPEED] ETHUSDT  | Giá: 2274.65
2026-04-20 09:23:36,332 - INFO - [SPEED] ETHUSDT  | Giá: 2274.65
2026-04-20 09:23:36,332 - INFO - [SPEED] ETHUSDT  | Giá: 2274.65
2026-04-20 09:23:36,333 - INFO - [SPEED] BTCUSDT  | Giá: 74378.92
2026-04-20 09:23:36,333 - INFO - [SPEED] BTCUSDT  | Giá: 74378.92
2026-04-20 09:23:36,334 - INFO - [SPEED] BTCUSDT  | Giá: 74378.92
2026-04-20 09:23:36,336 - INFO - [SPEED] BTCUSDT  | Giá: 74378.92
2026-04-20 09:23:36,336 - INFO - [SPEED] BTCUSDT  | Giá: 74378.92
2026-04-20 09:23:36,337 - INFO - [SPEED] BTCUSDT  | Giá: 74378.92
2026-04-20 09:23:36,338 - INFO - [SPEED] BTCUSDT  | Giá: 74378.92
2026-04-20 09:23:36,338 - INFO - [SPEED] BTCUSDT  | Giá: 74378.92
2026-04-20 09:23:36,338 - INFO - [SPEED] BTCUSDT  | Giá: 74378.92
2026-04-20 09:23:36,339 - INFO - [SPEED] BTCUSDT  | Giá: 74378.92
2026-04-20 09:23:36,339 - INFO - [SPEED] BTCUSDT  | Giá: 74378.92
2026-04-20 09:23:36,340 - INFO - [SPEED] BTCUSDT  | Giá: 74378.92
2026-04-20 09:23:36,341 - INFO - [SPEED] BTCUSDT  | Giá: 74378.92
2026-04-20 09:23:36,342 - INFO - [SPEED] BTCUSDT  | Giá: 74378.92
2026-04-20 09:23:36,342 - INFO - [SPEED] BTCUSDT  | Giá: 74378.92
2026-04-20 09:23:36,344 - INFO - [SPEED] BTCUSDT  | Giá: 74378.92
2026-04-20 09:23:36,344 - INFO - [SPEED] BTCUSDT  | Giá: 74378.92
2026-04-20 09:23:36,345 - INFO - [SPEED] BTCUSDT  | Giá: 74378.92
2026-04-20 09:23:36,345 - INFO - [SPEED] BTCUSDT  | Giá: 74378.92
2026-04-20 09:23:36,345 - INFO - [SPEED] BTCUSDT  | Giá: 74378.92
2026-04-20 09:23:36,346 - INFO - [SPEED] BTCUSDT  | Giá: 74378.92
2026-04-20 09:23:36,347 - INFO - [SPEED] BTCUSDT  | Giá: 74378.92
2026-04-20 09:23:36,348 - INFO - [SPEED] BTCUSDT  | Giá: 74378.91
2026-04-20 09:23:36,348 - INFO - [SPEED] BTCUSDT  | Giá: 74378.91
2026-04-20 09:23:36,349 - INFO - [SPEED] BTCUSDT  | Giá: 74378.91
2026-04-20 09:23:36,350 - INFO - [SPEED] BTCUSDT  | Giá: 74378.91
2026-04-20 09:23:36,350 - INFO - [SPEED] BTCUSDT  | Giá: 74378.91
2026-04-20 09:23:36,351 - INFO - [SPEED] BTCUSDT  | Giá: 74378.91
2026-04-20 09:23:36,352 - INFO - [SPEED] BTCUSDT  | Giá: 74378.91
2026-04-20 09:23:36,352 - INFO - [SPEED] BTCUSDT  | Giá: 74378.91
2026-04-20 09:23:36,353 - INFO - [SPEED] BTCUSDT  | Giá: 74378.91
2026-04-20 09:23:36,355 - INFO - [SPEED] BTCUSDT  | Giá: 74378.04
2026-04-20 09:23:36,356 - INFO - [SPEED] BTCUSDT  | Giá: 74378.0
2026-04-20 09:23:36,356 - INFO - [SPEED] BTCUSDT  | Giá: 74378.0
2026-04-20 09:23:36,357 - INFO - [SPEED] ETHUSDT  | Giá: 2274.64
2026-04-20 09:23:36,358 - INFO - [SPEED] ETHUSDT  | Giá: 2274.64
2026-04-20 09:23:36,359 - INFO - [SPEED] ETHUSDT  | Giá: 2274.64
2026-04-20 09:23:36,360 - INFO - [SPEED] ETHUSDT  | Giá: 2274.64
2026-04-20 09:23:36,361 - INFO - [SPEED] ETHUSDT  | Giá: 2274.64
2026-04-20 09:23:36,361 - INFO - [SPEED] ETHUSDT  | Giá: 2274.64
2026-04-20 09:23:36,362 - INFO - [SPEED] ETHUSDT  | Giá: 2274.64
2026-04-20 09:23:36,362 - INFO - [SPEED] ETHUSDT  | Giá: 2274.64
2026-04-20 09:23:36,362 - INFO - [SPEED] ETHUSDT  | Giá: 2274.64
2026-04-20 09:23:36,363 - INFO - [SPEED] ETHUSDT  | Giá: 2274.6
2026-04-20 09:23:36,363 - INFO - [SPEED] ETHUSDT  | Giá: 2274.6
2026-04-20 09:23:36,364 - INFO - [SPEED] ETHUSDT  | Giá: 2274.6
2026-04-20 09:23:36,364 - INFO - [SPEED] ETHUSDT  | Giá: 2274.6
2026-04-20 09:23:36,365 - INFO - [SPEED] ETHUSDT  | Giá: 2274.6
2026-04-20 09:23:36,366 - INFO - [SPEED] ETHUSDT  | Giá: 2274.6
2026-04-20 09:23:36,367 - INFO - [SPEED] ETHUSDT  | Giá: 2274.59
2026-04-20 09:23:36,367 - INFO - [SPEED] ETHUSDT  | Giá: 2274.59
2026-04-20 09:23:36,368 - INFO - [SPEED] ETHUSDT  | Giá: 2274.59
2026-04-20 09:23:36,368 - INFO - [SPEED] ETHUSDT  | Giá: 2274.58
2026-04-20 09:23:36,369 - INFO - [SPEED] ETHUSDT  | Giá: 2274.58
2026-04-20 09:23:36,370 - INFO - [SPEED] ETHUSDT  | Giá: 2274.58
2026-04-20 09:23:36,370 - INFO - [SPEED] ETHUSDT  | Giá: 2274.58
2026-04-20 09:23:36,370 - INFO - [SPEED] ETHUSDT  | Giá: 2274.58
2026-04-20 09:23:36,371 - INFO - [SPEED] ETHUSDT  | Giá: 2274.58
2026-04-20 09:23:36,372 - INFO - [SPEED] ETHUSDT  | Giá: 2274.57
2026-04-20 09:23:36,373 - INFO - [SPEED] ETHUSDT  | Giá: 2274.57
2026-04-20 09:23:36,374 - INFO - [SPEED] ETHUSDT  | Giá: 2274.57
2026-04-20 09:23:36,374 - INFO - [SPEED] ETHUSDT  | Giá: 2274.57
2026-04-20 09:23:36,374 - INFO - [SPEED] ETHUSDT  | Giá: 2274.57
2026-04-20 09:23:36,375 - INFO - [SPEED] ETHUSDT  | Giá: 2274.57
2026-04-20 09:23:36,376 - INFO - [SPEED] ETHUSDT  | Giá: 2274.57
2026-04-20 09:23:36,376 - INFO - [SPEED] ETHUSDT  | Giá: 2274.57
2026-04-20 09:23:36,376 - INFO - [SPEED] ETHUSDT  | Giá: 2274.57
2026-04-20 09:23:36,376 - INFO - [SPEED] ETHUSDT  | Giá: 2274.57
2026-04-20 09:23:36,378 - INFO - [SPEED] ETHUSDT  | Giá: 2274.57
2026-04-20 09:23:36,378 - INFO - [SPEED] ETHUSDT  | Giá: 2274.57
2026-04-20 09:23:36,379 - INFO - [SPEED] ETHUSDT  | Giá: 2274.56
2026-04-20 09:23:36,379 - INFO - [SPEED] ETHUSDT  | Giá: 2274.56
2026-04-20 09:23:36,380 - INFO - [SPEED] ETHUSDT  | Giá: 2274.55
2026-04-20 09:23:36,381 - INFO - [SPEED] ETHUSDT  | Giá: 2274.55
2026-04-20 09:23:36,382 - INFO - [SPEED] ETHUSDT  | Giá: 2274.55
2026-04-20 09:23:36,382 - INFO - [SPEED] ETHUSDT  | Giá: 2274.55
2026-04-20 09:23:36,383 - INFO - [SPEED] ETHUSDT  | Giá: 2274.54
2026-04-20 09:23:36,384 - INFO - [SPEED] ETHUSDT  | Giá: 2274.54
2026-04-20 09:23:36,385 - INFO - [SPEED] ETHUSDT  | Giá: 2274.54
2026-04-20 09:23:36,385 - INFO - [SPEED] ETHUSDT  | Giá: 2274.54
2026-04-20 09:23:36,386 - INFO - [SPEED] ETHUSDT  | Giá: 2274.52
2026-04-20 09:23:36,386 - INFO - [SPEED] ETHUSDT  | Giá: 2274.52
2026-04-20 09:23:36,401 - ERROR - ❌ Lỗi lưu MinIO: An error occurred (NoSuchBucket) when calling the PutObject operation: The specified bucket does not exist
2026-04-20 09:23:36,401 - INFO - [SPEED] ETHUSDT  | Giá: 2274.51
2026-04-20 09:23:36,402 - INFO - [SPEED] ETHUSDT  | Giá: 2274.51
2026-04-20 09:23:36,403 - INFO - [SPEED] ETHUSDT  | Giá: 2274.51
2026-04-20 09:23:36,403 - INFO - [SPEED] ETHUSDT  | Giá: 2274.51
2026-04-20 09:23:36,403 - INFO - [SPEED] ETHUSDT  | Giá: 2274.51
2026-04-20 09:23:36,403 - INFO - [SPEED] ETHUSDT  | Giá: 2274.51
2026-04-20 09:23:36,404 - INFO - [SPEED] ETHUSDT  | Giá: 2274.51
2026-04-20 09:23:36,405 - INFO - [SPEED] ETHUSDT  | Giá: 2274.5
2026-04-20 09:23:36,405 - INFO - [SPEED] ETHUSDT  | Giá: 2274.5
2026-04-20 09:23:36,405 - INFO - [SPEED] ETHUSDT  | Giá: 2274.5
2026-04-20 09:23:36,406 - INFO - [SPEED] SOLUSDT  | Giá: 83.95
2026-04-20 09:23:36,407 - INFO - [SPEED] SOLUSDT  | Giá: 83.95
2026-04-20 09:23:36,407 - INFO - [SPEED] SOLUSDT  | Giá: 83.95
2026-04-20 09:23:36,408 - INFO - [SPEED] SOLUSDT  | Giá: 83.95
2026-04-20 09:23:36,409 - INFO - [SPEED] SOLUSDT  | Giá: 83.95
2026-04-20 09:23:36,409 - INFO - [SPEED] SOLUSDT  | Giá: 83.95
2026-04-20 09:23:36,410 - INFO - [SPEED] SOLUSDT  | Giá: 83.95
2026-04-20 09:23:36,410 - INFO - [SPEED] BNBUSDT  | Giá: 620.37
2026-04-20 09:23:36,411 - INFO - [SPEED] BNBUSDT  | Giá: 620.37
2026-04-20 09:23:36,411 - INFO - [SPEED] BNBUSDT  | Giá: 620.37
2026-04-20 09:23:36,411 - INFO - [SPEED] BNBUSDT  | Giá: 620.37
2026-04-20 09:23:36,412 - INFO - [SPEED] BNBUSDT  | Giá: 620.37
2026-04-20 09:23:36,412 - INFO - [SPEED] BNBUSDT  | Giá: 620.37
2026-04-20 09:23:36,413 - INFO - [SPEED] BNBUSDT  | Giá: 620.37
2026-04-20 09:23:36,413 - INFO - [SPEED] BNBUSDT  | Giá: 620.37
2026-04-20 09:23:36,414 - INFO - [SPEED] BNBUSDT  | Giá: 620.37
2026-04-20 09:23:36,414 - INFO - [SPEED] BNBUSDT  | Giá: 620.37
2026-04-20 09:23:36,415 - INFO - [SPEED] BNBUSDT  | Giá: 620.37
2026-04-20 09:23:36,415 - INFO - [SPEED] BNBUSDT  | Giá: 620.37
2026-04-20 09:23:36,416 - INFO - [SPEED] BNBUSDT  | Giá: 620.36
2026-04-20 09:23:36,417 - INFO - [SPEED] BNBUSDT  | Giá: 620.36
2026-04-20 09:23:36,418 - INFO - [SPEED] BTCUSDT  | Giá: 74378.0
2026-04-20 09:23:36,418 - INFO - [SPEED] BTCUSDT  | Giá: 74378.0
2026-04-20 09:23:36,419 - INFO - [SPEED] BTCUSDT  | Giá: 74378.0
2026-04-20 09:23:36,420 - INFO - [SPEED] BTCUSDT  | Giá: 74378.0
2026-04-20 09:23:36,420 - INFO - [SPEED] BTCUSDT  | Giá: 74378.0
2026-04-20 09:23:36,420 - INFO - [SPEED] BTCUSDT  | Giá: 74378.0
2026-04-20 09:23:36,421 - INFO - [SPEED] BTCUSDT  | Giá: 74378.0
2026-04-20 09:23:36,422 - INFO - [SPEED] BTCUSDT  | Giá: 74378.0
2026-04-20 09:23:36,422 - INFO - [SPEED] BTCUSDT  | Giá: 74378.0
2026-04-20 09:23:36,424 - INFO - [SPEED] BTCUSDT  | Giá: 74378.0
2026-04-20 09:23:36,424 - INFO - [SPEED] BTCUSDT  | Giá: 74378.0
2026-04-20 09:23:36,425 - INFO - [SPEED] BTCUSDT  | Giá: 74378.0
2026-04-20 09:23:36,426 - INFO - [SPEED] BTCUSDT  | Giá: 74378.0
2026-04-20 09:23:36,428 - INFO - [SPEED] BTCUSDT  | Giá: 74378.0
2026-04-20 09:23:36,428 - INFO - [SPEED] BTCUSDT  | Giá: 74378.0
2026-04-20 09:23:36,429 - INFO - [SPEED] BTCUSDT  | Giá: 74378.0
2026-04-20 09:23:36,429 - INFO - [SPEED] BTCUSDT  | Giá: 74378.0
2026-04-20 09:23:36,430 - INFO - [SPEED] SOLUSDT  | Giá: 83.94
2026-04-20 09:23:36,430 - INFO - [SPEED] SOLUSDT  | Giá: 83.94
2026-04-20 09:23:36,431 - INFO - [SPEED] SOLUSDT  | Giá: 83.94
2026-04-20 09:23:36,432 - INFO - [SPEED] SOLUSDT  | Giá: 83.94
2026-04-20 09:23:36,432 - INFO - [SPEED] SOLUSDT  | Giá: 83.94
2026-04-20 09:23:36,433 - INFO - [SPEED] SOLUSDT  | Giá: 83.94
2026-04-20 09:23:36,434 - INFO - [SPEED] SOLUSDT  | Giá: 83.94
2026-04-20 09:23:36,434 - INFO - [SPEED] SOLUSDT  | Giá: 83.94
2026-04-20 09:23:36,434 - INFO - [SPEED] SOLUSDT  | Giá: 83.94
2026-04-20 09:23:36,434 - INFO - [SPEED] SOLUSDT  | Giá: 83.94
2026-04-20 09:23:36,434 - INFO - [SPEED] BNBUSDT  | Giá: 620.37
2026-04-20 09:23:36,435 - INFO - [SPEED] BTCUSDT  | Giá: 74378.0
2026-04-20 09:23:36,436 - INFO - [SPEED] BTCUSDT  | Giá: 74378.0
2026-04-20 09:23:36,437 - INFO - [SPEED] BTCUSDT  | Giá: 74378.0
2026-04-20 09:23:36,438 - INFO - [SPEED] BTCUSDT  | Giá: 74378.0
2026-04-20 09:23:36,439 - INFO - [SPEED] BTCUSDT  | Giá: 74378.0
2026-04-20 09:23:36,440 - INFO - [SPEED] BTCUSDT  | Giá: 74378.0
2026-04-20 09:23:36,440 - INFO - [SPEED] BTCUSDT  | Giá: 74378.0
2026-04-20 09:23:36,441 - INFO - [SPEED] BTCUSDT  | Giá: 74378.0
2026-04-20 09:23:36,442 - INFO - [SPEED] BTCUSDT  | Giá: 74378.0
2026-04-20 09:23:36,444 - INFO - [SPEED] BTCUSDT  | Giá: 74378.0
2026-04-20 09:23:36,444 - INFO - [SPEED] BTCUSDT  | Giá: 74378.0
2026-04-20 09:23:36,445 - INFO - [SPEED] BTCUSDT  | Giá: 74378.0
2026-04-20 09:23:36,445 - INFO - [SPEED] BTCUSDT  | Giá: 74378.0
2026-04-20 09:23:36,447 - INFO - [SPEED] BTCUSDT  | Giá: 74378.0
2026-04-20 09:23:36,447 - INFO - [SPEED] BTCUSDT  | Giá: 74378.0
2026-04-20 09:23:36,448 - INFO - [SPEED] BTCUSDT  | Giá: 74378.0
2026-04-20 09:23:36,449 - INFO - [SPEED] BTCUSDT  | Giá: 74378.0
2026-04-20 09:23:36,450 - INFO - [SPEED] BTCUSDT  | Giá: 74378.0
2026-04-20 09:23:36,450 - INFO - [SPEED] BTCUSDT  | Giá: 74378.0
2026-04-20 09:23:36,451 - INFO - [SPEED] BTCUSDT  | Giá: 74377.99
2026-04-20 09:23:36,451 - INFO - [SPEED] BTCUSDT  | Giá: 74377.99
2026-04-20 09:23:36,453 - INFO - [SPEED] BTCUSDT  | Giá: 74377.99
2026-04-20 09:23:36,455 - INFO - [SPEED] BTCUSDT  | Giá: 74377.99
2026-04-20 09:23:36,456 - INFO - [SPEED] BTCUSDT  | Giá: 74377.99
2026-04-20 09:23:36,457 - INFO - [SPEED] BTCUSDT  | Giá: 74377.99
2026-04-20 09:23:36,458 - INFO - [SPEED] BTCUSDT  | Giá: 74377.99
2026-04-20 09:23:36,458 - INFO - [SPEED] BTCUSDT  | Giá: 74377.99
2026-04-20 09:23:36,459 - INFO - [SPEED] BTCUSDT  | Giá: 74377.99
2026-04-20 09:23:36,460 - INFO - [SPEED] BTCUSDT  | Giá: 74377.84
2026-04-20 09:23:36,460 - INFO - [SPEED] BTCUSDT  | Giá: 74377.77
2026-04-20 09:23:36,460 - INFO - [SPEED] BTCUSDT  | Giá: 74377.4
2026-04-20 09:23:36,461 - INFO - [SPEED] BTCUSDT  | Giá: 74377.21
2026-04-20 09:23:36,462 - INFO - [SPEED] BTCUSDT  | Giá: 74377.16
2026-04-20 09:23:36,463 - INFO - [SPEED] BTCUSDT  | Giá: 74376.93
2026-04-20 09:23:36,463 - INFO - [SPEED] BTCUSDT  | Giá: 74376.93
2026-04-20 09:23:36,464 - INFO - [SPEED] BTCUSDT  | Giá: 74376.93
2026-04-20 09:23:36,464 - INFO - [SPEED] BTCUSDT  | Giá: 74376.51
2026-04-20 09:23:36,464 - INFO - [SPEED] BTCUSDT  | Giá: 74376.48
2026-04-20 09:23:36,464 - INFO - [SPEED] BTCUSDT  | Giá: 74376.47
2026-04-20 09:23:36,465 - INFO - [SPEED] BTCUSDT  | Giá: 74376.26
2026-04-20 09:23:36,466 - INFO - [SPEED] BTCUSDT  | Giá: 74376.26
2026-04-20 09:23:36,478 - ERROR - ❌ Lỗi lưu MinIO: An error occurred (NoSuchBucket) when calling the PutObject operation: The specified bucket does not exist
2026-04-20 09:23:36,478 - INFO - [SPEED] BTCUSDT  | Giá: 74376.26
2026-04-20 09:23:36,479 - INFO - [SPEED] BTCUSDT  | Giá: 74376.26
2026-04-20 09:23:36,479 - INFO - [SPEED] BTCUSDT  | Giá: 74376.0
2026-04-20 09:23:36,480 - INFO - [SPEED] BTCUSDT  | Giá: 74376.0
2026-04-20 09:23:36,481 - INFO - [SPEED] BTCUSDT  | Giá: 74376.0
2026-04-20 09:23:36,482 - INFO - [SPEED] BTCUSDT  | Giá: 74375.74
2026-04-20 09:23:36,483 - INFO - [SPEED] BTCUSDT  | Giá: 74375.74
2026-04-20 09:23:36,483 - INFO - [SPEED] BTCUSDT  | Giá: 74375.73
2026-04-20 09:23:36,483 - INFO - [SPEED] BTCUSDT  | Giá: 74375.0
2026-04-20 09:23:36,483 - INFO - [SPEED] BTCUSDT  | Giá: 74375.0
2026-04-20 09:23:36,484 - INFO - [SPEED] BTCUSDT  | Giá: 74375.0
2026-04-20 09:23:36,484 - INFO - [SPEED] BTCUSDT  | Giá: 74375.0
2026-04-20 09:23:36,485 - INFO - [SPEED] BTCUSDT  | Giá: 74375.0
2026-04-20 09:23:36,485 - INFO - [SPEED] BTCUSDT  | Giá: 74375.0
2026-04-20 09:23:36,485 - INFO - [SPEED] BTCUSDT  | Giá: 74375.0
2026-04-20 09:23:36,486 - INFO - [SPEED] BTCUSDT  | Giá: 74375.0
2026-04-20 09:23:36,486 - INFO - [SPEED] BTCUSDT  | Giá: 74374.3
2026-04-20 09:23:36,487 - INFO - [SPEED] BTCUSDT  | Giá: 74374.0
2026-04-20 09:23:36,487 - INFO - [SPEED] BTCUSDT  | Giá: 74374.0
2026-04-20 09:23:36,489 - INFO - [SPEED] BTCUSDT  | Giá: 74374.0
2026-04-20 09:23:36,490 - INFO - [SPEED] BTCUSDT  | Giá: 74374.0
2026-04-20 09:23:36,491 - INFO - [SPEED] BTCUSDT  | Giá: 74374.0
2026-04-20 09:23:36,493 - INFO - [SPEED] ETHUSDT  | Giá: 2274.51
2026-04-20 09:23:36,493 - INFO - [SPEED] ETHUSDT  | Giá: 2274.51
2026-04-20 09:23:36,494 - INFO - [SPEED] ETHUSDT  | Giá: 2274.51
2026-04-20 09:23:36,494 - INFO - [SPEED] ETHUSDT  | Giá: 2274.51
2026-04-20 09:23:36,495 - INFO - [SPEED] ETHUSDT  | Giá: 2274.51
2026-04-20 09:23:36,495 - INFO - [SPEED] ETHUSDT  | Giá: 2274.51
2026-04-20 09:23:36,496 - INFO - [SPEED] ETHUSDT  | Giá: 2274.51
2026-04-20 09:23:36,497 - INFO - [SPEED] ETHUSDT  | Giá: 2274.51
2026-04-20 09:23:36,497 - INFO - [SPEED] ETHUSDT  | Giá: 2274.51
2026-04-20 09:23:36,497 - INFO - [SPEED] ETHUSDT  | Giá: 2274.51
2026-04-20 09:23:36,498 - INFO - [SPEED] ETHUSDT  | Giá: 2274.51
2026-04-20 09:23:36,498 - INFO - [SPEED] ETHUSDT  | Giá: 2274.51
2026-04-20 09:23:36,499 - INFO - [SPEED] ETHUSDT  | Giá: 2274.54
2026-04-20 09:23:36,500 - INFO - [SPEED] ETHUSDT  | Giá: 2274.54
2026-04-20 09:23:36,501 - INFO - [SPEED] ETHUSDT  | Giá: 2274.54
2026-04-20 09:23:36,502 - INFO - [SPEED] ETHUSDT  | Giá: 2274.55
2026-04-20 09:23:36,502 - INFO - [SPEED] ETHUSDT  | Giá: 2274.55
2026-04-20 09:23:36,503 - INFO - [SPEED] ETHUSDT  | Giá: 2274.55
2026-04-20 09:23:36,503 - INFO - [SPEED] ETHUSDT  | Giá: 2274.55
2026-04-20 09:23:36,504 - INFO - [SPEED] ETHUSDT  | Giá: 2274.55
2026-04-20 09:23:36,505 - INFO - [SPEED] BTCUSDT  | Giá: 74374.01
2026-04-20 09:23:36,506 - INFO - [SPEED] SOLUSDT  | Giá: 83.94
2026-04-20 09:23:36,507 - INFO - [SPEED] ETHUSDT  | Giá: 2274.56
2026-04-20 09:23:36,507 - INFO - [SPEED] ETHUSDT  | Giá: 2274.56
2026-04-20 09:23:36,508 - INFO - [SPEED] ETHUSDT  | Giá: 2274.56
2026-04-20 09:23:36,508 - INFO - [SPEED] ETHUSDT  | Giá: 2274.56
2026-04-20 09:23:36,509 - INFO - [SPEED] ETHUSDT  | Giá: 2274.56
2026-04-20 09:23:36,511 - INFO - [SPEED] ETHUSDT  | Giá: 2274.56
2026-04-20 09:23:36,512 - INFO - [SPEED] ETHUSDT  | Giá: 2274.56
2026-04-20 09:23:36,513 - INFO - [SPEED] ETHUSDT  | Giá: 2274.57
2026-04-20 09:23:36,513 - INFO - [SPEED] ETHUSDT  | Giá: 2274.58
2026-04-20 09:23:36,513 - INFO - [SPEED] ETHUSDT  | Giá: 2274.58
2026-04-20 09:23:36,514 - INFO - [SPEED] ETHUSDT  | Giá: 2274.59
2026-04-20 09:23:36,515 - INFO - [SPEED] BTCUSDT  | Giá: 74374.01
2026-04-20 09:23:36,516 - INFO - [SPEED] ETHUSDT  | Giá: 2274.6
2026-04-20 09:23:36,516 - INFO - [SPEED] ETHUSDT  | Giá: 2274.6
2026-04-20 09:23:36,517 - INFO - [SPEED] ETHUSDT  | Giá: 2274.6
2026-04-20 09:23:36,519 - INFO - [SPEED] ETHUSDT  | Giá: 2274.6
2026-04-20 09:23:36,519 - INFO - [SPEED] BTCUSDT  | Giá: 74374.01
2026-04-20 09:23:36,520 - INFO - [SPEED] ETHUSDT  | Giá: 2274.6
2026-04-20 09:23:36,521 - INFO - [SPEED] BNBUSDT  | Giá: 620.37
2026-04-20 09:23:36,522 - INFO - [SPEED] BNBUSDT  | Giá: 620.37
2026-04-20 09:23:36,523 - INFO - [SPEED] SOLUSDT  | Giá: 83.94
2026-04-20 09:23:36,524 - INFO - [SPEED] ETHUSDT  | Giá: 2274.6
2026-04-20 09:23:36,524 - INFO - [SPEED] ETHUSDT  | Giá: 2274.6
2026-04-20 09:23:36,525 - INFO - [SPEED] ETHUSDT  | Giá: 2274.6
2026-04-20 09:23:36,526 - INFO - [SPEED] ETHUSDT  | Giá: 2274.6
2026-04-20 09:23:36,528 - INFO - [SPEED] SOLUSDT  | Giá: 83.93
2026-04-20 09:23:36,528 - INFO - [SPEED] SOLUSDT  | Giá: 83.93
2026-04-20 09:23:36,529 - INFO - [SPEED] SOLUSDT  | Giá: 83.93
2026-04-20 09:23:36,530 - INFO - [SPEED] SOLUSDT  | Giá: 83.93
2026-04-20 09:23:36,530 - INFO - [SPEED] SOLUSDT  | Giá: 83.93
2026-04-20 09:23:36,531 - INFO - [SPEED] SOLUSDT  | Giá: 83.93
2026-04-20 09:23:36,531 - INFO - [SPEED] SOLUSDT  | Giá: 83.93
2026-04-20 09:23:36,533 - INFO - [SPEED] SOLUSDT  | Giá: 83.93
2026-04-20 09:23:36,533 - INFO - [SPEED] SOLUSDT  | Giá: 83.93
2026-04-20 09:23:36,534 - INFO - [SPEED] SOLUSDT  | Giá: 83.93
2026-04-20 09:23:36,535 - INFO - [SPEED] SOLUSDT  | Giá: 83.93
2026-04-20 09:23:36,536 - INFO - [SPEED] SOLUSDT  | Giá: 83.93
2026-04-20 09:23:36,537 - INFO - [SPEED] SOLUSDT  | Giá: 83.93
2026-04-20 09:23:36,538 - INFO - [SPEED] SOLUSDT  | Giá: 83.93
2026-04-20 09:23:36,538 - INFO - [SPEED] SOLUSDT  | Giá: 83.93
2026-04-20 09:23:36,539 - INFO - [SPEED] SOLUSDT  | Giá: 83.93
2026-04-20 09:23:36,539 - INFO - [SPEED] SOLUSDT  | Giá: 83.93
2026-04-20 09:23:36,540 - INFO - [SPEED] SOLUSDT  | Giá: 83.93
2026-04-20 09:23:36,541 - INFO - [SPEED] SOLUSDT  | Giá: 83.93
2026-04-20 09:23:36,542 - INFO - [SPEED] SOLUSDT  | Giá: 83.93
2026-04-20 09:23:36,542 - INFO - [SPEED] SOLUSDT  | Giá: 83.93
2026-04-20 09:23:36,543 - INFO - [SPEED] SOLUSDT  | Giá: 83.93
2026-04-20 09:23:36,544 - INFO - [SPEED] SOLUSDT  | Giá: 83.93
2026-04-20 09:23:36,545 - INFO - [SPEED] SOLUSDT  | Giá: 83.93
2026-04-20 09:23:36,546 - INFO - [SPEED] SOLUSDT  | Giá: 83.93
2026-04-20 09:23:36,546 - INFO - [SPEED] ETHUSDT  | Giá: 2274.6
2026-04-20 09:23:36,548 - INFO - [SPEED] ETHUSDT  | Giá: 2274.6
2026-04-20 09:23:36,549 - INFO - [SPEED] ETHUSDT  | Giá: 2274.6
2026-04-20 09:23:36,550 - INFO - [SPEED] BTCUSDT  | Giá: 74374.01
2026-04-20 09:23:36,551 - INFO - [SPEED] ETHUSDT  | Giá: 2274.59
2026-04-20 09:23:36,552 - INFO - [SPEED] ETHUSDT  | Giá: 2274.59
2026-04-20 09:23:36,565 - ERROR - ❌ Lỗi lưu MinIO: An error occurred (NoSuchBucket) when calling the PutObject operation: The specified bucket does not exist
2026-04-20 09:23:36,565 - INFO - [SPEED] ETHUSDT  | Giá: 2274.59
2026-04-20 09:23:36,566 - INFO - [SPEED] ETHUSDT  | Giá: 2274.59
2026-04-20 09:23:36,566 - INFO - [SPEED] ETHUSDT  | Giá: 2274.59
2026-04-20 09:23:36,566 - INFO - [SPEED] ETHUSDT  | Giá: 2274.59
2026-04-20 09:23:36,566 - INFO - [SPEED] ETHUSDT  | Giá: 2274.59
2026-04-20 09:23:36,567 - INFO - [SPEED] ETHUSDT  | Giá: 2274.59
2026-04-20 09:23:36,568 - INFO - [SPEED] ETHUSDT  | Giá: 2274.59
2026-04-20 09:23:36,569 - INFO - [SPEED] ETHUSDT  | Giá: 2274.59
2026-04-20 09:23:36,569 - INFO - [SPEED] ETHUSDT  | Giá: 2274.59
2026-04-20 09:23:36,570 - INFO - [SPEED] ETHUSDT  | Giá: 2274.59
2026-04-20 09:23:36,571 - INFO - [SPEED] ETHUSDT  | Giá: 2274.59
2026-04-20 09:23:36,571 - INFO - [SPEED] ETHUSDT  | Giá: 2274.59
2026-04-20 09:23:36,572 - INFO - [SPEED] ETHUSDT  | Giá: 2274.59
2026-04-20 09:23:36,572 - INFO - [SPEED] ETHUSDT  | Giá: 2274.58
2026-04-20 09:23:36,572 - INFO - [SPEED] ETHUSDT  | Giá: 2274.58
2026-04-20 09:23:36,572 - INFO - [SPEED] ETHUSDT  | Giá: 2274.58
2026-04-20 09:23:36,573 - INFO - [SPEED] ETHUSDT  | Giá: 2274.58
2026-04-20 09:23:36,574 - INFO - [SPEED] ETHUSDT  | Giá: 2274.57
2026-04-20 09:23:36,574 - INFO - [SPEED] ETHUSDT  | Giá: 2274.56
2026-04-20 09:23:36,575 - INFO - [SPEED] ETHUSDT  | Giá: 2274.56
2026-04-20 09:23:36,575 - INFO - [SPEED] ETHUSDT  | Giá: 2274.56
2026-04-20 09:23:36,575 - INFO - [SPEED] ETHUSDT  | Giá: 2274.55
2026-04-20 09:23:36,577 - INFO - [SPEED] ETHUSDT  | Giá: 2274.55
2026-04-20 09:23:36,577 - INFO - [SPEED] ETHUSDT  | Giá: 2274.55
2026-04-20 09:23:36,578 - INFO - [SPEED] ETHUSDT  | Giá: 2274.55
2026-04-20 09:23:36,578 - INFO - [SPEED] ETHUSDT  | Giá: 2274.55
2026-04-20 09:23:36,578 - INFO - [SPEED] ETHUSDT  | Giá: 2274.55
2026-04-20 09:23:36,579 - INFO - [SPEED] ETHUSDT  | Giá: 2274.55
2026-04-20 09:23:36,579 - INFO - [SPEED] ETHUSDT  | Giá: 2274.55
2026-04-20 09:23:36,580 - INFO - [SPEED] ETHUSDT  | Giá: 2274.55
2026-04-20 09:23:36,580 - INFO - [SPEED] ETHUSDT  | Giá: 2274.55
2026-04-20 09:23:36,580 - INFO - [SPEED] ETHUSDT  | Giá: 2274.54
2026-04-20 09:23:36,581 - INFO - [SPEED] ETHUSDT  | Giá: 2274.54
2026-04-20 09:23:36,582 - INFO - [SPEED] ETHUSDT  | Giá: 2274.54
2026-04-20 09:23:36,582 - INFO - [SPEED] ETHUSDT  | Giá: 2274.54
2026-04-20 09:23:36,583 - INFO - [SPEED] ETHUSDT  | Giá: 2274.54
2026-04-20 09:23:36,583 - INFO - [SPEED] ETHUSDT  | Giá: 2274.53
2026-04-20 09:23:36,584 - INFO - [SPEED] ETHUSDT  | Giá: 2274.53
2026-04-20 09:23:36,585 - INFO - [SPEED] ETHUSDT  | Giá: 2274.53
2026-04-20 09:23:36,585 - INFO - [SPEED] ETHUSDT  | Giá: 2274.53
2026-04-20 09:23:36,586 - INFO - [SPEED] ETHUSDT  | Giá: 2274.53
2026-04-20 09:23:36,586 - INFO - [SPEED] ETHUSDT  | Giá: 2274.53
2026-04-20 09:23:36,587 - INFO - [SPEED] ETHUSDT  | Giá: 2274.53
2026-04-20 09:23:36,587 - INFO - [SPEED] ETHUSDT  | Giá: 2274.52
2026-04-20 09:23:36,587 - INFO - [SPEED] ETHUSDT  | Giá: 2274.52
2026-04-20 09:23:36,588 - INFO - [SPEED] ETHUSDT  | Giá: 2274.51
2026-04-20 09:23:36,589 - INFO - [SPEED] ETHUSDT  | Giá: 2274.51
2026-04-20 09:23:36,589 - INFO - [SPEED] ETHUSDT  | Giá: 2274.51
2026-04-20 09:23:36,590 - INFO - [SPEED] ETHUSDT  | Giá: 2274.51
2026-04-20 09:23:36,590 - INFO - [SPEED] ETHUSDT  | Giá: 2274.51
2026-04-20 09:23:36,591 - INFO - [SPEED] ETHUSDT  | Giá: 2274.51
2026-04-20 09:23:36,592 - INFO - [SPEED] ETHUSDT  | Giá: 2274.51
2026-04-20 09:23:36,593 - INFO - [SPEED] ETHUSDT  | Giá: 2274.51
2026-04-20 09:23:36,594 - INFO - [SPEED] ETHUSDT  | Giá: 2274.51
2026-04-20 09:23:36,595 - INFO - [SPEED] ETHUSDT  | Giá: 2274.51
2026-04-20 09:23:36,595 - INFO - [SPEED] ETHUSDT  | Giá: 2274.5
2026-04-20 09:23:36,596 - INFO - [SPEED] BTCUSDT  | Giá: 74374.0
2026-04-20 09:23:36,597 - INFO - [SPEED] BNBUSDT  | Giá: 620.37
2026-04-20 09:23:36,598 - INFO - [SPEED] BNBUSDT  | Giá: 620.37
2026-04-20 09:23:36,599 - INFO - [SPEED] BNBUSDT  | Giá: 620.37
2026-04-20 09:23:36,599 - INFO - [SPEED] BNBUSDT  | Giá: 620.37
2026-04-20 09:23:36,600 - INFO - [SPEED] ETHUSDT  | Giá: 2274.5
2026-04-20 09:23:36,601 - INFO - [SPEED] BTCUSDT  | Giá: 74374.01
2026-04-20 09:23:36,602 - INFO - [SPEED] BTCUSDT  | Giá: 74374.01
2026-04-20 09:23:36,603 - INFO - [SPEED] ETHUSDT  | Giá: 2274.5
2026-04-20 09:23:36,604 - INFO - [SPEED] ETHUSDT  | Giá: 2274.5
2026-04-20 09:23:36,604 - INFO - [SPEED] ETHUSDT  | Giá: 2274.5
2026-04-20 09:23:36,605 - INFO - [SPEED] ETHUSDT  | Giá: 2274.5
2026-04-20 09:23:36,606 - INFO - [SPEED] ETHUSDT  | Giá: 2274.5
2026-04-20 09:23:36,606 - INFO - [SPEED] ETHUSDT  | Giá: 2274.5
2026-04-20 09:23:36,606 - INFO - [SPEED] ETHUSDT  | Giá: 2274.5
2026-04-20 09:23:36,607 - INFO - [SPEED] ETHUSDT  | Giá: 2274.5
2026-04-20 09:23:36,608 - INFO - [SPEED] ETHUSDT  | Giá: 2274.5
2026-04-20 09:23:36,609 - INFO - [SPEED] ETHUSDT  | Giá: 2274.5
2026-04-20 09:23:36,609 - INFO - [SPEED] ETHUSDT  | Giá: 2274.5
2026-04-20 09:23:36,610 - INFO - [SPEED] ETHUSDT  | Giá: 2274.5
2026-04-20 09:23:36,610 - INFO - [SPEED] ETHUSDT  | Giá: 2274.5
2026-04-20 09:23:36,611 - INFO - [SPEED] ETHUSDT  | Giá: 2274.5
2026-04-20 09:23:36,612 - INFO - [SPEED] ETHUSDT  | Giá: 2274.5
2026-04-20 09:23:36,613 - INFO - [SPEED] ETHUSDT  | Giá: 2274.5
2026-04-20 09:23:36,613 - INFO - [SPEED] ETHUSDT  | Giá: 2274.5
2026-04-20 09:23:36,614 - INFO - [SPEED] ETHUSDT  | Giá: 2274.5
2026-04-20 09:23:36,614 - INFO - [SPEED] ETHUSDT  | Giá: 2274.49
2026-04-20 09:23:36,614 - INFO - [SPEED] ETHUSDT  | Giá: 2274.49
2026-04-20 09:23:36,614 - INFO - [SPEED] ETHUSDT  | Giá: 2274.49
2026-04-20 09:23:36,616 - INFO - [SPEED] ETHUSDT  | Giá: 2274.49
2026-04-20 09:23:36,617 - INFO - [SPEED] ETHUSDT  | Giá: 2274.49
2026-04-20 09:23:36,617 - INFO - [SPEED] ETHUSDT  | Giá: 2274.49
2026-04-20 09:23:36,618 - INFO - [SPEED] ETHUSDT  | Giá: 2274.48
2026-04-20 09:23:36,618 - INFO - [SPEED] ETHUSDT  | Giá: 2274.48
2026-04-20 09:23:36,619 - INFO - [SPEED] ETHUSDT  | Giá: 2274.48
2026-04-20 09:23:36,620 - INFO - [SPEED] ETHUSDT  | Giá: 2274.48
2026-04-20 09:23:36,620 - INFO - [SPEED] ETHUSDT  | Giá: 2274.47
2026-04-20 09:23:36,621 - INFO - [SPEED] ETHUSDT  | Giá: 2274.47
2026-04-20 09:23:36,622 - INFO - [SPEED] ETHUSDT  | Giá: 2274.46
2026-04-20 09:23:36,622 - INFO - [SPEED] ETHUSDT  | Giá: 2274.45
2026-04-20 09:23:36,623 - INFO - [SPEED] ETHUSDT  | Giá: 2274.45
2026-04-20 09:23:36,623 - INFO - [SPEED] ETHUSDT  | Giá: 2274.45
2026-04-20 09:23:36,624 - INFO - [SPEED] ETHUSDT  | Giá: 2274.45
2026-04-20 09:23:36,625 - INFO - [SPEED] ETHUSDT  | Giá: 2274.45
2026-04-20 09:23:36,639 - ERROR - ❌ Lỗi lưu MinIO: An error occurred (NoSuchBucket) when calling the PutObject operation: The specified bucket does not exist
2026-04-20 09:23:36,639 - INFO - [SPEED] ETHUSDT  | Giá: 2274.45
2026-04-20 09:23:36,640 - INFO - [SPEED] ETHUSDT  | Giá: 2274.45
2026-04-20 09:23:36,641 - INFO - [SPEED] ETHUSDT  | Giá: 2274.45
2026-04-20 09:23:36,641 - INFO - [SPEED] ETHUSDT  | Giá: 2274.45
2026-04-20 09:23:36,643 - INFO - [SPEED] ETHUSDT  | Giá: 2274.44
2026-04-20 09:23:36,643 - INFO - [SPEED] ETHUSDT  | Giá: 2274.44
2026-04-20 09:23:36,644 - INFO - [SPEED] ETHUSDT  | Giá: 2274.44
2026-04-20 09:23:36,645 - INFO - [SPEED] ETHUSDT  | Giá: 2274.44
2026-04-20 09:23:36,645 - INFO - [SPEED] ETHUSDT  | Giá: 2274.43
2026-04-20 09:23:36,646 - INFO - [SPEED] ETHUSDT  | Giá: 2274.42
2026-04-20 09:23:36,647 - INFO - [SPEED] ETHUSDT  | Giá: 2274.42
2026-04-20 09:23:36,647 - INFO - [SPEED] ETHUSDT  | Giá: 2274.42
2026-04-20 09:23:36,648 - INFO - [SPEED] ETHUSDT  | Giá: 2274.42
2026-04-20 09:23:36,648 - INFO - [SPEED] ETHUSDT  | Giá: 2274.42
2026-04-20 09:23:36,649 - INFO - [SPEED] ETHUSDT  | Giá: 2274.41
2026-04-20 09:23:36,650 - INFO - [SPEED] ETHUSDT  | Giá: 2274.41
2026-04-20 09:23:36,651 - INFO - [SPEED] ETHUSDT  | Giá: 2274.4
2026-04-20 09:23:36,652 - INFO - [SPEED] ETHUSDT  | Giá: 2274.4
2026-04-20 09:23:36,652 - INFO - [SPEED] ETHUSDT  | Giá: 2274.4
2026-04-20 09:23:36,653 - INFO - [SPEED] ETHUSDT  | Giá: 2274.4
2026-04-20 09:23:36,654 - INFO - [SPEED] ETHUSDT  | Giá: 2274.4
2026-04-20 09:23:36,654 - INFO - [SPEED] ETHUSDT  | Giá: 2274.4
2026-04-20 09:23:36,655 - INFO - [SPEED] ETHUSDT  | Giá: 2274.4
2026-04-20 09:23:36,656 - INFO - [SPEED] ETHUSDT  | Giá: 2274.4
2026-04-20 09:23:36,656 - INFO - [SPEED] ETHUSDT  | Giá: 2274.4
2026-04-20 09:23:36,657 - INFO - [SPEED] SOLUSDT  | Giá: 83.93
2026-04-20 09:23:36,658 - INFO - [SPEED] ETHUSDT  | Giá: 2274.4
2026-04-20 09:23:36,658 - INFO - [SPEED] SOLUSDT  | Giá: 83.93
2026-04-20 09:23:36,659 - INFO - [SPEED] BNBUSDT  | Giá: 620.36
2026-04-20 09:23:36,659 - INFO - [SPEED] ETHUSDT  | Giá: 2274.4
2026-04-20 09:23:36,660 - INFO - [SPEED] BNBUSDT  | Giá: 620.37
2026-04-20 09:23:36,661 - INFO - [SPEED] ETHUSDT  | Giá: 2274.39
2026-04-20 09:23:36,661 - INFO - [SPEED] ETHUSDT  | Giá: 2274.39
2026-04-20 09:23:36,662 - INFO - [SPEED] ETHUSDT  | Giá: 2274.39
2026-04-20 09:23:36,663 - INFO - [SPEED] ETHUSDT  | Giá: 2274.39
2026-04-20 09:23:36,664 - INFO - [SPEED] ETHUSDT  | Giá: 2274.39
2026-04-20 09:23:36,664 - INFO - [SPEED] ETHUSDT  | Giá: 2274.39
2026-04-20 09:23:36,665 - INFO - [SPEED] ETHUSDT  | Giá: 2274.39
2026-04-20 09:23:36,666 - INFO - [SPEED] ETHUSDT  | Giá: 2274.39
2026-04-20 09:23:36,666 - INFO - [SPEED] ETHUSDT  | Giá: 2274.39
2026-04-20 09:23:36,667 - INFO - [SPEED] ETHUSDT  | Giá: 2274.39
2026-04-20 09:23:36,667 - INFO - [SPEED] ETHUSDT  | Giá: 2274.39
2026-04-20 09:23:36,668 - INFO - [SPEED] ETHUSDT  | Giá: 2274.39
2026-04-20 09:23:36,668 - INFO - [SPEED] ETHUSDT  | Giá: 2274.39
2026-04-20 09:23:36,668 - INFO - [SPEED] BTCUSDT  | Giá: 74374.01
2026-04-20 09:23:36,669 - INFO - [SPEED] ETHUSDT  | Giá: 2274.39
2026-04-20 09:23:36,670 - INFO - [SPEED] ETHUSDT  | Giá: 2274.39
2026-04-20 09:23:36,671 - INFO - [SPEED] ETHUSDT  | Giá: 2274.39
2026-04-20 09:23:36,672 - INFO - [SPEED] ETHUSDT  | Giá: 2274.39
2026-04-20 09:23:36,673 - INFO - [SPEED] ETHUSDT  | Giá: 2274.39
2026-04-20 09:23:36,674 - INFO - [SPEED] ETHUSDT  | Giá: 2274.39
2026-04-20 09:23:36,674 - INFO - [SPEED] ETHUSDT  | Giá: 2274.39
2026-04-20 09:23:36,675 - INFO - [SPEED] ETHUSDT  | Giá: 2274.39
2026-04-20 09:23:36,676 - INFO - [SPEED] ETHUSDT  | Giá: 2274.39
2026-04-20 09:23:36,676 - INFO - [SPEED] ETHUSDT  | Giá: 2274.39
2026-04-20 09:23:36,677 - INFO - [SPEED] ETHUSDT  | Giá: 2274.39
2026-04-20 09:23:36,678 - INFO - [SPEED] ETHUSDT  | Giá: 2274.38
2026-04-20 09:23:36,678 - INFO - [SPEED] ETHUSDT  | Giá: 2274.38
2026-04-20 09:23:36,679 - INFO - [SPEED] ETHUSDT  | Giá: 2274.38
2026-04-20 09:23:36,679 - INFO - [SPEED] ETHUSDT  | Giá: 2274.38
2026-04-20 09:23:36,680 - INFO - [SPEED] ETHUSDT  | Giá: 2274.38
2026-04-20 09:23:36,680 - INFO - [SPEED] ETHUSDT  | Giá: 2274.38
2026-04-20 09:23:36,681 - INFO - [SPEED] ETHUSDT  | Giá: 2274.38
2026-04-20 09:23:36,682 - INFO - [SPEED] ETHUSDT  | Giá: 2274.38
2026-04-20 09:23:36,683 - INFO - [SPEED] ETHUSDT  | Giá: 2274.38
2026-04-20 09:23:36,683 - INFO - [SPEED] ETHUSDT  | Giá: 2274.38
2026-04-20 09:23:36,684 - INFO - [SPEED] ETHUSDT  | Giá: 2274.38
2026-04-20 09:23:36,685 - INFO - [SPEED] ETHUSDT  | Giá: 2274.38
2026-04-20 09:23:36,685 - INFO - [SPEED] ETHUSDT  | Giá: 2274.38
2026-04-20 09:23:36,685 - INFO - [SPEED] ETHUSDT  | Giá: 2274.38
2026-04-20 09:23:36,685 - INFO - [SPEED] ETHUSDT  | Giá: 2274.37
2026-04-20 09:23:36,686 - INFO - [SPEED] ETHUSDT  | Giá: 2274.37
2026-04-20 09:23:36,686 - INFO - [SPEED] ETHUSDT  | Giá: 2274.37
2026-04-20 09:23:36,688 - INFO - [SPEED] ETHUSDT  | Giá: 2274.36
2026-04-20 09:23:36,688 - INFO - [SPEED] ETHUSDT  | Giá: 2274.36
2026-04-20 09:23:36,689 - INFO - [SPEED] ETHUSDT  | Giá: 2274.35
2026-04-20 09:23:36,690 - INFO - [SPEED] ETHUSDT  | Giá: 2274.35
2026-04-20 09:23:36,691 - INFO - [SPEED] ETHUSDT  | Giá: 2274.35
2026-04-20 09:23:36,692 - INFO - [SPEED] ETHUSDT  | Giá: 2274.34
2026-04-20 09:23:36,693 - INFO - [SPEED] ETHUSDT  | Giá: 2274.34
2026-04-20 09:23:36,693 - INFO - [SPEED] ETHUSDT  | Giá: 2274.34
2026-04-20 09:23:36,695 - INFO - [SPEED] ETHUSDT  | Giá: 2274.34
2026-04-20 09:23:36,695 - INFO - [SPEED] ETHUSDT  | Giá: 2274.34
2026-04-20 09:23:36,696 - INFO - [SPEED] ETHUSDT  | Giá: 2274.33
2026-04-20 09:23:36,696 - INFO - [SPEED] ETHUSDT  | Giá: 2274.33
2026-04-20 09:23:36,697 - INFO - [SPEED] ETHUSDT  | Giá: 2274.33
2026-04-20 09:23:36,697 - INFO - [SPEED] ETHUSDT  | Giá: 2274.33
2026-04-20 09:23:36,698 - INFO - [SPEED] ETHUSDT  | Giá: 2274.33
2026-04-20 09:23:36,698 - INFO - [SPEED] ETHUSDT  | Giá: 2274.33
2026-04-20 09:23:36,699 - INFO - [SPEED] ETHUSDT  | Giá: 2274.33
2026-04-20 09:23:36,699 - INFO - [SPEED] ETHUSDT  | Giá: 2274.33
2026-04-20 09:23:36,700 - INFO - [SPEED] ETHUSDT  | Giá: 2274.33
2026-04-20 09:23:36,701 - INFO - [SPEED] ETHUSDT  | Giá: 2274.33
2026-04-20 09:23:36,701 - INFO - [SPEED] ETHUSDT  | Giá: 2274.33
2026-04-20 09:23:36,702 - INFO - [SPEED] ETHUSDT  | Giá: 2274.32
2026-04-20 09:23:36,703 - INFO - [SPEED] ETHUSDT  | Giá: 2274.32
2026-04-20 09:23:36,704 - INFO - [SPEED] ETHUSDT  | Giá: 2274.32
2026-04-20 09:23:36,704 - INFO - [SPEED] ETHUSDT  | Giá: 2274.32
2026-04-20 09:23:36,705 - INFO - [SPEED] ETHUSDT  | Giá: 2274.32
2026-04-20 09:23:36,705 - INFO - [SPEED] ETHUSDT  | Giá: 2274.32
2026-04-20 09:23:36,718 - ERROR - ❌ Lỗi lưu MinIO: An error occurred (NoSuchBucket) when calling the PutObject operation: The specified bucket does not exist
2026-04-20 09:23:36,718 - INFO - [SPEED] ETHUSDT  | Giá: 2274.31
2026-04-20 09:23:36,718 - INFO - [SPEED] ETHUSDT  | Giá: 2274.31
2026-04-20 09:23:36,719 - INFO - [SPEED] ETHUSDT  | Giá: 2274.31
2026-04-20 09:23:36,720 - INFO - [SPEED] ETHUSDT  | Giá: 2274.31
2026-04-20 09:23:36,720 - INFO - [SPEED] ETHUSDT  | Giá: 2274.31
2026-04-20 09:23:36,720 - INFO - [SPEED] ETHUSDT  | Giá: 2274.31
2026-04-20 09:23:36,721 - INFO - [SPEED] ETHUSDT  | Giá: 2274.3
2026-04-20 09:23:36,721 - INFO - [SPEED] ETHUSDT  | Giá: 2274.3
2026-04-20 09:23:36,722 - INFO - [SPEED] ETHUSDT  | Giá: 2274.3
2026-04-20 09:23:36,723 - INFO - [SPEED] ETHUSDT  | Giá: 2274.3
2026-04-20 09:23:36,723 - INFO - [SPEED] ETHUSDT  | Giá: 2274.3
2026-04-20 09:23:36,724 - INFO - [SPEED] ETHUSDT  | Giá: 2274.3
2026-04-20 09:23:36,724 - INFO - [SPEED] ETHUSDT  | Giá: 2274.3
2026-04-20 09:23:36,725 - INFO - [SPEED] ETHUSDT  | Giá: 2274.29
2026-04-20 09:23:36,725 - INFO - [SPEED] ETHUSDT  | Giá: 2274.29
2026-04-20 09:23:36,726 - INFO - [SPEED] ETHUSDT  | Giá: 2274.28
2026-04-20 09:23:36,727 - INFO - [SPEED] ETHUSDT  | Giá: 2274.28
2026-04-20 09:23:36,727 - INFO - [SPEED] ETHUSDT  | Giá: 2274.27
2026-04-20 09:23:36,727 - INFO - [SPEED] ETHUSDT  | Giá: 2274.27
2026-04-20 09:23:36,728 - INFO - [SPEED] ETHUSDT  | Giá: 2274.27
2026-04-20 09:23:36,729 - INFO - [SPEED] ETHUSDT  | Giá: 2274.27
2026-04-20 09:23:36,731 - INFO - [SPEED] ETHUSDT  | Giá: 2274.27
2026-04-20 09:23:36,731 - INFO - [SPEED] ETHUSDT  | Giá: 2274.26
2026-04-20 09:23:36,732 - INFO - [SPEED] ETHUSDT  | Giá: 2274.25
2026-04-20 09:23:36,732 - INFO - [SPEED] ETHUSDT  | Giá: 2274.25
2026-04-20 09:23:36,732 - INFO - [SPEED] ETHUSDT  | Giá: 2274.25
2026-04-20 09:23:36,733 - INFO - [SPEED] ETHUSDT  | Giá: 2274.25
2026-04-20 09:23:36,733 - INFO - [SPEED] ETHUSDT  | Giá: 2274.25
2026-04-20 09:23:36,733 - INFO - [SPEED] ETHUSDT  | Giá: 2274.25
2026-04-20 09:23:36,733 - INFO - [SPEED] ETHUSDT  | Giá: 2274.24
2026-04-20 09:23:36,733 - INFO - [SPEED] ETHUSDT  | Giá: 2274.24
2026-04-20 09:23:36,734 - INFO - [SPEED] ETHUSDT  | Giá: 2274.23
2026-04-20 09:23:36,735 - INFO - [SPEED] ETHUSDT  | Giá: 2274.22
2026-04-20 09:23:36,735 - INFO - [SPEED] ETHUSDT  | Giá: 2274.22
2026-04-20 09:23:36,736 - INFO - [SPEED] ETHUSDT  | Giá: 2274.22
2026-04-20 09:23:36,736 - INFO - [SPEED] ETHUSDT  | Giá: 2274.22
2026-04-20 09:23:36,736 - INFO - [SPEED] ETHUSDT  | Giá: 2274.22
2026-04-20 09:23:36,737 - INFO - [SPEED] ETHUSDT  | Giá: 2274.22
2026-04-20 09:23:36,737 - INFO - [SPEED] ETHUSDT  | Giá: 2274.21
2026-04-20 09:23:36,738 - INFO - [SPEED] ETHUSDT  | Giá: 2274.22
2026-04-20 09:23:36,739 - INFO - [SPEED] ETHUSDT  | Giá: 2274.22
2026-04-20 09:23:36,739 - INFO - [SPEED] ETHUSDT  | Giá: 2274.21
2026-04-20 09:23:36,740 - INFO - [SPEED] ETHUSDT  | Giá: 2274.21
2026-04-20 09:23:36,740 - INFO - [SPEED] ETHUSDT  | Giá: 2274.22
2026-04-20 09:23:36,741 - INFO - [SPEED] ETHUSDT  | Giá: 2274.21
2026-04-20 09:23:36,742 - INFO - [SPEED] BTCUSDT  | Giá: 74374.0
2026-04-20 09:23:36,743 - INFO - [SPEED] BTCUSDT  | Giá: 74374.0
2026-04-20 09:23:36,744 - INFO - [SPEED] BTCUSDT  | Giá: 74374.0
2026-04-20 09:23:36,745 - INFO - [SPEED] BTCUSDT  | Giá: 74374.0
2026-04-20 09:23:36,745 - INFO - [SPEED] BTCUSDT  | Giá: 74374.0
2026-04-20 09:23:36,746 - INFO - [SPEED] BTCUSDT  | Giá: 74374.0
2026-04-20 09:23:36,747 - INFO - [SPEED] BTCUSDT  | Giá: 74374.0
2026-04-20 09:23:36,747 - INFO - [SPEED] BTCUSDT  | Giá: 74374.0
2026-04-20 09:23:36,748 - INFO - [SPEED] BTCUSDT  | Giá: 74374.0
2026-04-20 09:23:36,749 - INFO - [SPEED] BTCUSDT  | Giá: 74374.0
2026-04-20 09:23:36,749 - INFO - [SPEED] BTCUSDT  | Giá: 74374.0
2026-04-20 09:23:36,749 - INFO - [SPEED] BTCUSDT  | Giá: 74374.0
2026-04-20 09:23:36,750 - INFO - [SPEED] ETHUSDT  | Giá: 2274.22
2026-04-20 09:23:36,751 - INFO - [SPEED] ETHUSDT  | Giá: 2274.22
2026-04-20 09:23:36,752 - INFO - [SPEED] ETHUSDT  | Giá: 2274.21
2026-04-20 09:23:36,753 - INFO - [SPEED] ETHUSDT  | Giá: 2274.21
2026-04-20 09:23:36,753 - INFO - [SPEED] ETHUSDT  | Giá: 2274.21
2026-04-20 09:23:36,754 - INFO - [SPEED] ETHUSDT  | Giá: 2274.21
2026-04-20 09:23:36,754 - INFO - [SPEED] ETHUSDT  | Giá: 2274.21
2026-04-20 09:23:36,755 - INFO - [SPEED] ETHUSDT  | Giá: 2274.21
2026-04-20 09:23:36,756 - INFO - [SPEED] ETHUSDT  | Giá: 2274.21
2026-04-20 09:23:36,757 - INFO - [SPEED] ETHUSDT  | Giá: 2274.21
2026-04-20 09:23:36,757 - INFO - [SPEED] ETHUSDT  | Giá: 2274.21
2026-04-20 09:23:36,758 - INFO - [SPEED] ETHUSDT  | Giá: 2274.21
2026-04-20 09:23:36,759 - INFO - [SPEED] ETHUSDT  | Giá: 2274.21
2026-04-20 09:23:36,759 - INFO - [SPEED] ETHUSDT  | Giá: 2274.21
2026-04-20 09:23:36,760 - INFO - [SPEED] ETHUSDT  | Giá: 2274.21
2026-04-20 09:23:36,760 - INFO - [SPEED] ETHUSDT  | Giá: 2274.21
2026-04-20 09:23:36,761 - INFO - [SPEED] ETHUSDT  | Giá: 2274.21
2026-04-20 09:23:36,762 - INFO - [SPEED] ETHUSDT  | Giá: 2274.21
2026-04-20 09:23:36,762 - INFO - [SPEED] BTCUSDT  | Giá: 74374.0
2026-04-20 09:23:36,763 - INFO - [SPEED] BTCUSDT  | Giá: 74374.0
2026-04-20 09:23:36,763 - INFO - [SPEED] BTCUSDT  | Giá: 74374.0
2026-04-20 09:23:36,764 - INFO - [SPEED] BTCUSDT  | Giá: 74374.0
2026-04-20 09:23:36,765 - INFO - [SPEED] BTCUSDT  | Giá: 74374.0
2026-04-20 09:23:36,766 - INFO - [SPEED] BTCUSDT  | Giá: 74374.0
2026-04-20 09:23:36,767 - INFO - [SPEED] BTCUSDT  | Giá: 74374.0
2026-04-20 09:23:36,768 - INFO - [SPEED] BTCUSDT  | Giá: 74374.0
2026-04-20 09:23:36,769 - INFO - [SPEED] BTCUSDT  | Giá: 74374.0
2026-04-20 09:23:36,769 - INFO - [SPEED] BTCUSDT  | Giá: 74374.0
2026-04-20 09:23:36,770 - INFO - [SPEED] BTCUSDT  | Giá: 74374.0
2026-04-20 09:23:36,771 - INFO - [SPEED] BTCUSDT  | Giá: 74374.0
2026-04-20 09:23:36,771 - INFO - [SPEED] BTCUSDT  | Giá: 74374.0
2026-04-20 09:23:36,772 - INFO - [SPEED] BTCUSDT  | Giá: 74374.0
2026-04-20 09:23:36,772 - INFO - [SPEED] BTCUSDT  | Giá: 74374.0
2026-04-20 09:23:36,772 - INFO - [SPEED] BTCUSDT  | Giá: 74374.0
2026-04-20 09:23:36,772 - INFO - [SPEED] BTCUSDT  | Giá: 74374.0
2026-04-20 09:23:36,773 - INFO - [SPEED] ETHUSDT  | Giá: 2274.2
2026-04-20 09:23:36,773 - INFO - [SPEED] ETHUSDT  | Giá: 2274.2
2026-04-20 09:23:36,773 - INFO - [SPEED] ETHUSDT  | Giá: 2274.2
2026-04-20 09:23:36,774 - INFO - [SPEED] ETHUSDT  | Giá: 2274.2
2026-04-20 09:23:36,775 - INFO - [SPEED] ETHUSDT  | Giá: 2274.2
2026-04-20 09:23:36,775 - INFO - [SPEED] ETHUSDT  | Giá: 2274.2
2026-04-20 09:23:36,776 - INFO - [SPEED] ETHUSDT  | Giá: 2274.2
2026-04-20 09:23:36,776 - INFO - [SPEED] ETHUSDT  | Giá: 2274.2
2026-04-20 09:23:36,788 - ERROR - ❌ Lỗi lưu MinIO: An error occurred (NoSuchBucket) when calling the PutObject operation: The specified bucket does not exist
2026-04-20 09:23:36,789 - INFO - [SPEED] ETHUSDT  | Giá: 2274.2
2026-04-20 09:23:36,789 - INFO - [SPEED] ETHUSDT  | Giá: 2274.19
2026-04-20 09:23:36,790 - INFO - [SPEED] ETHUSDT  | Giá: 2274.19
2026-04-20 09:23:36,791 - INFO - [SPEED] ETHUSDT  | Giá: 2274.19
2026-04-20 09:23:36,791 - INFO - [SPEED] ETHUSDT  | Giá: 2274.19
2026-04-20 09:23:36,792 - INFO - [SPEED] ETHUSDT  | Giá: 2274.19
2026-04-20 09:23:36,793 - INFO - [SPEED] ETHUSDT  | Giá: 2274.18
2026-04-20 09:23:36,794 - INFO - [SPEED] ETHUSDT  | Giá: 2274.18
2026-04-20 09:23:36,795 - INFO - [SPEED] ETHUSDT  | Giá: 2274.18
2026-04-20 09:23:36,796 - INFO - [SPEED] ETHUSDT  | Giá: 2274.18
2026-04-20 09:23:36,796 - INFO - [SPEED] ETHUSDT  | Giá: 2274.18
2026-04-20 09:23:36,797 - INFO - [SPEED] ETHUSDT  | Giá: 2274.18
2026-04-20 09:23:36,797 - INFO - [SPEED] ETHUSDT  | Giá: 2274.17
2026-04-20 09:23:36,798 - INFO - [SPEED] ETHUSDT  | Giá: 2274.17
2026-04-20 09:23:36,799 - INFO - [SPEED] ETHUSDT  | Giá: 2274.17
2026-04-20 09:23:36,799 - INFO - [SPEED] ETHUSDT  | Giá: 2274.17
2026-04-20 09:23:36,800 - INFO - [SPEED] ETHUSDT  | Giá: 2274.17
2026-04-20 09:23:36,800 - INFO - [SPEED] ETHUSDT  | Giá: 2274.17
2026-04-20 09:23:36,800 - INFO - [SPEED] ETHUSDT  | Giá: 2274.17
2026-04-20 09:23:36,801 - INFO - [SPEED] ETHUSDT  | Giá: 2274.17
2026-04-20 09:23:36,802 - INFO - [SPEED] ETHUSDT  | Giá: 2274.17
2026-04-20 09:23:36,802 - INFO - [SPEED] ETHUSDT  | Giá: 2274.17
2026-04-20 09:23:36,802 - INFO - [SPEED] ETHUSDT  | Giá: 2274.17
2026-04-20 09:23:36,803 - INFO - [SPEED] ETHUSDT  | Giá: 2274.17
2026-04-20 09:23:36,803 - INFO - [SPEED] ETHUSDT  | Giá: 2274.17
2026-04-20 09:23:36,804 - INFO - [SPEED] ETHUSDT  | Giá: 2274.16
2026-04-20 09:23:36,804 - INFO - [SPEED] ETHUSDT  | Giá: 2274.16
2026-04-20 09:23:36,805 - INFO - [SPEED] ETHUSDT  | Giá: 2274.16
2026-04-20 09:23:36,806 - INFO - [SPEED] ETHUSDT  | Giá: 2274.14
2026-04-20 09:23:36,807 - INFO - [SPEED] ETHUSDT  | Giá: 2274.14
2026-04-20 09:23:36,807 - INFO - [SPEED] ETHUSDT  | Giá: 2274.14
2026-04-20 09:23:36,808 - INFO - [SPEED] ETHUSDT  | Giá: 2274.13
2026-04-20 09:23:36,809 - INFO - [SPEED] ETHUSDT  | Giá: 2274.13
2026-04-20 09:23:36,810 - INFO - [SPEED] BTCUSDT  | Giá: 74374.0
2026-04-20 09:23:36,811 - INFO - [SPEED] BTCUSDT  | Giá: 74374.0
2026-04-20 09:23:36,811 - INFO - [SPEED] BTCUSDT  | Giá: 74374.0
2026-04-20 09:23:36,813 - INFO - [SPEED] BTCUSDT  | Giá: 74374.0
2026-04-20 09:23:36,814 - INFO - [SPEED] BTCUSDT  | Giá: 74374.0
2026-04-20 09:23:36,814 - INFO - [SPEED] BTCUSDT  | Giá: 74374.0
2026-04-20 09:23:36,814 - INFO - [SPEED] BTCUSDT  | Giá: 74374.0
2026-04-20 09:23:36,815 - INFO - [SPEED] BTCUSDT  | Giá: 74374.0
2026-04-20 09:23:36,816 - INFO - [SPEED] BTCUSDT  | Giá: 74374.0
2026-04-20 09:23:36,816 - INFO - [SPEED] BTCUSDT  | Giá: 74374.0
2026-04-20 09:23:36,817 - INFO - [SPEED] BTCUSDT  | Giá: 74374.0
2026-04-20 09:23:36,817 - INFO - [SPEED] BTCUSDT  | Giá: 74374.0
2026-04-20 09:23:36,817 - INFO - [SPEED] BTCUSDT  | Giá: 74374.0
2026-04-20 09:23:36,817 - INFO - [SPEED] BTCUSDT  | Giá: 74374.0
2026-04-20 09:23:36,818 - INFO - [SPEED] BTCUSDT  | Giá: 74374.0
2026-04-20 09:23:36,819 - INFO - [SPEED] BTCUSDT  | Giá: 74374.0
2026-04-20 09:23:36,819 - INFO - [SPEED] BTCUSDT  | Giá: 74374.0
2026-04-20 09:23:36,821 - INFO - [SPEED] BTCUSDT  | Giá: 74374.0
2026-04-20 09:23:36,821 - INFO - [SPEED] BTCUSDT  | Giá: 74374.0
2026-04-20 09:23:36,822 - INFO - [SPEED] BTCUSDT  | Giá: 74374.0
2026-04-20 09:23:36,823 - INFO - [SPEED] BTCUSDT  | Giá: 74374.0
2026-04-20 09:23:36,823 - INFO - [SPEED] BTCUSDT  | Giá: 74374.0
2026-04-20 09:23:36,824 - INFO - [SPEED] BTCUSDT  | Giá: 74374.0
2026-04-20 09:23:36,824 - INFO - [SPEED] BTCUSDT  | Giá: 74374.0
2026-04-20 09:23:36,825 - INFO - [SPEED] BTCUSDT  | Giá: 74374.0
2026-04-20 09:23:36,825 - INFO - [SPEED] BTCUSDT  | Giá: 74374.0
2026-04-20 09:23:36,826 - INFO - [SPEED] BTCUSDT  | Giá: 74374.0
2026-04-20 09:23:36,826 - INFO - [SPEED] BTCUSDT  | Giá: 74374.0
2026-04-20 09:23:36,827 - INFO - [SPEED] BTCUSDT  | Giá: 74374.0
2026-04-20 09:23:36,827 - INFO - [SPEED] BTCUSDT  | Giá: 74374.0
2026-04-20 09:23:36,828 - INFO - [SPEED] BTCUSDT  | Giá: 74374.0
2026-04-20 09:23:36,829 - INFO - [SPEED] BTCUSDT  | Giá: 74374.0
2026-04-20 09:23:36,830 - INFO - [SPEED] BTCUSDT  | Giá: 74374.0
2026-04-20 09:23:36,830 - INFO - [SPEED] BTCUSDT  | Giá: 74374.0
2026-04-20 09:23:36,831 - INFO - [SPEED] BTCUSDT  | Giá: 74374.0
2026-04-20 09:23:36,832 - INFO - [SPEED] BTCUSDT  | Giá: 74374.0
2026-04-20 09:23:36,832 - INFO - [SPEED] BTCUSDT  | Giá: 74374.0
2026-04-20 09:23:36,833 - INFO - [SPEED] BTCUSDT  | Giá: 74374.0
2026-04-20 09:23:36,834 - INFO - [SPEED] ETHUSDT  | Giá: 2274.12
2026-04-20 09:23:36,834 - INFO - [SPEED] ETHUSDT  | Giá: 2274.12
2026-04-20 09:23:36,836 - INFO - [SPEED] ETHUSDT  | Giá: 2274.12
2026-04-20 09:23:36,836 - INFO - [SPEED] ETHUSDT  | Giá: 2274.12
2026-04-20 09:23:36,836 - INFO - [SPEED] ETHUSDT  | Giá: 2274.12
2026-04-20 09:23:36,837 - INFO - [SPEED] ETHUSDT  | Giá: 2274.12
2026-04-20 09:23:36,837 - INFO - [SPEED] ETHUSDT  | Giá: 2274.12
2026-04-20 09:23:36,838 - INFO - [SPEED] ETHUSDT  | Giá: 2274.12
2026-04-20 09:23:36,838 - INFO - [SPEED] ETHUSDT  | Giá: 2274.12
2026-04-20 09:23:36,840 - INFO - [SPEED] ETHUSDT  | Giá: 2274.12
2026-04-20 09:23:36,840 - INFO - [SPEED] ETHUSDT  | Giá: 2274.12
2026-04-20 09:23:36,840 - INFO - [SPEED] ETHUSDT  | Giá: 2274.11
2026-04-20 09:23:36,842 - INFO - [SPEED] ETHUSDT  | Giá: 2274.11
2026-04-20 09:23:36,842 - INFO - [SPEED] ETHUSDT  | Giá: 2274.11
2026-04-20 09:23:36,843 - INFO - [SPEED] ETHUSDT  | Giá: 2274.11
2026-04-20 09:23:36,844 - INFO - [SPEED] ETHUSDT  | Giá: 2274.11
2026-04-20 09:23:36,845 - INFO - [SPEED] ETHUSDT  | Giá: 2274.11
2026-04-20 09:23:36,846 - INFO - [SPEED] ETHUSDT  | Giá: 2274.11
2026-04-20 09:23:36,846 - INFO - [SPEED] ETHUSDT  | Giá: 2274.11
2026-04-20 09:23:36,847 - INFO - [SPEED] ETHUSDT  | Giá: 2274.1
2026-04-20 09:23:36,847 - INFO - [SPEED] ETHUSDT  | Giá: 2274.09
2026-04-20 09:23:36,848 - INFO - [SPEED] ETHUSDT  | Giá: 2274.09
2026-04-20 09:23:36,850 - INFO - [SPEED] ETHUSDT  | Giá: 2274.08
2026-04-20 09:23:36,850 - INFO - [SPEED] ETHUSDT  | Giá: 2274.08
2026-04-20 09:23:36,851 - INFO - [SPEED] ETHUSDT  | Giá: 2274.08
2026-04-20 09:23:36,851 - INFO - [SPEED] ETHUSDT  | Giá: 2274.08
2026-04-20 09:23:36,852 - INFO - [SPEED] ETHUSDT  | Giá: 2274.08
2026-04-20 09:23:36,853 - INFO - [SPEED] ETHUSDT  | Giá: 2274.07
2026-04-20 09:23:36,853 - INFO - [SPEED] ETHUSDT  | Giá: 2274.07
2026-04-20 09:23:36,865 - ERROR - ❌ Lỗi lưu MinIO: An error occurred (NoSuchBucket) when calling the PutObject operation: The specified bucket does not exist
2026-04-20 09:23:36,865 - INFO - [SPEED] ETHUSDT  | Giá: 2274.07
2026-04-20 09:23:36,866 - INFO - [SPEED] ETHUSDT  | Giá: 2274.07
2026-04-20 09:23:36,867 - INFO - [SPEED] ETHUSDT  | Giá: 2274.07
2026-04-20 09:23:36,867 - INFO - [SPEED] ETHUSDT  | Giá: 2274.06
2026-04-20 09:23:36,868 - INFO - [SPEED] ETHUSDT  | Giá: 2274.06
2026-04-20 09:23:36,868 - INFO - [SPEED] ETHUSDT  | Giá: 2274.05
2026-04-20 09:23:36,869 - INFO - [SPEED] ETHUSDT  | Giá: 2274.05
2026-04-20 09:23:36,870 - INFO - [SPEED] ETHUSDT  | Giá: 2274.05
2026-04-20 09:23:36,870 - INFO - [SPEED] ETHUSDT  | Giá: 2274.04
2026-04-20 09:23:36,871 - INFO - [SPEED] ETHUSDT  | Giá: 2274.04
2026-04-20 09:23:36,872 - INFO - [SPEED] ETHUSDT  | Giá: 2274.03
2026-04-20 09:23:36,873 - INFO - [SPEED] ETHUSDT  | Giá: 2274.01
2026-04-20 09:23:36,874 - INFO - [SPEED] ETHUSDT  | Giá: 2274.01
2026-04-20 09:23:36,874 - INFO - [SPEED] ETHUSDT  | Giá: 2274.01
2026-04-20 09:23:36,874 - INFO - [SPEED] ETHUSDT  | Giá: 2274.01
2026-04-20 09:23:36,875 - INFO - [SPEED] ETHUSDT  | Giá: 2274.01
2026-04-20 09:23:36,875 - INFO - [SPEED] ETHUSDT  | Giá: 2274.01
2026-04-20 09:23:36,876 - INFO - [SPEED] ETHUSDT  | Giá: 2274.01
2026-04-20 09:23:36,877 - INFO - [SPEED] SOLUSDT  | Giá: 83.92
2026-04-20 09:23:36,878 - INFO - [SPEED] SOLUSDT  | Giá: 83.92
2026-04-20 09:23:36,879 - INFO - [SPEED] SOLUSDT  | Giá: 83.92
2026-04-20 09:23:36,880 - INFO - [SPEED] SOLUSDT  | Giá: 83.92
2026-04-20 09:23:36,880 - INFO - [SPEED] SOLUSDT  | Giá: 83.92
2026-04-20 09:23:36,881 - INFO - [SPEED] SOLUSDT  | Giá: 83.92
2026-04-20 09:23:36,881 - INFO - [SPEED] SOLUSDT  | Giá: 83.92
2026-04-20 09:23:36,882 - INFO - [SPEED] SOLUSDT  | Giá: 83.92
2026-04-20 09:23:36,883 - INFO - [SPEED] SOLUSDT  | Giá: 83.92
2026-04-20 09:23:36,884 - INFO - [SPEED] SOLUSDT  | Giá: 83.92
2026-04-20 09:23:36,885 - INFO - [SPEED] SOLUSDT  | Giá: 83.92
2026-04-20 09:23:36,885 - INFO - [SPEED] SOLUSDT  | Giá: 83.92
2026-04-20 09:23:36,886 - INFO - [SPEED] SOLUSDT  | Giá: 83.92
2026-04-20 09:23:36,887 - INFO - [SPEED] SOLUSDT  | Giá: 83.92
2026-04-20 09:23:36,888 - INFO - [SPEED] SOLUSDT  | Giá: 83.92
2026-04-20 09:23:36,888 - INFO - [SPEED] SOLUSDT  | Giá: 83.92
2026-04-20 09:23:36,888 - INFO - [SPEED] SOLUSDT  | Giá: 83.92
2026-04-20 09:23:36,889 - INFO - [SPEED] SOLUSDT  | Giá: 83.92
2026-04-20 09:23:36,889 - INFO - [SPEED] SOLUSDT  | Giá: 83.92
2026-04-20 09:23:36,890 - INFO - [SPEED] SOLUSDT  | Giá: 83.92
2026-04-20 09:23:36,891 - INFO - [SPEED] SOLUSDT  | Giá: 83.92
2026-04-20 09:23:36,891 - INFO - [SPEED] SOLUSDT  | Giá: 83.92
2026-04-20 09:23:36,891 - INFO - [SPEED] SOLUSDT  | Giá: 83.92
2026-04-20 09:23:36,892 - INFO - [SPEED] SOLUSDT  | Giá: 83.92
2026-04-20 09:23:36,893 - INFO - [SPEED] SOLUSDT  | Giá: 83.92
2026-04-20 09:23:36,894 - INFO - [SPEED] SOLUSDT  | Giá: 83.92
2026-04-20 09:23:36,895 - INFO - [SPEED] SOLUSDT  | Giá: 83.92
2026-04-20 09:23:36,895 - INFO - [SPEED] SOLUSDT  | Giá: 83.92
2026-04-20 09:23:36,896 - INFO - [SPEED] SOLUSDT  | Giá: 83.92
2026-04-20 09:23:36,897 - INFO - [SPEED] SOLUSDT  | Giá: 83.92
2026-04-20 09:23:36,897 - INFO - [SPEED] SOLUSDT  | Giá: 83.92
2026-04-20 09:23:36,898 - INFO - [SPEED] SOLUSDT  | Giá: 83.92
2026-04-20 09:23:36,898 - INFO - [SPEED] SOLUSDT  | Giá: 83.92
2026-04-20 09:23:36,899 - INFO - [SPEED] SOLUSDT  | Giá: 83.92
2026-04-20 09:23:36,900 - INFO - [SPEED] SOLUSDT  | Giá: 83.92
2026-04-20 09:23:36,900 - INFO - [SPEED] SOLUSDT  | Giá: 83.92
2026-04-20 09:23:36,901 - INFO - [SPEED] SOLUSDT  | Giá: 83.92
2026-04-20 09:23:36,902 - INFO - [SPEED] SOLUSDT  | Giá: 83.92
2026-04-20 09:23:36,902 - INFO - [SPEED] SOLUSDT  | Giá: 83.92
2026-04-20 09:23:36,902 - INFO - [SPEED] SOLUSDT  | Giá: 83.92
2026-04-20 09:23:36,903 - INFO - [SPEED] SOLUSDT  | Giá: 83.91
2026-04-20 09:23:36,903 - INFO - [SPEED] SOLUSDT  | Giá: 83.91
2026-04-20 09:23:36,904 - INFO - [SPEED] SOLUSDT  | Giá: 83.91
2026-04-20 09:23:36,904 - INFO - [SPEED] SOLUSDT  | Giá: 83.91
2026-04-20 09:23:36,905 - INFO - [SPEED] SOLUSDT  | Giá: 83.91
2026-04-20 09:23:36,907 - INFO - [SPEED] SOLUSDT  | Giá: 83.91
2026-04-20 09:23:36,907 - INFO - [SPEED] SOLUSDT  | Giá: 83.91
2026-04-20 09:23:36,908 - INFO - [SPEED] SOLUSDT  | Giá: 83.91
2026-04-20 09:23:36,909 - INFO - [SPEED] SOLUSDT  | Giá: 83.91
2026-04-20 09:23:36,910 - INFO - [SPEED] SOLUSDT  | Giá: 83.91
2026-04-20 09:23:36,910 - INFO - [SPEED] SOLUSDT  | Giá: 83.91
2026-04-20 09:23:36,910 - INFO - [SPEED] SOLUSDT  | Giá: 83.91
2026-04-20 09:23:36,911 - INFO - [SPEED] SOLUSDT  | Giá: 83.91
2026-04-20 09:23:36,911 - INFO - [SPEED] SOLUSDT  | Giá: 83.91
2026-04-20 09:23:36,912 - INFO - [SPEED] SOLUSDT  | Giá: 83.91
2026-04-20 09:23:36,913 - INFO - [SPEED] SOLUSDT  | Giá: 83.91
2026-04-20 09:23:36,913 - INFO - [SPEED] SOLUSDT  | Giá: 83.91
2026-04-20 09:23:36,914 - INFO - [SPEED] SOLUSDT  | Giá: 83.91
2026-04-20 09:23:36,914 - INFO - [SPEED] SOLUSDT  | Giá: 83.91
2026-04-20 09:23:36,914 - INFO - [SPEED] SOLUSDT  | Giá: 83.91
2026-04-20 09:23:36,915 - INFO - [SPEED] SOLUSDT  | Giá: 83.91
2026-04-20 09:23:36,916 - INFO - [SPEED] SOLUSDT  | Giá: 83.91
2026-04-20 09:23:36,917 - INFO - [SPEED] SOLUSDT  | Giá: 83.91
2026-04-20 09:23:36,917 - INFO - [SPEED] SOLUSDT  | Giá: 83.91
2026-04-20 09:23:36,918 - INFO - [SPEED] SOLUSDT  | Giá: 83.91
2026-04-20 09:23:36,918 - INFO - [SPEED] SOLUSDT  | Giá: 83.91
2026-04-20 09:23:36,918 - INFO - [SPEED] SOLUSDT  | Giá: 83.91
2026-04-20 09:23:36,919 - INFO - [SPEED] SOLUSDT  | Giá: 83.91
2026-04-20 09:23:36,920 - INFO - [SPEED] SOLUSDT  | Giá: 83.91
2026-04-20 09:23:36,920 - INFO - [SPEED] SOLUSDT  | Giá: 83.91
2026-04-20 09:23:36,921 - INFO - [SPEED] SOLUSDT  | Giá: 83.91
2026-04-20 09:23:36,922 - INFO - [SPEED] SOLUSDT  | Giá: 83.91
2026-04-20 09:23:36,923 - INFO - [SPEED] SOLUSDT  | Giá: 83.91
2026-04-20 09:23:36,924 - INFO - [SPEED] SOLUSDT  | Giá: 83.91
2026-04-20 09:23:36,924 - INFO - [SPEED] SOLUSDT  | Giá: 83.91
2026-04-20 09:23:36,925 - INFO - [SPEED] SOLUSDT  | Giá: 83.91
2026-04-20 09:23:36,926 - INFO - [SPEED] SOLUSDT  | Giá: 83.91
2026-04-20 09:23:36,926 - INFO - [SPEED] ETHUSDT  | Giá: 2274.01
2026-04-20 09:23:36,927 - INFO - [SPEED] SOLUSDT  | Giá: 83.92
2026-04-20 09:23:36,928 - INFO - [SPEED] BNBUSDT  | Giá: 620.37
2026-04-20 09:23:36,928 - INFO - [SPEED] ETHUSDT  | Giá: 2274.01
2026-04-20 09:23:36,930 - INFO - [SPEED] ETHUSDT  | Giá: 2274.01
2026-04-20 09:23:36,943 - ERROR - ❌ Lỗi lưu MinIO: An error occurred (NoSuchBucket) when calling the PutObject operation: The specified bucket does not exist
2026-04-20 09:23:36,944 - INFO - [SPEED] BTCUSDT  | Giá: 74373.99
2026-04-20 09:23:36,944 - INFO - [SPEED] BTCUSDT  | Giá: 74373.99
2026-04-20 09:23:36,945 - INFO - [SPEED] BTCUSDT  | Giá: 74373.99
2026-04-20 09:23:36,945 - INFO - [SPEED] BTCUSDT  | Giá: 74373.99
2026-04-20 09:23:36,946 - INFO - [SPEED] BTCUSDT  | Giá: 74373.99
2026-04-20 09:23:36,947 - INFO - [SPEED] BTCUSDT  | Giá: 74373.99
2026-04-20 09:23:36,948 - INFO - [SPEED] BTCUSDT  | Giá: 74373.99
2026-04-20 09:23:36,949 - INFO - [SPEED] BTCUSDT  | Giá: 74373.99
2026-04-20 09:23:36,949 - INFO - [SPEED] BTCUSDT  | Giá: 74373.99
2026-04-20 09:23:36,950 - INFO - [SPEED] ETHUSDT  | Giá: 2274.01
2026-04-20 09:23:36,951 - INFO - [SPEED] ETHUSDT  | Giá: 2274.0
2026-04-20 09:23:36,952 - INFO - [SPEED] ETHUSDT  | Giá: 2274.0
2026-04-20 09:23:36,953 - INFO - [SPEED] ETHUSDT  | Giá: 2274.0
2026-04-20 09:23:36,954 - INFO - [SPEED] ETHUSDT  | Giá: 2274.0
2026-04-20 09:23:36,954 - INFO - [SPEED] ETHUSDT  | Giá: 2274.0
2026-04-20 09:23:36,956 - INFO - [SPEED] ETHUSDT  | Giá: 2274.0
2026-04-20 09:23:36,958 - INFO - [SPEED] ETHUSDT  | Giá: 2274.0
2026-04-20 09:23:36,958 - INFO - [SPEED] ETHUSDT  | Giá: 2274.0
2026-04-20 09:23:36,959 - INFO - [SPEED] ETHUSDT  | Giá: 2274.0
2026-04-20 09:23:36,959 - INFO - [SPEED] ETHUSDT  | Giá: 2274.0
2026-04-20 09:23:36,960 - INFO - [SPEED] ETHUSDT  | Giá: 2274.0
2026-04-20 09:23:36,960 - INFO - [SPEED] ETHUSDT  | Giá: 2274.0
2026-04-20 09:23:36,962 - INFO - [SPEED] ETHUSDT  | Giá: 2274.0
2026-04-20 09:23:36,962 - INFO - [SPEED] ETHUSDT  | Giá: 2274.0
2026-04-20 09:23:36,963 - INFO - [SPEED] ETHUSDT  | Giá: 2274.0
2026-04-20 09:23:36,963 - INFO - [SPEED] ETHUSDT  | Giá: 2274.0
2026-04-20 09:23:36,964 - INFO - [SPEED] ETHUSDT  | Giá: 2274.0
2026-04-20 09:23:36,964 - INFO - [SPEED] ETHUSDT  | Giá: 2274.0
2026-04-20 09:23:36,964 - INFO - [SPEED] ETHUSDT  | Giá: 2274.0
2026-04-20 09:23:36,965 - INFO - [SPEED] ETHUSDT  | Giá: 2274.0
2026-04-20 09:23:36,966 - INFO - [SPEED] ETHUSDT  | Giá: 2274.0
2026-04-20 09:23:36,966 - INFO - [SPEED] ETHUSDT  | Giá: 2274.0
2026-04-20 09:23:36,967 - INFO - [SPEED] ETHUSDT  | Giá: 2274.0
2026-04-20 09:23:36,967 - INFO - [SPEED] ETHUSDT  | Giá: 2274.0
2026-04-20 09:23:36,968 - INFO - [SPEED] ETHUSDT  | Giá: 2274.0
2026-04-20 09:23:36,969 - INFO - [SPEED] ETHUSDT  | Giá: 2274.0
2026-04-20 09:23:36,969 - INFO - [SPEED] ETHUSDT  | Giá: 2274.0
2026-04-20 09:23:36,970 - INFO - [SPEED] ETHUSDT  | Giá: 2274.0
2026-04-20 09:23:36,971 - INFO - [SPEED] ETHUSDT  | Giá: 2274.0
2026-04-20 09:23:36,972 - INFO - [SPEED] ETHUSDT  | Giá: 2274.0
2026-04-20 09:23:36,972 - INFO - [SPEED] ETHUSDT  | Giá: 2274.0
2026-04-20 09:23:36,973 - INFO - [SPEED] ETHUSDT  | Giá: 2274.0
2026-04-20 09:23:36,973 - INFO - [SPEED] ETHUSDT  | Giá: 2274.0
2026-04-20 09:23:36,974 - INFO - [SPEED] ETHUSDT  | Giá: 2274.0
2026-04-20 09:23:36,974 - INFO - [SPEED] ETHUSDT  | Giá: 2274.0
2026-04-20 09:23:36,975 - INFO - [SPEED] ETHUSDT  | Giá: 2274.0
2026-04-20 09:23:36,975 - INFO - [SPEED] ETHUSDT  | Giá: 2274.0
2026-04-20 09:23:36,975 - INFO - [SPEED] ETHUSDT  | Giá: 2274.0
2026-04-20 09:23:36,976 - INFO - [SPEED] ETHUSDT  | Giá: 2274.0
2026-04-20 09:23:36,977 - INFO - [SPEED] ETHUSDT  | Giá: 2274.0
2026-04-20 09:23:36,977 - INFO - [SPEED] ETHUSDT  | Giá: 2274.0
2026-04-20 09:23:36,978 - INFO - [SPEED] ETHUSDT  | Giá: 2274.0
2026-04-20 09:23:36,978 - INFO - [SPEED] ETHUSDT  | Giá: 2274.0
2026-04-20 09:23:36,979 - INFO - [SPEED] ETHUSDT  | Giá: 2274.0
2026-04-20 09:23:36,980 - INFO - [SPEED] ETHUSDT  | Giá: 2274.0
2026-04-20 09:23:36,981 - INFO - [SPEED] ETHUSDT  | Giá: 2274.0
2026-04-20 09:23:36,982 - INFO - [SPEED] ETHUSDT  | Giá: 2274.0
2026-04-20 09:23:36,982 - INFO - [SPEED] ETHUSDT  | Giá: 2274.0
2026-04-20 09:23:36,983 - INFO - [SPEED] ETHUSDT  | Giá: 2274.0
2026-04-20 09:23:36,984 - INFO - [SPEED] ETHUSDT  | Giá: 2274.0
2026-04-20 09:23:36,985 - INFO - [SPEED] ETHUSDT  | Giá: 2274.0
2026-04-20 09:23:36,985 - INFO - [SPEED] ETHUSDT  | Giá: 2274.0
2026-04-20 09:23:36,986 - INFO - [SPEED] ETHUSDT  | Giá: 2274.0
2026-04-20 09:23:36,986 - INFO - [SPEED] ETHUSDT  | Giá: 2274.0
2026-04-20 09:23:36,987 - INFO - [SPEED] ETHUSDT  | Giá: 2274.0
2026-04-20 09:23:36,987 - INFO - [SPEED] ETHUSDT  | Giá: 2274.0
2026-04-20 09:23:36,988 - INFO - [SPEED] ETHUSDT  | Giá: 2274.0
2026-04-20 09:23:36,989 - INFO - [SPEED] ETHUSDT  | Giá: 2274.0
2026-04-20 09:23:36,990 - INFO - [SPEED] ETHUSDT  | Giá: 2274.0
2026-04-20 09:23:36,990 - INFO - [SPEED] ETHUSDT  | Giá: 2274.0
2026-04-20 09:23:36,991 - INFO - [SPEED] ETHUSDT  | Giá: 2274.0
2026-04-20 09:23:36,992 - INFO - [SPEED] ETHUSDT  | Giá: 2274.0
2026-04-20 09:23:36,992 - INFO - [SPEED] ETHUSDT  | Giá: 2274.0
2026-04-20 09:23:36,993 - INFO - [SPEED] ETHUSDT  | Giá: 2274.0
2026-04-20 09:23:36,994 - INFO - [SPEED] ETHUSDT  | Giá: 2274.0
2026-04-20 09:23:36,995 - INFO - [SPEED] ETHUSDT  | Giá: 2274.0
2026-04-20 09:23:36,995 - INFO - [SPEED] ETHUSDT  | Giá: 2274.0
2026-04-20 09:23:36,996 - INFO - [SPEED] ETHUSDT  | Giá: 2274.0
2026-04-20 09:23:36,997 - INFO - [SPEED] ETHUSDT  | Giá: 2274.01
2026-04-20 09:23:36,998 - INFO - [SPEED] BNBUSDT  | Giá: 620.37
2026-04-20 09:23:36,999 - INFO - [SPEED] BTCUSDT  | Giá: 74373.99
2026-04-20 09:23:37,000 - INFO - [SPEED] BTCUSDT  | Giá: 74373.99
2026-04-20 09:23:37,001 - INFO - [SPEED] BTCUSDT  | Giá: 74373.99
2026-04-20 09:23:37,003 - INFO - [SPEED] BTCUSDT  | Giá: 74373.99
2026-04-20 09:23:37,004 - INFO - [SPEED] BTCUSDT  | Giá: 74373.99
2026-04-20 09:23:37,005 - INFO - [SPEED] BTCUSDT  | Giá: 74373.99
2026-04-20 09:23:37,005 - INFO - [SPEED] BTCUSDT  | Giá: 74373.99
2026-04-20 09:23:37,006 - INFO - [SPEED] BTCUSDT  | Giá: 74373.99
2026-04-20 09:23:37,006 - INFO - [SPEED] BTCUSDT  | Giá: 74373.99
2026-04-20 09:23:37,007 - INFO - [SPEED] BTCUSDT  | Giá: 74373.99
2026-04-20 09:23:37,007 - INFO - [SPEED] BTCUSDT  | Giá: 74373.99
2026-04-20 09:23:37,007 - INFO - [SPEED] BTCUSDT  | Giá: 74373.99
2026-04-20 09:23:37,008 - INFO - [SPEED] BTCUSDT  | Giá: 74373.99
2026-04-20 09:23:37,009 - INFO - [SPEED] BTCUSDT  | Giá: 74373.99
2026-04-20 09:23:37,009 - INFO - [SPEED] BTCUSDT  | Giá: 74373.99
2026-04-20 09:23:37,010 - INFO - [SPEED] BTCUSDT  | Giá: 74373.99
2026-04-20 09:23:37,011 - INFO - [SPEED] BTCUSDT  | Giá: 74373.99
2026-04-20 09:23:37,011 - INFO - [SPEED] BTCUSDT  | Giá: 74373.99
2026-04-20 09:23:37,012 - INFO - [SPEED] BTCUSDT  | Giá: 74373.99
2026-04-20 09:23:37,013 - INFO - [SPEED] BTCUSDT  | Giá: 74373.99
2026-04-20 09:23:37,029 - ERROR - ❌ Lỗi lưu MinIO: An error occurred (NoSuchBucket) when calling the PutObject operation: The specified bucket does not exist
2026-04-20 09:23:37,029 - INFO - [SPEED] BTCUSDT  | Giá: 74373.99
2026-04-20 09:23:37,030 - INFO - [SPEED] BTCUSDT  | Giá: 74373.99
2026-04-20 09:23:37,030 - INFO - [SPEED] BTCUSDT  | Giá: 74373.99
2026-04-20 09:23:37,031 - INFO - [SPEED] BTCUSDT  | Giá: 74373.99
2026-04-20 09:23:37,032 - INFO - [SPEED] BTCUSDT  | Giá: 74373.99
2026-04-20 09:23:37,032 - INFO - [SPEED] BTCUSDT  | Giá: 74373.99
2026-04-20 09:23:37,033 - INFO - [SPEED] BTCUSDT  | Giá: 74373.99
2026-04-20 09:23:37,034 - INFO - [SPEED] BTCUSDT  | Giá: 74373.99
2026-04-20 09:23:37,034 - INFO - [SPEED] BTCUSDT  | Giá: 74373.99
2026-04-20 09:23:37,035 - INFO - [SPEED] BTCUSDT  | Giá: 74373.99
2026-04-20 09:23:37,036 - INFO - [SPEED] BTCUSDT  | Giá: 74373.99
2026-04-20 09:23:37,037 - INFO - [SPEED] BTCUSDT  | Giá: 74373.99
2026-04-20 09:23:37,038 - INFO - [SPEED] BTCUSDT  | Giá: 74373.99
2026-04-20 09:23:37,040 - INFO - [SPEED] BTCUSDT  | Giá: 74373.99
2026-04-20 09:23:37,040 - INFO - [SPEED] BTCUSDT  | Giá: 74373.99
2026-04-20 09:23:37,041 - INFO - [SPEED] BTCUSDT  | Giá: 74373.98
2026-04-20 09:23:37,041 - INFO - [SPEED] BTCUSDT  | Giá: 74373.98
2026-04-20 09:23:37,042 - INFO - [SPEED] BTCUSDT  | Giá: 74373.98
2026-04-20 09:23:37,043 - INFO - [SPEED] BTCUSDT  | Giá: 74373.98
2026-04-20 09:23:37,043 - INFO - [SPEED] BTCUSDT  | Giá: 74373.98
2026-04-20 09:23:37,045 - INFO - [SPEED] BTCUSDT  | Giá: 74373.98
2026-04-20 09:23:37,045 - INFO - [SPEED] BTCUSDT  | Giá: 74373.98
2026-04-20 09:23:37,046 - INFO - [SPEED] BTCUSDT  | Giá: 74373.98
2026-04-20 09:23:37,048 - INFO - [SPEED] BTCUSDT  | Giá: 74373.98
2026-04-20 09:23:37,048 - INFO - [SPEED] BTCUSDT  | Giá: 74373.98
2026-04-20 09:23:37,049 - INFO - [SPEED] BTCUSDT  | Giá: 74373.98
2026-04-20 09:23:37,050 - INFO - [SPEED] BTCUSDT  | Giá: 74373.85
2026-04-20 09:23:37,051 - INFO - [SPEED] BTCUSDT  | Giá: 74373.85
2026-04-20 09:23:37,052 - INFO - [SPEED] BTCUSDT  | Giá: 74373.8
2026-04-20 09:23:37,052 - INFO - [SPEED] BTCUSDT  | Giá: 74373.8
2026-04-20 09:23:37,053 - INFO - [SPEED] BTCUSDT  | Giá: 74373.6
2026-04-20 09:23:37,053 - INFO - [SPEED] BTCUSDT  | Giá: 74373.46
2026-04-20 09:23:37,055 - INFO - [SPEED] BTCUSDT  | Giá: 74373.46
2026-04-20 09:23:37,056 - INFO - [SPEED] BTCUSDT  | Giá: 74373.46
2026-04-20 09:23:37,057 - INFO - [SPEED] ETHUSDT  | Giá: 2274.01
2026-04-20 09:23:37,058 - INFO - [SPEED] SOLUSDT  | Giá: 83.92
2026-04-20 09:23:37,059 - INFO - [SPEED] ETHUSDT  | Giá: 2274.0
2026-04-20 09:23:37,059 - INFO - [SPEED] ETHUSDT  | Giá: 2274.0
2026-04-20 09:23:37,060 - INFO - [SPEED] ETHUSDT  | Giá: 2274.0
2026-04-20 09:23:37,060 - INFO - [SPEED] ETHUSDT  | Giá: 2274.0
2026-04-20 09:23:37,060 - INFO - [SPEED] ETHUSDT  | Giá: 2274.0
2026-04-20 09:23:37,061 - INFO - [SPEED] ETHUSDT  | Giá: 2274.0
2026-04-20 09:23:37,061 - INFO - [SPEED] ETHUSDT  | Giá: 2274.0
2026-04-20 09:23:37,061 - INFO - [SPEED] ETHUSDT  | Giá: 2274.0
2026-04-20 09:23:37,062 - INFO - [SPEED] ETHUSDT  | Giá: 2274.0
2026-04-20 09:23:37,062 - INFO - [SPEED] ETHUSDT  | Giá: 2274.0
2026-04-20 09:23:37,062 - INFO - [SPEED] ETHUSDT  | Giá: 2274.0
2026-04-20 09:23:37,063 - INFO - [SPEED] ETHUSDT  | Giá: 2274.0
2026-04-20 09:23:37,064 - INFO - [SPEED] ETHUSDT  | Giá: 2274.0
2026-04-20 09:23:37,064 - INFO - [SPEED] ETHUSDT  | Giá: 2274.0
2026-04-20 09:23:37,065 - INFO - [SPEED] ETHUSDT  | Giá: 2274.0
2026-04-20 09:23:37,065 - INFO - [SPEED] ETHUSDT  | Giá: 2274.0
2026-04-20 09:23:37,067 - INFO - [SPEED] ETHUSDT  | Giá: 2274.0
2026-04-20 09:23:37,067 - INFO - [SPEED] ETHUSDT  | Giá: 2274.0
2026-04-20 09:23:37,068 - INFO - [SPEED] ETHUSDT  | Giá: 2274.0
2026-04-20 09:23:37,068 - INFO - [SPEED] ETHUSDT  | Giá: 2274.0
2026-04-20 09:23:37,069 - INFO - [SPEED] ETHUSDT  | Giá: 2274.0
2026-04-20 09:23:37,070 - INFO - [SPEED] ETHUSDT  | Giá: 2274.0
2026-04-20 09:23:37,071 - INFO - [SPEED] ETHUSDT  | Giá: 2274.0
2026-04-20 09:23:37,071 - INFO - [SPEED] ETHUSDT  | Giá: 2274.0
2026-04-20 09:23:37,071 - INFO - [SPEED] ETHUSDT  | Giá: 2274.0
2026-04-20 09:23:37,072 - INFO - [SPEED] ETHUSDT  | Giá: 2274.0
2026-04-20 09:23:37,073 - INFO - [SPEED] ETHUSDT  | Giá: 2274.0
2026-04-20 09:23:37,074 - INFO - [SPEED] ETHUSDT  | Giá: 2274.0
2026-04-20 09:23:37,075 - INFO - [SPEED] ETHUSDT  | Giá: 2274.0
2026-04-20 09:23:37,076 - INFO - [SPEED] ETHUSDT  | Giá: 2274.0
2026-04-20 09:23:37,076 - INFO - [SPEED] ETHUSDT  | Giá: 2274.0
2026-04-20 09:23:37,078 - INFO - [SPEED] ETHUSDT  | Giá: 2273.99
2026-04-20 09:23:37,078 - INFO - [SPEED] ETHUSDT  | Giá: 2273.99
2026-04-20 09:23:37,079 - INFO - [SPEED] ETHUSDT  | Giá: 2273.99
2026-04-20 09:23:37,079 - INFO - [SPEED] ETHUSDT  | Giá: 2273.99
2026-04-20 09:23:37,081 - INFO - [SPEED] ETHUSDT  | Giá: 2273.99
2026-04-20 09:23:37,082 - INFO - [SPEED] ETHUSDT  | Giá: 2273.99
2026-04-20 09:23:37,083 - INFO - [SPEED] ETHUSDT  | Giá: 2273.97
2026-04-20 09:23:37,083 - INFO - [SPEED] ETHUSDT  | Giá: 2273.97
2026-04-20 09:23:37,084 - INFO - [SPEED] ETHUSDT  | Giá: 2273.97
2026-04-20 09:23:37,085 - INFO - [SPEED] ETHUSDT  | Giá: 2273.97
2026-04-20 09:23:37,086 - INFO - [SPEED] ETHUSDT  | Giá: 2273.96
2026-04-20 09:23:37,086 - INFO - [SPEED] ETHUSDT  | Giá: 2273.96
2026-04-20 09:23:37,086 - INFO - [SPEED] ETHUSDT  | Giá: 2273.96
2026-04-20 09:23:37,087 - INFO - [SPEED] ETHUSDT  | Giá: 2273.94
2026-04-20 09:23:37,087 - INFO - [SPEED] ETHUSDT  | Giá: 2273.93
2026-04-20 09:23:37,087 - INFO - [SPEED] ETHUSDT  | Giá: 2273.93
2026-04-20 09:23:37,088 - INFO - [SPEED] ETHUSDT  | Giá: 2273.93
2026-04-20 09:23:37,089 - INFO - [SPEED] ETHUSDT  | Giá: 2273.92
2026-04-20 09:23:37,089 - INFO - [SPEED] ETHUSDT  | Giá: 2273.92
2026-04-20 09:23:37,090 - INFO - [SPEED] ETHUSDT  | Giá: 2273.92
2026-04-20 09:23:37,090 - INFO - [SPEED] ETHUSDT  | Giá: 2273.91
2026-04-20 09:23:37,091 - INFO - [SPEED] ETHUSDT  | Giá: 2273.91
2026-04-20 09:23:37,091 - INFO - [SPEED] ETHUSDT  | Giá: 2273.91
2026-04-20 09:23:37,092 - INFO - [SPEED] ETHUSDT  | Giá: 2273.91
2026-04-20 09:23:37,093 - INFO - [SPEED] ETHUSDT  | Giá: 2273.91
2026-04-20 09:23:37,094 - INFO - [SPEED] ETHUSDT  | Giá: 2273.91
2026-04-20 09:23:37,095 - INFO - [SPEED] ETHUSDT  | Giá: 2273.9
2026-04-20 09:23:37,095 - INFO - [SPEED] ETHUSDT  | Giá: 2273.9
2026-04-20 09:23:37,097 - INFO - [SPEED] ETHUSDT  | Giá: 2273.88
2026-04-20 09:23:37,098 - INFO - [SPEED] ETHUSDT  | Giá: 2273.88
2026-04-20 09:23:37,098 - INFO - [SPEED] ETHUSDT  | Giá: 2273.87
2026-04-20 09:23:37,099 - INFO - [SPEED] ETHUSDT  | Giá: 2273.87
2026-04-20 09:23:37,099 - INFO - [SPEED] ETHUSDT  | Giá: 2273.87
2026-04-20 09:23:37,113 - ERROR - ❌ Lỗi lưu MinIO: An error occurred (NoSuchBucket) when calling the PutObject operation: The specified bucket does not exist
2026-04-20 09:23:37,113 - INFO - [SPEED] ETHUSDT  | Giá: 2273.87
2026-04-20 09:23:37,114 - INFO - [SPEED] ETHUSDT  | Giá: 2273.86
2026-04-20 09:23:37,114 - INFO - [SPEED] ETHUSDT  | Giá: 2273.85
2026-04-20 09:23:37,115 - INFO - [SPEED] ETHUSDT  | Giá: 2273.85
2026-04-20 09:23:37,117 - INFO - [SPEED] ETHUSDT  | Giá: 2273.84
2026-04-20 09:23:37,117 - INFO - [SPEED] ETHUSDT  | Giá: 2273.84
2026-04-20 09:23:37,118 - INFO - [SPEED] ETHUSDT  | Giá: 2273.84
2026-04-20 09:23:37,118 - INFO - [SPEED] ETHUSDT  | Giá: 2273.84
2026-04-20 09:23:37,118 - INFO - [SPEED] ETHUSDT  | Giá: 2273.84
2026-04-20 09:23:37,118 - INFO - [SPEED] ETHUSDT  | Giá: 2273.84
2026-04-20 09:23:37,119 - INFO - [SPEED] ETHUSDT  | Giá: 2273.83
2026-04-20 09:23:37,120 - INFO - [SPEED] ETHUSDT  | Giá: 2273.83
2026-04-20 09:23:37,121 - INFO - [SPEED] ETHUSDT  | Giá: 2273.83
2026-04-20 09:23:37,121 - INFO - [SPEED] ETHUSDT  | Giá: 2273.83
2026-04-20 09:23:37,122 - INFO - [SPEED] ETHUSDT  | Giá: 2273.83
2026-04-20 09:23:37,123 - INFO - [SPEED] ETHUSDT  | Giá: 2273.83
2026-04-20 09:23:37,123 - INFO - [SPEED] ETHUSDT  | Giá: 2273.83
2026-04-20 09:23:37,124 - INFO - [SPEED] ETHUSDT  | Giá: 2273.83
2026-04-20 09:23:37,125 - INFO - [SPEED] ETHUSDT  | Giá: 2273.82
2026-04-20 09:23:37,126 - INFO - [SPEED] ETHUSDT  | Giá: 2273.82
2026-04-20 09:23:37,127 - INFO - [SPEED] ETHUSDT  | Giá: 2273.81
2026-04-20 09:23:37,128 - INFO - [SPEED] ETHUSDT  | Giá: 2273.8
2026-04-20 09:23:37,128 - INFO - [SPEED] ETHUSDT  | Giá: 2273.8
2026-04-20 09:23:37,128 - INFO - [SPEED] ETHUSDT  | Giá: 2273.8
2026-04-20 09:23:37,129 - INFO - [SPEED] ETHUSDT  | Giá: 2273.79
2026-04-20 09:23:37,130 - INFO - [SPEED] ETHUSDT  | Giá: 2273.79
2026-04-20 09:23:37,130 - INFO - [SPEED] ETHUSDT  | Giá: 2273.76
2026-04-20 09:23:37,131 - INFO - [SPEED] ETHUSDT  | Giá: 2273.76
2026-04-20 09:23:37,132 - INFO - [SPEED] ETHUSDT  | Giá: 2273.76
2026-04-20 09:23:37,133 - INFO - [SPEED] ETHUSDT  | Giá: 2273.76
2026-04-20 09:23:37,134 - INFO - [SPEED] ETHUSDT  | Giá: 2273.76
2026-04-20 09:23:37,134 - INFO - [SPEED] ETHUSDT  | Giá: 2273.76
2026-04-20 09:23:37,135 - INFO - [SPEED] ETHUSDT  | Giá: 2273.75
2026-04-20 09:23:37,136 - INFO - [SPEED] ETHUSDT  | Giá: 2273.75
2026-04-20 09:23:37,137 - INFO - [SPEED] ETHUSDT  | Giá: 2273.74
2026-04-20 09:23:37,137 - INFO - [SPEED] ETHUSDT  | Giá: 2273.73
2026-04-20 09:23:37,137 - INFO - [SPEED] ETHUSDT  | Giá: 2273.73
2026-04-20 09:23:37,138 - INFO - [SPEED] ETHUSDT  | Giá: 2273.73
2026-04-20 09:23:37,139 - INFO - [SPEED] ETHUSDT  | Giá: 2273.73
2026-04-20 09:23:37,140 - INFO - [SPEED] ETHUSDT  | Giá: 2273.73
2026-04-20 09:23:37,140 - INFO - [SPEED] ETHUSDT  | Giá: 2273.73
2026-04-20 09:23:37,141 - INFO - [SPEED] ETHUSDT  | Giá: 2273.72
2026-04-20 09:23:37,142 - INFO - [SPEED] ETHUSDT  | Giá: 2273.72
2026-04-20 09:23:37,143 - INFO - [SPEED] ETHUSDT  | Giá: 2273.72
2026-04-20 09:23:37,143 - INFO - [SPEED] ETHUSDT  | Giá: 2273.72
2026-04-20 09:23:37,144 - INFO - [SPEED] ETHUSDT  | Giá: 2273.72
2026-04-20 09:23:37,144 - INFO - [SPEED] ETHUSDT  | Giá: 2273.72
2026-04-20 09:23:37,145 - INFO - [SPEED] ETHUSDT  | Giá: 2273.72
2026-04-20 09:23:37,145 - INFO - [SPEED] ETHUSDT  | Giá: 2273.72
2026-04-20 09:23:37,145 - INFO - [SPEED] ETHUSDT  | Giá: 2273.72
2026-04-20 09:23:37,146 - INFO - [SPEED] ETHUSDT  | Giá: 2273.72
2026-04-20 09:23:37,146 - INFO - [SPEED] ETHUSDT  | Giá: 2273.72
2026-04-20 09:23:37,147 - INFO - [SPEED] ETHUSDT  | Giá: 2273.71
2026-04-20 09:23:37,147 - INFO - [SPEED] ETHUSDT  | Giá: 2273.7
2026-04-20 09:23:37,147 - INFO - [SPEED] ETHUSDT  | Giá: 2273.7
2026-04-20 09:23:37,148 - INFO - [SPEED] ETHUSDT  | Giá: 2273.7
2026-04-20 09:23:37,148 - INFO - [SPEED] ETHUSDT  | Giá: 2273.7
2026-04-20 09:23:37,149 - INFO - [SPEED] ETHUSDT  | Giá: 2273.7
2026-04-20 09:23:37,150 - INFO - [SPEED] BTCUSDT  | Giá: 74373.46
2026-04-20 09:23:37,151 - INFO - [SPEED] BTCUSDT  | Giá: 74373.46
2026-04-20 09:23:37,152 - INFO - [SPEED] BTCUSDT  | Giá: 74373.46
2026-04-20 09:23:37,152 - INFO - [SPEED] BTCUSDT  | Giá: 74373.46
2026-04-20 09:23:37,153 - INFO - [SPEED] BTCUSDT  | Giá: 74373.46
2026-04-20 09:23:37,154 - INFO - [SPEED] BTCUSDT  | Giá: 74373.46
2026-04-20 09:23:37,155 - INFO - [SPEED] BTCUSDT  | Giá: 74373.46
2026-04-20 09:23:37,156 - INFO - [SPEED] BTCUSDT  | Giá: 74373.46
2026-04-20 09:23:37,157 - INFO - [SPEED] BTCUSDT  | Giá: 74373.46
2026-04-20 09:23:37,157 - INFO - [SPEED] BTCUSDT  | Giá: 74373.46
2026-04-20 09:23:37,158 - INFO - [SPEED] BTCUSDT  | Giá: 74373.46
2026-04-20 09:23:37,159 - INFO - [SPEED] BTCUSDT  | Giá: 74373.46
2026-04-20 09:23:37,159 - INFO - [SPEED] BTCUSDT  | Giá: 74373.46
2026-04-20 09:23:37,160 - INFO - [SPEED] BTCUSDT  | Giá: 74373.46
2026-04-20 09:23:37,161 - INFO - [SPEED] BTCUSDT  | Giá: 74373.46
2026-04-20 09:23:37,162 - INFO - [SPEED] BTCUSDT  | Giá: 74373.46
2026-04-20 09:23:37,162 - INFO - [SPEED] BTCUSDT  | Giá: 74373.46
2026-04-20 09:23:37,163 - INFO - [SPEED] BTCUSDT  | Giá: 74373.46
2026-04-20 09:23:37,163 - INFO - [SPEED] BTCUSDT  | Giá: 74373.46
2026-04-20 09:23:37,164 - INFO - [SPEED] BTCUSDT  | Giá: 74373.46
2026-04-20 09:23:37,165 - INFO - [SPEED] BTCUSDT  | Giá: 74373.46
2026-04-20 09:23:37,165 - INFO - [SPEED] BTCUSDT  | Giá: 74373.46
2026-04-20 09:23:37,166 - INFO - [SPEED] BTCUSDT  | Giá: 74373.46
2026-04-20 09:23:37,166 - INFO - [SPEED] BTCUSDT  | Giá: 74373.46
2026-04-20 09:23:37,167 - INFO - [SPEED] BTCUSDT  | Giá: 74373.46
2026-04-20 09:23:37,168 - INFO - [SPEED] BTCUSDT  | Giá: 74373.46
2026-04-20 09:23:37,168 - INFO - [SPEED] BTCUSDT  | Giá: 74373.46
2026-04-20 09:23:37,169 - INFO - [SPEED] BTCUSDT  | Giá: 74373.46
2026-04-20 09:23:37,170 - INFO - [SPEED] BTCUSDT  | Giá: 74373.46
2026-04-20 09:23:37,170 - INFO - [SPEED] BTCUSDT  | Giá: 74373.46
2026-04-20 09:23:37,171 - INFO - [SPEED] BTCUSDT  | Giá: 74373.46
2026-04-20 09:23:37,172 - INFO - [SPEED] BTCUSDT  | Giá: 74373.46
2026-04-20 09:23:37,172 - INFO - [SPEED] BTCUSDT  | Giá: 74373.46
2026-04-20 09:23:37,173 - INFO - [SPEED] BTCUSDT  | Giá: 74373.45
2026-04-20 09:23:37,173 - INFO - [SPEED] BTCUSDT  | Giá: 74373.45
2026-04-20 09:23:37,173 - INFO - [SPEED] BTCUSDT  | Giá: 74373.45
2026-04-20 09:23:37,173 - INFO - [SPEED] BTCUSDT  | Giá: 74373.45
2026-04-20 09:23:37,174 - INFO - [SPEED] BTCUSDT  | Giá: 74373.45
2026-04-20 09:23:37,174 - INFO - [SPEED] BTCUSDT  | Giá: 74373.45
2026-04-20 09:23:37,174 - INFO - [SPEED] BTCUSDT  | Giá: 74373.45
2026-04-20 09:23:37,175 - INFO - [SPEED] BTCUSDT  | Giá: 74373.45
2026-04-20 09:23:37,175 - INFO - [SPEED] BTCUSDT  | Giá: 74373.45
2026-04-20 09:23:37,189 - ERROR - ❌ Lỗi lưu MinIO: An error occurred (NoSuchBucket) when calling the PutObject operation: The specified bucket does not exist
2026-04-20 09:23:37,189 - INFO - [SPEED] BTCUSDT  | Giá: 74373.45
2026-04-20 09:23:37,189 - INFO - [SPEED] BTCUSDT  | Giá: 74373.45
2026-04-20 09:23:37,190 - INFO - [SPEED] BTCUSDT  | Giá: 74373.33
2026-04-20 09:23:37,191 - INFO - [SPEED] BTCUSDT  | Giá: 74373.18
2026-04-20 09:23:37,192 - INFO - [SPEED] BTCUSDT  | Giá: 74373.13
2026-04-20 09:23:37,193 - INFO - [SPEED] ETHUSDT  | Giá: 2273.7
2026-04-20 09:23:37,194 - INFO - [SPEED] ETHUSDT  | Giá: 2273.7
2026-04-20 09:23:37,194 - INFO - [SPEED] BTCUSDT  | Giá: 74373.13
2026-04-20 09:23:37,194 - INFO - [SPEED] BTCUSDT  | Giá: 74373.13
2026-04-20 09:23:37,195 - INFO - [SPEED] BTCUSDT  | Giá: 74373.13
2026-04-20 09:23:37,196 - INFO - [SPEED] BTCUSDT  | Giá: 74373.13
2026-04-20 09:23:37,196 - INFO - [SPEED] BTCUSDT  | Giá: 74373.13
2026-04-20 09:23:37,197 - INFO - [SPEED] BTCUSDT  | Giá: 74373.13
2026-04-20 09:23:37,198 - INFO - [SPEED] BTCUSDT  | Giá: 74373.13
2026-04-20 09:23:37,198 - INFO - [SPEED] BTCUSDT  | Giá: 74373.13
2026-04-20 09:23:37,199 - INFO - [SPEED] BTCUSDT  | Giá: 74373.13
2026-04-20 09:23:37,200 - INFO - [SPEED] BTCUSDT  | Giá: 74373.13
2026-04-20 09:23:37,200 - INFO - [SPEED] BTCUSDT  | Giá: 74373.13
2026-04-20 09:23:37,200 - INFO - [SPEED] ETHUSDT  | Giá: 2273.7
2026-04-20 09:23:37,201 - INFO - [SPEED] ETHUSDT  | Giá: 2273.7
2026-04-20 09:23:37,201 - INFO - [SPEED] ETHUSDT  | Giá: 2273.7
2026-04-20 09:23:37,203 - INFO - [SPEED] ETHUSDT  | Giá: 2273.7
2026-04-20 09:23:37,203 - INFO - [SPEED] ETHUSDT  | Giá: 2273.7
2026-04-20 09:23:37,204 - INFO - [SPEED] ETHUSDT  | Giá: 2273.7
2026-04-20 09:23:37,205 - INFO - [SPEED] ETHUSDT  | Giá: 2273.7
2026-04-20 09:23:37,206 - INFO - [SPEED] ETHUSDT  | Giá: 2273.7
2026-04-20 09:23:37,206 - INFO - [SPEED] ETHUSDT  | Giá: 2273.7
2026-04-20 09:23:37,208 - INFO - [SPEED] ETHUSDT  | Giá: 2273.7
2026-04-20 09:23:37,208 - INFO - [SPEED] ETHUSDT  | Giá: 2273.7
2026-04-20 09:23:37,209 - INFO - [SPEED] ETHUSDT  | Giá: 2273.7
2026-04-20 09:23:37,209 - INFO - [SPEED] ETHUSDT  | Giá: 2273.7
2026-04-20 09:23:37,210 - INFO - [SPEED] ETHUSDT  | Giá: 2273.7
2026-04-20 09:23:37,211 - INFO - [SPEED] ETHUSDT  | Giá: 2273.7
2026-04-20 09:23:37,212 - INFO - [SPEED] ETHUSDT  | Giá: 2273.7
2026-04-20 09:23:37,213 - INFO - [SPEED] BTCUSDT  | Giá: 74373.13
2026-04-20 09:23:37,213 - INFO - [SPEED] BTCUSDT  | Giá: 74373.13
2026-04-20 09:23:37,214 - INFO - [SPEED] BTCUSDT  | Giá: 74373.13
2026-04-20 09:23:37,215 - INFO - [SPEED] BTCUSDT  | Giá: 74373.13
2026-04-20 09:23:37,215 - INFO - [SPEED] BTCUSDT  | Giá: 74373.13
2026-04-20 09:23:37,216 - INFO - [SPEED] BTCUSDT  | Giá: 74373.13
2026-04-20 09:23:37,217 - INFO - [SPEED] BTCUSDT  | Giá: 74373.13
2026-04-20 09:23:37,218 - INFO - [SPEED] BTCUSDT  | Giá: 74373.13
2026-04-20 09:23:37,218 - INFO - [SPEED] BTCUSDT  | Giá: 74373.13
2026-04-20 09:23:37,219 - INFO - [SPEED] BTCUSDT  | Giá: 74373.13
2026-04-20 09:23:37,220 - INFO - [SPEED] BTCUSDT  | Giá: 74373.13
2026-04-20 09:23:37,220 - INFO - [SPEED] BTCUSDT  | Giá: 74373.13
2026-04-20 09:23:37,221 - INFO - [SPEED] BTCUSDT  | Giá: 74373.13
2026-04-20 09:23:37,222 - INFO - [SPEED] BTCUSDT  | Giá: 74373.13
2026-04-20 09:23:37,223 - INFO - [SPEED] BTCUSDT  | Giá: 74373.13
2026-04-20 09:23:37,223 - INFO - [SPEED] BTCUSDT  | Giá: 74373.13
2026-04-20 09:23:37,226 - INFO - [SPEED] BTCUSDT  | Giá: 74373.13
2026-04-20 09:23:37,226 - INFO - [SPEED] BTCUSDT  | Giá: 74373.13
2026-04-20 09:23:37,227 - INFO - [SPEED] BTCUSDT  | Giá: 74373.13
2026-04-20 09:23:37,228 - INFO - [SPEED] BTCUSDT  | Giá: 74373.13
2026-04-20 09:23:37,228 - INFO - [SPEED] BTCUSDT  | Giá: 74373.13
2026-04-20 09:23:37,229 - INFO - [SPEED] BTCUSDT  | Giá: 74373.13
2026-04-20 09:23:37,230 - INFO - [SPEED] BTCUSDT  | Giá: 74373.13
2026-04-20 09:23:37,230 - INFO - [SPEED] BTCUSDT  | Giá: 74373.13
2026-04-20 09:23:37,231 - INFO - [SPEED] BTCUSDT  | Giá: 74373.13
2026-04-20 09:23:37,231 - INFO - [SPEED] BTCUSDT  | Giá: 74373.12
2026-04-20 09:23:37,232 - INFO - [SPEED] BTCUSDT  | Giá: 74373.12
2026-04-20 09:23:37,233 - INFO - [SPEED] BTCUSDT  | Giá: 74373.12
2026-04-20 09:23:37,234 - INFO - [SPEED] BTCUSDT  | Giá: 74373.12
2026-04-20 09:23:37,234 - INFO - [SPEED] BTCUSDT  | Giá: 74373.12
2026-04-20 09:23:37,236 - INFO - [SPEED] BTCUSDT  | Giá: 74373.12
2026-04-20 09:23:37,236 - INFO - [SPEED] BTCUSDT  | Giá: 74373.12
2026-04-20 09:23:37,237 - INFO - [SPEED] BTCUSDT  | Giá: 74373.12
2026-04-20 09:23:37,237 - INFO - [SPEED] BTCUSDT  | Giá: 74373.12
2026-04-20 09:23:37,238 - INFO - [SPEED] BTCUSDT  | Giá: 74372.44
2026-04-20 09:23:37,238 - INFO - [SPEED] BTCUSDT  | Giá: 74372.44
2026-04-20 09:23:37,239 - INFO - [SPEED] BTCUSDT  | Giá: 74372.44
2026-04-20 09:23:37,241 - INFO - [SPEED] BTCUSDT  | Giá: 74372.44
2026-04-20 09:23:37,241 - INFO - [SPEED] BTCUSDT  | Giá: 74372.44
2026-04-20 09:23:37,242 - INFO - [SPEED] BTCUSDT  | Giá: 74372.4
2026-04-20 09:23:37,243 - INFO - [SPEED] BTCUSDT  | Giá: 74372.4
2026-04-20 09:23:37,243 - INFO - [SPEED] BTCUSDT  | Giá: 74372.19
2026-04-20 09:23:37,244 - INFO - [SPEED] BTCUSDT  | Giá: 74372.19
2026-04-20 09:23:37,245 - INFO - [SPEED] BTCUSDT  | Giá: 74372.12
2026-04-20 09:23:37,245 - INFO - [SPEED] BTCUSDT  | Giá: 74372.0
2026-04-20 09:23:37,247 - INFO - [SPEED] BTCUSDT  | Giá: 74372.0
2026-04-20 09:23:37,248 - INFO - [SPEED] BTCUSDT  | Giá: 74372.0
2026-04-20 09:23:37,249 - INFO - [SPEED] BTCUSDT  | Giá: 74372.0
2026-04-20 09:23:37,249 - INFO - [SPEED] BTCUSDT  | Giá: 74371.66
2026-04-20 09:23:37,250 - INFO - [SPEED] BTCUSDT  | Giá: 74371.51
2026-04-20 09:23:37,251 - INFO - [SPEED] BTCUSDT  | Giá: 74371.44
2026-04-20 09:23:37,252 - INFO - [SPEED] BTCUSDT  | Giá: 74371.41
2026-04-20 09:23:37,252 - INFO - [SPEED] BTCUSDT  | Giá: 74371.41
2026-04-20 09:23:37,252 - INFO - [SPEED] BTCUSDT  | Giá: 74371.41
2026-04-20 09:23:37,253 - INFO - [SPEED] BTCUSDT  | Giá: 74371.4
2026-04-20 09:23:37,255 - INFO - [SPEED] BTCUSDT  | Giá: 74371.4
2026-04-20 09:23:37,255 - INFO - [SPEED] BTCUSDT  | Giá: 74371.4
2026-04-20 09:23:37,256 - INFO - [SPEED] BTCUSDT  | Giá: 74371.06
2026-04-20 09:23:37,257 - INFO - [SPEED] SOLUSDT  | Giá: 83.91
2026-04-20 09:23:37,258 - INFO - [SPEED] SOLUSDT  | Giá: 83.91
2026-04-20 09:23:37,259 - INFO - [SPEED] SOLUSDT  | Giá: 83.91
2026-04-20 09:23:37,259 - INFO - [SPEED] SOLUSDT  | Giá: 83.91
2026-04-20 09:23:37,260 - INFO - [SPEED] SOLUSDT  | Giá: 83.91
2026-04-20 09:23:37,262 - INFO - [SPEED] SOLUSDT  | Giá: 83.91
2026-04-20 09:23:37,262 - INFO - [SPEED] SOLUSDT  | Giá: 83.91
2026-04-20 09:23:37,263 - INFO - [SPEED] SOLUSDT  | Giá: 83.91
2026-04-20 09:23:37,275 - ERROR - ❌ Lỗi lưu MinIO: An error occurred (NoSuchBucket) when calling the PutObject operation: The specified bucket does not exist
2026-04-20 09:23:37,276 - INFO - [SPEED] SOLUSDT  | Giá: 83.91
2026-04-20 09:23:37,276 - INFO - [SPEED] SOLUSDT  | Giá: 83.91
2026-04-20 09:23:37,277 - INFO - [SPEED] SOLUSDT  | Giá: 83.91
2026-04-20 09:23:37,278 - INFO - [SPEED] SOLUSDT  | Giá: 83.91
2026-04-20 09:23:37,278 - INFO - [SPEED] SOLUSDT  | Giá: 83.91
2026-04-20 09:23:37,279 - INFO - [SPEED] SOLUSDT  | Giá: 83.91
2026-04-20 09:23:37,280 - INFO - [SPEED] SOLUSDT  | Giá: 83.91
2026-04-20 09:23:37,280 - INFO - [SPEED] SOLUSDT  | Giá: 83.91
2026-04-20 09:23:37,282 - INFO - [SPEED] ETHUSDT  | Giá: 2273.69
2026-04-20 09:23:37,283 - INFO - [SPEED] ETHUSDT  | Giá: 2273.69
2026-04-20 09:23:37,283 - INFO - [SPEED] ETHUSDT  | Giá: 2273.69
2026-04-20 09:23:37,284 - INFO - [SPEED] ETHUSDT  | Giá: 2273.69
2026-04-20 09:23:37,285 - INFO - [SPEED] ETHUSDT  | Giá: 2273.69
2026-04-20 09:23:37,285 - INFO - [SPEED] ETHUSDT  | Giá: 2273.69
2026-04-20 09:23:37,287 - INFO - [SPEED] ETHUSDT  | Giá: 2273.69
2026-04-20 09:23:37,287 - INFO - [SPEED] ETHUSDT  | Giá: 2273.69
2026-04-20 09:23:37,288 - INFO - [SPEED] ETHUSDT  | Giá: 2273.68
2026-04-20 09:23:37,289 - INFO - [SPEED] ETHUSDT  | Giá: 2273.68
2026-04-20 09:23:37,290 - INFO - [SPEED] ETHUSDT  | Giá: 2273.68
2026-04-20 09:23:37,290 - INFO - [SPEED] ETHUSDT  | Giá: 2273.68
2026-04-20 09:23:37,292 - INFO - [SPEED] ETHUSDT  | Giá: 2273.66
2026-04-20 09:23:37,292 - INFO - [SPEED] ETHUSDT  | Giá: 2273.66
2026-04-20 09:23:37,294 - INFO - [SPEED] ETHUSDT  | Giá: 2273.65
2026-04-20 09:23:37,295 - INFO - [SPEED] ETHUSDT  | Giá: 2273.65
2026-04-20 09:23:37,296 - INFO - [SPEED] ETHUSDT  | Giá: 2273.65
2026-04-20 09:23:37,296 - INFO - [SPEED] ETHUSDT  | Giá: 2273.64
2026-04-20 09:23:37,297 - INFO - [SPEED] ETHUSDT  | Giá: 2273.62
2026-04-20 09:23:37,298 - INFO - [SPEED] ETHUSDT  | Giá: 2273.62
2026-04-20 09:23:37,298 - INFO - [SPEED] ETHUSDT  | Giá: 2273.62
2026-04-20 09:23:37,299 - INFO - [SPEED] ETHUSDT  | Giá: 2273.62
2026-04-20 09:23:37,300 - INFO - [SPEED] ETHUSDT  | Giá: 2273.61
2026-04-20 09:23:37,301 - INFO - [SPEED] ETHUSDT  | Giá: 2273.6
2026-04-20 09:23:37,302 - INFO - [SPEED] ETHUSDT  | Giá: 2273.6
2026-04-20 09:23:37,302 - INFO - [SPEED] ETHUSDT  | Giá: 2273.6
2026-04-20 09:23:37,303 - INFO - [SPEED] ETHUSDT  | Giá: 2273.6
2026-04-20 09:23:37,303 - INFO - [SPEED] ETHUSDT  | Giá: 2273.6
2026-04-20 09:23:37,304 - INFO - [SPEED] ETHUSDT  | Giá: 2273.6
2026-04-20 09:23:37,305 - INFO - [SPEED] ETHUSDT  | Giá: 2273.59
2026-04-20 09:23:37,305 - INFO - [SPEED] ETHUSDT  | Giá: 2273.59
2026-04-20 09:23:37,306 - INFO - [SPEED] ETHUSDT  | Giá: 2273.59
2026-04-20 09:23:37,306 - INFO - [SPEED] ETHUSDT  | Giá: 2273.59
2026-04-20 09:23:37,306 - INFO - [SPEED] ETHUSDT  | Giá: 2273.59
2026-04-20 09:23:37,307 - INFO - [SPEED] ETHUSDT  | Giá: 2273.59
2026-04-20 09:23:37,308 - INFO - [SPEED] ETHUSDT  | Giá: 2273.59
2026-04-20 09:23:37,308 - INFO - [SPEED] ETHUSDT  | Giá: 2273.58
2026-04-20 09:23:37,309 - INFO - [SPEED] ETHUSDT  | Giá: 2273.58
2026-04-20 09:23:37,309 - INFO - [SPEED] ETHUSDT  | Giá: 2273.58
2026-04-20 09:23:37,310 - INFO - [SPEED] ETHUSDT  | Giá: 2273.58
2026-04-20 09:23:37,310 - INFO - [SPEED] ETHUSDT  | Giá: 2273.57
2026-04-20 09:23:37,311 - INFO - [SPEED] ETHUSDT  | Giá: 2273.57
2026-04-20 09:23:37,312 - INFO - [SPEED] ETHUSDT  | Giá: 2273.57
2026-04-20 09:23:37,313 - INFO - [SPEED] ETHUSDT  | Giá: 2273.57
2026-04-20 09:23:37,313 - INFO - [SPEED] ETHUSDT  | Giá: 2273.57
2026-04-20 09:23:37,314 - INFO - [SPEED] ETHUSDT  | Giá: 2273.57
2026-04-20 09:23:37,315 - INFO - [SPEED] ETHUSDT  | Giá: 2273.57
2026-04-20 09:23:37,316 - INFO - [SPEED] ETHUSDT  | Giá: 2273.53
2026-04-20 09:23:37,317 - INFO - [SPEED] ETHUSDT  | Giá: 2273.52
2026-04-20 09:23:37,318 - INFO - [SPEED] ETHUSDT  | Giá: 2273.52
2026-04-20 09:23:37,319 - INFO - [SPEED] ETHUSDT  | Giá: 2273.51
2026-04-20 09:23:37,319 - INFO - [SPEED] ETHUSDT  | Giá: 2273.51
2026-04-20 09:23:37,321 - INFO - [SPEED] ETHUSDT  | Giá: 2273.5
2026-04-20 09:23:37,321 - INFO - [SPEED] ETHUSDT  | Giá: 2273.5
2026-04-20 09:23:37,323 - INFO - [SPEED] ETHUSDT  | Giá: 2273.5
2026-04-20 09:23:37,324 - INFO - [SPEED] ETHUSDT  | Giá: 2273.5
2026-04-20 09:23:37,325 - INFO - [SPEED] ETHUSDT  | Giá: 2273.49
2026-04-20 09:23:37,326 - INFO - [SPEED] ETHUSDT  | Giá: 2273.49
2026-04-20 09:23:37,326 - INFO - [SPEED] ETHUSDT  | Giá: 2273.49
2026-04-20 09:23:37,327 - INFO - [SPEED] ETHUSDT  | Giá: 2273.49
2026-04-20 09:23:37,328 - INFO - [SPEED] ETHUSDT  | Giá: 2273.49
2026-04-20 09:23:37,329 - INFO - [SPEED] ETHUSDT  | Giá: 2273.49
2026-04-20 09:23:37,329 - INFO - [SPEED] ETHUSDT  | Giá: 2273.49
2026-04-20 09:23:37,330 - INFO - [SPEED] ETHUSDT  | Giá: 2273.49
2026-04-20 09:23:37,331 - INFO - [SPEED] ETHUSDT  | Giá: 2273.49
2026-04-20 09:23:37,332 - INFO - [SPEED] ETHUSDT  | Giá: 2273.49
2026-04-20 09:23:37,333 - INFO - [SPEED] ETHUSDT  | Giá: 2273.48
2026-04-20 09:23:37,333 - INFO - [SPEED] ETHUSDT  | Giá: 2273.44
2026-04-20 09:23:37,334 - INFO - [SPEED] ETHUSDT  | Giá: 2273.43
2026-04-20 09:23:37,334 - INFO - [SPEED] ETHUSDT  | Giá: 2273.42
2026-04-20 09:23:37,334 - INFO - [SPEED] ETHUSDT  | Giá: 2273.41
2026-04-20 09:23:37,336 - INFO - [SPEED] ETHUSDT  | Giá: 2273.41
2026-04-20 09:23:37,336 - INFO - [SPEED] ETHUSDT  | Giá: 2273.4
2026-04-20 09:23:37,337 - INFO - [SPEED] ETHUSDT  | Giá: 2273.4
2026-04-20 09:23:37,338 - INFO - [SPEED] ETHUSDT  | Giá: 2273.4
2026-04-20 09:23:37,338 - INFO - [SPEED] ETHUSDT  | Giá: 2273.4
2026-04-20 09:23:37,338 - INFO - [SPEED] ETHUSDT  | Giá: 2273.4
2026-04-20 09:23:37,339 - INFO - [SPEED] BTCUSDT  | Giá: 74371.06
2026-04-20 09:23:37,340 - INFO - [SPEED] BTCUSDT  | Giá: 74371.06
2026-04-20 09:23:37,341 - INFO - [SPEED] BTCUSDT  | Giá: 74371.06
2026-04-20 09:23:37,342 - INFO - [SPEED] BTCUSDT  | Giá: 74371.06
2026-04-20 09:23:37,343 - INFO - [SPEED] BTCUSDT  | Giá: 74371.06
2026-04-20 09:23:37,343 - INFO - [SPEED] BTCUSDT  | Giá: 74371.06
2026-04-20 09:23:37,344 - INFO - [SPEED] BTCUSDT  | Giá: 74371.06
2026-04-20 09:23:37,344 - INFO - [SPEED] BTCUSDT  | Giá: 74371.06
2026-04-20 09:23:37,345 - INFO - [SPEED] BTCUSDT  | Giá: 74371.06
2026-04-20 09:23:37,345 - INFO - [SPEED] BTCUSDT  | Giá: 74371.06
2026-04-20 09:23:37,346 - INFO - [SPEED] BTCUSDT  | Giá: 74371.06
2026-04-20 09:23:37,347 - INFO - [SPEED] BTCUSDT  | Giá: 74371.06
2026-04-20 09:23:37,347 - INFO - [SPEED] BTCUSDT  | Giá: 74371.06
2026-04-20 09:23:37,348 - INFO - [SPEED] BTCUSDT  | Giá: 74371.06
2026-04-20 09:23:37,349 - INFO - [SPEED] BTCUSDT  | Giá: 74371.06
2026-04-20 09:23:37,368 - ERROR - ❌ Lỗi lưu MinIO: An error occurred (NoSuchBucket) when calling the PutObject operation: The specified bucket does not exist
2026-04-20 09:23:37,368 - INFO - [SPEED] BTCUSDT  | Giá: 74371.06
2026-04-20 09:23:37,368 - INFO - [SPEED] BTCUSDT  | Giá: 74371.06
2026-04-20 09:23:37,370 - INFO - [SPEED] BTCUSDT  | Giá: 74371.06
2026-04-20 09:23:37,371 - INFO - [SPEED] BTCUSDT  | Giá: 74371.06
2026-04-20 09:23:37,371 - INFO - [SPEED] BTCUSDT  | Giá: 74371.06
2026-04-20 09:23:37,372 - INFO - [SPEED] BTCUSDT  | Giá: 74371.06
2026-04-20 09:23:37,374 - INFO - [SPEED] BTCUSDT  | Giá: 74371.06
2026-04-20 09:23:37,374 - INFO - [SPEED] BTCUSDT  | Giá: 74371.06
2026-04-20 09:23:37,376 - INFO - [SPEED] BTCUSDT  | Giá: 74371.06
2026-04-20 09:23:37,377 - INFO - [SPEED] BTCUSDT  | Giá: 74371.06
2026-04-20 09:23:37,377 - INFO - [SPEED] BTCUSDT  | Giá: 74371.06
2026-04-20 09:23:37,378 - INFO - [SPEED] BTCUSDT  | Giá: 74371.06
2026-04-20 09:23:37,378 - INFO - [SPEED] BTCUSDT  | Giá: 74371.05
2026-04-20 09:23:37,379 - INFO - [SPEED] BTCUSDT  | Giá: 74371.05
2026-04-20 09:23:37,379 - INFO - [SPEED] BTCUSDT  | Giá: 74371.05
2026-04-20 09:23:37,381 - INFO - [SPEED] BTCUSDT  | Giá: 74371.05
2026-04-20 09:23:37,383 - INFO - [SPEED] BTCUSDT  | Giá: 74371.05
2026-04-20 09:23:37,384 - INFO - [SPEED] BTCUSDT  | Giá: 74371.05
2026-04-20 09:23:37,385 - INFO - [SPEED] BTCUSDT  | Giá: 74371.05
2026-04-20 09:23:37,386 - INFO - [SPEED] BTCUSDT  | Giá: 74371.05
2026-04-20 09:23:37,386 - INFO - [SPEED] BTCUSDT  | Giá: 74371.05
2026-04-20 09:23:37,387 - INFO - [SPEED] BTCUSDT  | Giá: 74370.8
2026-04-20 09:23:37,387 - INFO - [SPEED] BTCUSDT  | Giá: 74370.64
2026-04-20 09:23:37,388 - INFO - [SPEED] BTCUSDT  | Giá: 74370.64
2026-04-20 09:23:37,388 - INFO - [SPEED] BTCUSDT  | Giá: 74370.41
2026-04-20 09:23:37,389 - INFO - [SPEED] ETHUSDT  | Giá: 2273.39
2026-04-20 09:23:37,389 - INFO - [SPEED] ETHUSDT  | Giá: 2273.39
2026-04-20 09:23:37,390 - INFO - [SPEED] BTCUSDT  | Giá: 74370.41
2026-04-20 09:23:37,390 - INFO - [SPEED] BTCUSDT  | Giá: 74370.2
2026-04-20 09:23:37,390 - INFO - [SPEED] BTCUSDT  | Giá: 74370.0
2026-04-20 09:23:37,390 - INFO - [SPEED] BTCUSDT  | Giá: 74370.0
2026-04-20 09:23:37,391 - INFO - [SPEED] BTCUSDT  | Giá: 74370.0
2026-04-20 09:23:37,393 - INFO - [SPEED] BTCUSDT  | Giá: 74370.0
2026-04-20 09:23:37,394 - INFO - [SPEED] BTCUSDT  | Giá: 74370.0
2026-04-20 09:23:37,396 - INFO - [SPEED] BTCUSDT  | Giá: 74369.99
2026-04-20 09:23:37,397 - INFO - [SPEED] BTCUSDT  | Giá: 74369.8
2026-04-20 09:23:37,400 - INFO - [SPEED] BTCUSDT  | Giá: 74369.72
2026-04-20 09:23:37,401 - INFO - [SPEED] BTCUSDT  | Giá: 74369.62
2026-04-20 09:23:37,402 - INFO - [SPEED] BTCUSDT  | Giá: 74368.98
2026-04-20 09:23:37,403 - INFO - [SPEED] BTCUSDT  | Giá: 74368.97
2026-04-20 09:23:37,404 - INFO - [SPEED] BTCUSDT  | Giá: 74368.58
2026-04-20 09:23:37,405 - INFO - [SPEED] BTCUSDT  | Giá: 74368.47
2026-04-20 09:23:37,405 - INFO - [SPEED] ETHUSDT  | Giá: 2273.39
2026-04-20 09:23:37,406 - INFO - [SPEED] ETHUSDT  | Giá: 2273.39
2026-04-20 09:23:37,406 - INFO - [SPEED] ETHUSDT  | Giá: 2273.4
2026-04-20 09:23:37,408 - INFO - [SPEED] ETHUSDT  | Giá: 2273.39
2026-04-20 09:23:37,408 - INFO - [SPEED] ETHUSDT  | Giá: 2273.39
2026-04-20 09:23:37,408 - INFO - [SPEED] ETHUSDT  | Giá: 2273.39
2026-04-20 09:23:37,409 - INFO - [SPEED] ETHUSDT  | Giá: 2273.39
2026-04-20 09:23:37,409 - INFO - [SPEED] ETHUSDT  | Giá: 2273.39
2026-04-20 09:23:37,410 - INFO - [SPEED] ETHUSDT  | Giá: 2273.39
2026-04-20 09:23:37,411 - INFO - [SPEED] ETHUSDT  | Giá: 2273.39
2026-04-20 09:23:37,411 - INFO - [SPEED] ETHUSDT  | Giá: 2273.39
2026-04-20 09:23:37,412 - INFO - [SPEED] ETHUSDT  | Giá: 2273.39
2026-04-20 09:23:37,414 - INFO - [SPEED] ETHUSDT  | Giá: 2273.39
2026-04-20 09:23:37,414 - INFO - [SPEED] ETHUSDT  | Giá: 2273.39
2026-04-20 09:23:37,417 - INFO - [SPEED] ETHUSDT  | Giá: 2273.39
2026-04-20 09:23:37,417 - INFO - [SPEED] ETHUSDT  | Giá: 2273.39
2026-04-20 09:23:37,418 - INFO - [SPEED] ETHUSDT  | Giá: 2273.39
2026-04-20 09:23:37,419 - INFO - [SPEED] ETHUSDT  | Giá: 2273.39
2026-04-20 09:23:37,420 - INFO - [SPEED] ETHUSDT  | Giá: 2273.39
2026-04-20 09:23:37,421 - INFO - [SPEED] ETHUSDT  | Giá: 2273.39
2026-04-20 09:23:37,422 - INFO - [SPEED] ETHUSDT  | Giá: 2273.38
2026-04-20 09:23:37,422 - INFO - [SPEED] ETHUSDT  | Giá: 2273.38
2026-04-20 09:23:37,423 - INFO - [SPEED] ETHUSDT  | Giá: 2273.38
2026-04-20 09:23:37,424 - INFO - [SPEED] ETHUSDT  | Giá: 2273.37
2026-04-20 09:23:37,424 - INFO - [SPEED] ETHUSDT  | Giá: 2273.37
2026-04-20 09:23:37,425 - INFO - [SPEED] ETHUSDT  | Giá: 2273.36
2026-04-20 09:23:37,425 - INFO - [SPEED] ETHUSDT  | Giá: 2273.36
2026-04-20 09:23:37,426 - INFO - [SPEED] ETHUSDT  | Giá: 2273.34
2026-04-20 09:23:37,427 - INFO - [SPEED] ETHUSDT  | Giá: 2273.34
2026-04-20 09:23:37,427 - INFO - [SPEED] ETHUSDT  | Giá: 2273.34
2026-04-20 09:23:37,428 - INFO - [SPEED] ETHUSDT  | Giá: 2273.34
2026-04-20 09:23:37,429 - INFO - [SPEED] ETHUSDT  | Giá: 2273.34
2026-04-20 09:23:37,430 - INFO - [SPEED] ETHUSDT  | Giá: 2273.34
2026-04-20 09:23:37,430 - INFO - [SPEED] ETHUSDT  | Giá: 2273.33
2026-04-20 09:23:37,431 - INFO - [SPEED] ETHUSDT  | Giá: 2273.33
2026-04-20 09:23:37,431 - INFO - [SPEED] ETHUSDT  | Giá: 2273.33
2026-04-20 09:23:37,432 - INFO - [SPEED] ETHUSDT  | Giá: 2273.33
2026-04-20 09:23:37,433 - INFO - [SPEED] ETHUSDT  | Giá: 2273.33
2026-04-20 09:23:37,434 - INFO - [SPEED] ETHUSDT  | Giá: 2273.33
2026-04-20 09:23:37,434 - INFO - [SPEED] ETHUSDT  | Giá: 2273.33
2026-04-20 09:23:37,435 - INFO - [SPEED] ETHUSDT  | Giá: 2273.33
2026-04-20 09:23:37,435 - INFO - [SPEED] ETHUSDT  | Giá: 2273.33
2026-04-20 09:23:37,435 - INFO - [SPEED] ETHUSDT  | Giá: 2273.33
2026-04-20 09:23:37,436 - INFO - [SPEED] ETHUSDT  | Giá: 2273.33
2026-04-20 09:23:37,437 - INFO - [SPEED] ETHUSDT  | Giá: 2273.32
2026-04-20 09:23:37,437 - INFO - [SPEED] ETHUSDT  | Giá: 2273.32
2026-04-20 09:23:37,438 - INFO - [SPEED] ETHUSDT  | Giá: 2273.31
2026-04-20 09:23:37,439 - INFO - [SPEED] ETHUSDT  | Giá: 2273.31
2026-04-20 09:23:37,440 - INFO - [SPEED] ETHUSDT  | Giá: 2273.31
2026-04-20 09:23:37,441 - INFO - [SPEED] ETHUSDT  | Giá: 2273.3
2026-04-20 09:23:37,442 - INFO - [SPEED] ETHUSDT  | Giá: 2273.3
2026-04-20 09:23:37,442 - INFO - [SPEED] ETHUSDT  | Giá: 2273.3
2026-04-20 09:23:37,443 - INFO - [SPEED] ETHUSDT  | Giá: 2273.28
2026-04-20 09:23:37,444 - INFO - [SPEED] ETHUSDT  | Giá: 2273.28
2026-04-20 09:23:37,445 - INFO - [SPEED] ETHUSDT  | Giá: 2273.28
2026-04-20 09:23:37,445 - INFO - [SPEED] ETHUSDT  | Giá: 2273.28
2026-04-20 09:23:37,446 - INFO - [SPEED] ETHUSDT  | Giá: 2273.27
2026-04-20 09:23:37,446 - INFO - [SPEED] ETHUSDT  | Giá: 2273.27
2026-04-20 09:23:37,458 - ERROR - ❌ Lỗi lưu MinIO: An error occurred (NoSuchBucket) when calling the PutObject operation: The specified bucket does not exist
2026-04-20 09:23:37,458 - INFO - [SPEED] ETHUSDT  | Giá: 2273.27
2026-04-20 09:23:37,458 - INFO - [SPEED] ETHUSDT  | Giá: 2273.27
2026-04-20 09:23:37,459 - INFO - [SPEED] ETHUSDT  | Giá: 2273.27
2026-04-20 09:23:37,460 - INFO - [SPEED] ETHUSDT  | Giá: 2273.26
2026-04-20 09:23:37,460 - INFO - [SPEED] ETHUSDT  | Giá: 2273.26
2026-04-20 09:23:37,461 - INFO - [SPEED] ETHUSDT  | Giá: 2273.26
2026-04-20 09:23:37,462 - INFO - [SPEED] ETHUSDT  | Giá: 2273.26
2026-04-20 09:23:37,462 - INFO - [SPEED] ETHUSDT  | Giá: 2273.26
2026-04-20 09:23:37,463 - INFO - [SPEED] ETHUSDT  | Giá: 2273.26
2026-04-20 09:23:37,463 - INFO - [SPEED] ETHUSDT  | Giá: 2273.25
2026-04-20 09:23:37,464 - INFO - [SPEED] ETHUSDT  | Giá: 2273.25
2026-04-20 09:23:37,465 - INFO - [SPEED] ETHUSDT  | Giá: 2273.25
2026-04-20 09:23:37,465 - INFO - [SPEED] ETHUSDT  | Giá: 2273.25
2026-04-20 09:23:37,466 - INFO - [SPEED] ETHUSDT  | Giá: 2273.25
2026-04-20 09:23:37,467 - INFO - [SPEED] ETHUSDT  | Giá: 2273.25
2026-04-20 09:23:37,468 - INFO - [SPEED] ETHUSDT  | Giá: 2273.25
2026-04-20 09:23:37,469 - INFO - [SPEED] ETHUSDT  | Giá: 2273.25
2026-04-20 09:23:37,470 - INFO - [SPEED] ETHUSDT  | Giá: 2273.25
2026-04-20 09:23:37,471 - INFO - [SPEED] ETHUSDT  | Giá: 2273.25
2026-04-20 09:23:37,471 - INFO - [SPEED] ETHUSDT  | Giá: 2273.25
2026-04-20 09:23:37,472 - INFO - [SPEED] ETHUSDT  | Giá: 2273.25
2026-04-20 09:23:37,473 - INFO - [SPEED] ETHUSDT  | Giá: 2273.25
2026-04-20 09:23:37,474 - INFO - [SPEED] ETHUSDT  | Giá: 2273.25
2026-04-20 09:23:37,474 - INFO - [SPEED] ETHUSDT  | Giá: 2273.25
2026-04-20 09:23:37,475 - INFO - [SPEED] BTCUSDT  | Giá: 74368.48
2026-04-20 09:23:37,476 - INFO - [SPEED] ETHUSDT  | Giá: 2273.25
2026-04-20 09:23:37,477 - INFO - [SPEED] ETHUSDT  | Giá: 2273.25
2026-04-20 09:23:37,478 - INFO - [SPEED] ETHUSDT  | Giá: 2273.25
2026-04-20 09:23:37,479 - INFO - [SPEED] ETHUSDT  | Giá: 2273.25
2026-04-20 09:23:37,479 - INFO - [SPEED] BTCUSDT  | Giá: 74368.47
2026-04-20 09:23:37,480 - INFO - [SPEED] ETHUSDT  | Giá: 2273.25
2026-04-20 09:23:37,481 - INFO - [SPEED] ETHUSDT  | Giá: 2273.25
2026-04-20 09:23:37,482 - INFO - [SPEED] ETHUSDT  | Giá: 2273.25
2026-04-20 09:23:37,483 - INFO - [SPEED] BTCUSDT  | Giá: 74368.47
2026-04-20 09:23:37,483 - INFO - [SPEED] BTCUSDT  | Giá: 74368.47
2026-04-20 09:23:37,484 - INFO - [SPEED] BTCUSDT  | Giá: 74368.47
2026-04-20 09:23:37,485 - INFO - [SPEED] BTCUSDT  | Giá: 74368.47
2026-04-20 09:23:37,486 - INFO - [SPEED] BTCUSDT  | Giá: 74368.47
2026-04-20 09:23:37,487 - INFO - [SPEED] BTCUSDT  | Giá: 74368.47
2026-04-20 09:23:37,488 - INFO - [SPEED] BTCUSDT  | Giá: 74368.47
2026-04-20 09:23:37,488 - INFO - [SPEED] BTCUSDT  | Giá: 74368.47
2026-04-20 09:23:37,488 - INFO - [SPEED] BTCUSDT  | Giá: 74368.47
2026-04-20 09:23:37,489 - INFO - [SPEED] BTCUSDT  | Giá: 74368.47
2026-04-20 09:23:37,489 - INFO - [SPEED] BTCUSDT  | Giá: 74368.47
2026-04-20 09:23:37,490 - INFO - [SPEED] BTCUSDT  | Giá: 74368.47
2026-04-20 09:23:37,490 - INFO - [SPEED] BTCUSDT  | Giá: 74368.47
2026-04-20 09:23:37,490 - INFO - [SPEED] BTCUSDT  | Giá: 74368.47
2026-04-20 09:23:37,491 - INFO - [SPEED] BTCUSDT  | Giá: 74368.47
2026-04-20 09:23:37,491 - INFO - [SPEED] BTCUSDT  | Giá: 74368.47
2026-04-20 09:23:37,491 - INFO - [SPEED] BTCUSDT  | Giá: 74368.47
2026-04-20 09:23:37,492 - INFO - [SPEED] BTCUSDT  | Giá: 74368.47
2026-04-20 09:23:37,492 - INFO - [SPEED] BTCUSDT  | Giá: 74368.47
2026-04-20 09:23:37,493 - INFO - [SPEED] BTCUSDT  | Giá: 74368.47
2026-04-20 09:23:37,493 - INFO - [SPEED] BTCUSDT  | Giá: 74368.47
2026-04-20 09:23:37,493 - INFO - [SPEED] BTCUSDT  | Giá: 74368.47
2026-04-20 09:23:37,494 - INFO - [SPEED] BTCUSDT  | Giá: 74368.47
2026-04-20 09:23:37,494 - INFO - [SPEED] BTCUSDT  | Giá: 74368.47
2026-04-20 09:23:37,495 - INFO - [SPEED] BTCUSDT  | Giá: 74368.47
2026-04-20 09:23:37,495 - INFO - [SPEED] BTCUSDT  | Giá: 74368.47
2026-04-20 09:23:37,495 - INFO - [SPEED] BTCUSDT  | Giá: 74368.47
2026-04-20 09:23:37,496 - INFO - [SPEED] BTCUSDT  | Giá: 74368.47
2026-04-20 09:23:37,496 - INFO - [SPEED] BTCUSDT  | Giá: 74368.47
2026-04-20 09:23:37,497 - INFO - [SPEED] BTCUSDT  | Giá: 74368.47
2026-04-20 09:23:37,497 - INFO - [SPEED] BTCUSDT  | Giá: 74368.47
2026-04-20 09:23:37,498 - INFO - [SPEED] BTCUSDT  | Giá: 74368.47
2026-04-20 09:23:37,499 - INFO - [SPEED] BTCUSDT  | Giá: 74368.47
2026-04-20 09:23:37,499 - INFO - [SPEED] BTCUSDT  | Giá: 74368.47
2026-04-20 09:23:37,500 - INFO - [SPEED] BTCUSDT  | Giá: 74368.46
2026-04-20 09:23:37,501 - INFO - [SPEED] BTCUSDT  | Giá: 74368.46
2026-04-20 09:23:37,501 - INFO - [SPEED] BTCUSDT  | Giá: 74368.46
2026-04-20 09:23:37,502 - INFO - [SPEED] BTCUSDT  | Giá: 74368.46
2026-04-20 09:23:37,503 - INFO - [SPEED] BTCUSDT  | Giá: 74368.46
2026-04-20 09:23:37,504 - INFO - [SPEED] BTCUSDT  | Giá: 74368.46
2026-04-20 09:23:37,505 - INFO - [SPEED] BTCUSDT  | Giá: 74368.46
2026-04-20 09:23:37,505 - INFO - [SPEED] BTCUSDT  | Giá: 74368.46
2026-04-20 09:23:37,506 - INFO - [SPEED] BTCUSDT  | Giá: 74368.42
2026-04-20 09:23:37,506 - INFO - [SPEED] BTCUSDT  | Giá: 74368.42
2026-04-20 09:23:37,507 - INFO - [SPEED] BTCUSDT  | Giá: 74368.24
2026-04-20 09:23:37,507 - INFO - [SPEED] BTCUSDT  | Giá: 74368.24
2026-04-20 09:23:37,508 - INFO - [SPEED] BTCUSDT  | Giá: 74368.0
2026-04-20 09:23:37,509 - INFO - [SPEED] BTCUSDT  | Giá: 74368.0
2026-04-20 09:23:37,510 - INFO - [SPEED] BTCUSDT  | Giá: 74368.0
2026-04-20 09:23:37,511 - INFO - [SPEED] BTCUSDT  | Giá: 74367.7
2026-04-20 09:23:37,511 - INFO - [SPEED] BTCUSDT  | Giá: 74367.62
2026-04-20 09:23:37,511 - INFO - [SPEED] BTCUSDT  | Giá: 74367.5
2026-04-20 09:23:37,513 - INFO - [SPEED] BTCUSDT  | Giá: 74367.44
2026-04-20 09:23:37,514 - INFO - [SPEED] BTCUSDT  | Giá: 74367.4
2026-04-20 09:23:37,515 - INFO - [SPEED] BTCUSDT  | Giá: 74367.4
2026-04-20 09:23:37,515 - INFO - [SPEED] BTCUSDT  | Giá: 74367.24
2026-04-20 09:23:37,516 - INFO - [SPEED] BTCUSDT  | Giá: 74367.24
2026-04-20 09:23:37,517 - INFO - [SPEED] BTCUSDT  | Giá: 74367.24
2026-04-20 09:23:37,518 - INFO - [SPEED] BTCUSDT  | Giá: 74366.72
2026-04-20 09:23:37,518 - INFO - [SPEED] BTCUSDT  | Giá: 74366.69
2026-04-20 09:23:37,519 - INFO - [SPEED] BTCUSDT  | Giá: 74366.66
2026-04-20 09:23:37,520 - INFO - [SPEED] BTCUSDT  | Giá: 74366.66
2026-04-20 09:23:37,520 - INFO - [SPEED] BTCUSDT  | Giá: 74366.57
2026-04-20 09:23:37,521 - INFO - [SPEED] BTCUSDT  | Giá: 74366.57
2026-04-20 09:23:37,522 - INFO - [SPEED] BTCUSDT  | Giá: 74366.33
2026-04-20 09:23:37,522 - INFO - [SPEED] BTCUSDT  | Giá: 74366.3
2026-04-20 09:23:37,523 - INFO - [SPEED] BTCUSDT  | Giá: 74366.19
2026-04-20 09:23:37,537 - ERROR - ❌ Lỗi lưu MinIO: An error occurred (NoSuchBucket) when calling the PutObject operation: The specified bucket does not exist
2026-04-20 09:23:37,538 - INFO - [SPEED] BTCUSDT  | Giá: 74366.0
2026-04-20 09:23:37,538 - INFO - [SPEED] BTCUSDT  | Giá: 74366.0
2026-04-20 09:23:37,539 - INFO - [SPEED] BTCUSDT  | Giá: 74366.0
2026-04-20 09:23:37,539 - INFO - [SPEED] BTCUSDT  | Giá: 74366.0
2026-04-20 09:23:37,540 - INFO - [SPEED] BTCUSDT  | Giá: 74365.88
2026-04-20 09:23:37,541 - INFO - [SPEED] BTCUSDT  | Giá: 74365.87
2026-04-20 09:23:37,542 - INFO - [SPEED] BTCUSDT  | Giá: 74365.72
2026-04-20 09:23:37,542 - INFO - [SPEED] ETHUSDT  | Giá: 2273.25
2026-04-20 09:23:37,543 - INFO - [SPEED] BTCUSDT  | Giá: 74365.56
2026-04-20 09:23:37,543 - INFO - [SPEED] BTCUSDT  | Giá: 74365.56
2026-04-20 09:23:37,543 - INFO - [SPEED] BTCUSDT  | Giá: 74365.56
2026-04-20 09:23:37,543 - INFO - [SPEED] BTCUSDT  | Giá: 74365.56
2026-04-20 09:23:37,544 - INFO - [SPEED] BTCUSDT  | Giá: 74365.56
2026-04-20 09:23:37,545 - INFO - [SPEED] BTCUSDT  | Giá: 74365.56
2026-04-20 09:23:37,546 - INFO - [SPEED] BTCUSDT  | Giá: 74365.56
2026-04-20 09:23:37,546 - INFO - [SPEED] BTCUSDT  | Giá: 74365.56
2026-04-20 09:23:37,547 - INFO - [SPEED] BTCUSDT  | Giá: 74365.56
2026-04-20 09:23:37,548 - INFO - [SPEED] BTCUSDT  | Giá: 74365.56
2026-04-20 09:23:37,548 - INFO - [SPEED] BTCUSDT  | Giá: 74365.56
2026-04-20 09:23:37,548 - INFO - [SPEED] BTCUSDT  | Giá: 74365.56
2026-04-20 09:23:37,549 - INFO - [SPEED] BTCUSDT  | Giá: 74365.56
2026-04-20 09:23:37,550 - INFO - [SPEED] BTCUSDT  | Giá: 74365.56
2026-04-20 09:23:37,551 - INFO - [SPEED] BTCUSDT  | Giá: 74365.56
2026-04-20 09:23:37,551 - INFO - [SPEED] BTCUSDT  | Giá: 74365.56
2026-04-20 09:23:37,551 - INFO - [SPEED] BTCUSDT  | Giá: 74365.56
2026-04-20 09:23:37,552 - INFO - [SPEED] BTCUSDT  | Giá: 74365.56
2026-04-20 09:23:37,553 - INFO - [SPEED] BTCUSDT  | Giá: 74365.56
2026-04-20 09:23:37,554 - INFO - [SPEED] BTCUSDT  | Giá: 74365.56
2026-04-20 09:23:37,554 - INFO - [SPEED] BTCUSDT  | Giá: 74365.56
2026-04-20 09:23:37,555 - INFO - [SPEED] BTCUSDT  | Giá: 74365.56
2026-04-20 09:23:37,556 - INFO - [SPEED] BTCUSDT  | Giá: 74365.56
2026-04-20 09:23:37,556 - INFO - [SPEED] BTCUSDT  | Giá: 74365.56
2026-04-20 09:23:37,556 - INFO - [SPEED] BTCUSDT  | Giá: 74365.55
2026-04-20 09:23:37,557 - INFO - [SPEED] BTCUSDT  | Giá: 74365.55
2026-04-20 09:23:37,557 - INFO - [SPEED] BTCUSDT  | Giá: 74365.55
2026-04-20 09:23:37,557 - INFO - [SPEED] BTCUSDT  | Giá: 74365.55
2026-04-20 09:23:37,558 - INFO - [SPEED] BTCUSDT  | Giá: 74365.55
2026-04-20 09:23:37,559 - INFO - [SPEED] BTCUSDT  | Giá: 74365.55
2026-04-20 09:23:37,560 - INFO - [SPEED] BTCUSDT  | Giá: 74365.55
2026-04-20 09:23:37,561 - INFO - [SPEED] BTCUSDT  | Giá: 74365.55
2026-04-20 09:23:37,561 - INFO - [SPEED] BTCUSDT  | Giá: 74365.32
2026-04-20 09:23:37,562 - INFO - [SPEED] BTCUSDT  | Giá: 74364.73
2026-04-20 09:23:37,563 - INFO - [SPEED] BTCUSDT  | Giá: 74364.73
2026-04-20 09:23:37,563 - INFO - [SPEED] BTCUSDT  | Giá: 74364.7
2026-04-20 09:23:37,563 - INFO - [SPEED] BTCUSDT  | Giá: 74364.0
2026-04-20 09:23:37,564 - INFO - [SPEED] BTCUSDT  | Giá: 74364.0
2026-04-20 09:23:37,564 - INFO - [SPEED] BTCUSDT  | Giá: 74364.0
2026-04-20 09:23:37,565 - INFO - [SPEED] BTCUSDT  | Giá: 74363.96
2026-04-20 09:23:37,566 - INFO - [SPEED] BTCUSDT  | Giá: 74363.64
2026-04-20 09:23:37,566 - INFO - [SPEED] BTCUSDT  | Giá: 74363.64
2026-04-20 09:23:37,567 - INFO - [SPEED] BTCUSDT  | Giá: 74363.64
2026-04-20 09:23:37,568 - INFO - [SPEED] BTCUSDT  | Giá: 74363.63
2026-04-20 09:23:37,569 - INFO - [SPEED] BTCUSDT  | Giá: 74363.63
2026-04-20 09:23:37,569 - INFO - [SPEED] BTCUSDT  | Giá: 74363.63
2026-04-20 09:23:37,570 - INFO - [SPEED] BTCUSDT  | Giá: 74363.63
2026-04-20 09:23:37,570 - INFO - [SPEED] BTCUSDT  | Giá: 74363.63
2026-04-20 09:23:37,571 - INFO - [SPEED] BTCUSDT  | Giá: 74363.63
2026-04-20 09:23:37,572 - INFO - [SPEED] BTCUSDT  | Giá: 74363.63
2026-04-20 09:23:37,572 - INFO - [SPEED] BTCUSDT  | Giá: 74363.63
2026-04-20 09:23:37,573 - INFO - [SPEED] BTCUSDT  | Giá: 74363.63
2026-04-20 09:23:37,574 - INFO - [SPEED] BTCUSDT  | Giá: 74363.63
2026-04-20 09:23:37,574 - INFO - [SPEED] BTCUSDT  | Giá: 74363.63
2026-04-20 09:23:37,575 - INFO - [SPEED] BTCUSDT  | Giá: 74363.63
2026-04-20 09:23:37,576 - INFO - [SPEED] BTCUSDT  | Giá: 74363.63
2026-04-20 09:23:37,576 - INFO - [SPEED] BTCUSDT  | Giá: 74363.63
2026-04-20 09:23:37,577 - INFO - [SPEED] BTCUSDT  | Giá: 74363.63
2026-04-20 09:23:37,578 - INFO - [SPEED] BTCUSDT  | Giá: 74363.63
2026-04-20 09:23:37,579 - INFO - [SPEED] BTCUSDT  | Giá: 74363.63
2026-04-20 09:23:37,580 - INFO - [SPEED] BTCUSDT  | Giá: 74363.63
2026-04-20 09:23:37,581 - INFO - [SPEED] BTCUSDT  | Giá: 74363.63
2026-04-20 09:23:37,582 - INFO - [SPEED] BTCUSDT  | Giá: 74363.63
2026-04-20 09:23:37,582 - INFO - [SPEED] BTCUSDT  | Giá: 74363.63
2026-04-20 09:23:37,582 - INFO - [SPEED] BTCUSDT  | Giá: 74363.63
2026-04-20 09:23:37,583 - INFO - [SPEED] BTCUSDT  | Giá: 74363.63
2026-04-20 09:23:37,583 - INFO - [SPEED] BTCUSDT  | Giá: 74363.55
2026-04-20 09:23:37,583 - INFO - [SPEED] BTCUSDT  | Giá: 74363.13
2026-04-20 09:23:37,584 - INFO - [SPEED] BTCUSDT  | Giá: 74363.13
2026-04-20 09:23:37,585 - INFO - [SPEED] BTCUSDT  | Giá: 74362.86
2026-04-20 09:23:37,586 - INFO - [SPEED] BTCUSDT  | Giá: 74362.79
2026-04-20 09:23:37,587 - INFO - [SPEED] BTCUSDT  | Giá: 74362.78
2026-04-20 09:23:37,588 - INFO - [SPEED] BTCUSDT  | Giá: 74362.56
2026-04-20 09:23:37,588 - INFO - [SPEED] BTCUSDT  | Giá: 74362.5
2026-04-20 09:23:37,589 - INFO - [SPEED] BTCUSDT  | Giá: 74362.47
2026-04-20 09:23:37,591 - INFO - [SPEED] BTCUSDT  | Giá: 74362.27
2026-04-20 09:23:37,592 - INFO - [SPEED] BTCUSDT  | Giá: 74362.2
2026-04-20 09:23:37,592 - INFO - [SPEED] BTCUSDT  | Giá: 74362.15
2026-04-20 09:23:37,593 - INFO - [SPEED] BTCUSDT  | Giá: 74362.15
2026-04-20 09:23:37,593 - INFO - [SPEED] BTCUSDT  | Giá: 74362.03
2026-04-20 09:23:37,594 - INFO - [SPEED] BTCUSDT  | Giá: 74362.03
2026-04-20 09:23:37,594 - INFO - [SPEED] BTCUSDT  | Giá: 74362.0
2026-04-20 09:23:37,595 - INFO - [SPEED] BTCUSDT  | Giá: 74362.0
2026-04-20 09:23:37,595 - INFO - [SPEED] BTCUSDT  | Giá: 74362.0
2026-04-20 09:23:37,597 - INFO - [SPEED] BTCUSDT  | Giá: 74362.0
2026-04-20 09:23:37,597 - INFO - [SPEED] BTCUSDT  | Giá: 74362.0
2026-04-20 09:23:37,598 - INFO - [SPEED] BTCUSDT  | Giá: 74362.0
2026-04-20 09:23:37,599 - INFO - [SPEED] BTCUSDT  | Giá: 74362.0
2026-04-20 09:23:37,599 - INFO - [SPEED] BTCUSDT  | Giá: 74362.0
2026-04-20 09:23:37,600 - INFO - [SPEED] BTCUSDT  | Giá: 74362.0
2026-04-20 09:23:37,601 - INFO - [SPEED] BTCUSDT  | Giá: 74362.0
2026-04-20 09:23:37,601 - INFO - [SPEED] BTCUSDT  | Giá: 74362.0
2026-04-20 09:23:37,613 - ERROR - ❌ Lỗi lưu MinIO: An error occurred (NoSuchBucket) when calling the PutObject operation: The specified bucket does not exist
2026-04-20 09:23:37,613 - INFO - [SPEED] BTCUSDT  | Giá: 74362.0
2026-04-20 09:23:37,613 - INFO - [SPEED] BTCUSDT  | Giá: 74362.0
2026-04-20 09:23:37,613 - INFO - [SPEED] BTCUSDT  | Giá: 74362.0
2026-04-20 09:23:37,614 - INFO - [SPEED] BTCUSDT  | Giá: 74362.0
2026-04-20 09:23:37,614 - INFO - [SPEED] BTCUSDT  | Giá: 74362.0
2026-04-20 09:23:37,614 - INFO - [SPEED] BTCUSDT  | Giá: 74362.0
2026-04-20 09:23:37,615 - INFO - [SPEED] BTCUSDT  | Giá: 74362.0
2026-04-20 09:23:37,615 - INFO - [SPEED] BTCUSDT  | Giá: 74361.99
2026-04-20 09:23:37,616 - INFO - [SPEED] BTCUSDT  | Giá: 74361.7
2026-04-20 09:23:37,617 - INFO - [SPEED] BTCUSDT  | Giá: 74361.61
2026-04-20 09:23:37,618 - INFO - [SPEED] BTCUSDT  | Giá: 74361.71
2026-04-20 09:23:37,619 - INFO - [SPEED] BTCUSDT  | Giá: 74362.01
2026-04-20 09:23:37,620 - INFO - [SPEED] BNBUSDT  | Giá: 620.37
2026-04-20 09:23:37,621 - INFO - [SPEED] BTCUSDT  | Giá: 74362.0
2026-04-20 09:23:37,621 - INFO - [SPEED] BTCUSDT  | Giá: 74362.0
2026-04-20 09:23:37,622 - INFO - [SPEED] BTCUSDT  | Giá: 74362.0
2026-04-20 09:23:37,622 - INFO - [SPEED] BTCUSDT  | Giá: 74362.0
2026-04-20 09:23:37,623 - INFO - [SPEED] BTCUSDT  | Giá: 74362.0
2026-04-20 09:23:37,624 - INFO - [SPEED] BTCUSDT  | Giá: 74362.0
2026-04-20 09:23:37,625 - INFO - [SPEED] BTCUSDT  | Giá: 74362.0
2026-04-20 09:23:37,626 - INFO - [SPEED] BTCUSDT  | Giá: 74362.0
2026-04-20 09:23:37,626 - INFO - [SPEED] BTCUSDT  | Giá: 74362.0
2026-04-20 09:23:37,627 - INFO - [SPEED] BTCUSDT  | Giá: 74362.0
2026-04-20 09:23:37,627 - INFO - [SPEED] BTCUSDT  | Giá: 74362.0
2026-04-20 09:23:37,628 - INFO - [SPEED] BTCUSDT  | Giá: 74362.0
2026-04-20 09:23:37,629 - INFO - [SPEED] BTCUSDT  | Giá: 74362.0
2026-04-20 09:23:37,630 - INFO - [SPEED] BTCUSDT  | Giá: 74362.0
2026-04-20 09:23:37,630 - INFO - [SPEED] BTCUSDT  | Giá: 74362.0
2026-04-20 09:23:37,630 - INFO - [SPEED] BTCUSDT  | Giá: 74362.0
2026-04-20 09:23:37,631 - INFO - [SPEED] BTCUSDT  | Giá: 74362.0
2026-04-20 09:23:37,632 - INFO - [SPEED] BTCUSDT  | Giá: 74362.0
2026-04-20 09:23:37,632 - INFO - [SPEED] BTCUSDT  | Giá: 74362.0
2026-04-20 09:23:37,632 - INFO - [SPEED] BTCUSDT  | Giá: 74362.0
2026-04-20 09:23:37,632 - INFO - [SPEED] BTCUSDT  | Giá: 74362.0
2026-04-20 09:23:37,633 - INFO - [SPEED] BTCUSDT  | Giá: 74362.0
2026-04-20 09:23:37,634 - INFO - [SPEED] BTCUSDT  | Giá: 74362.0
2026-04-20 09:23:37,635 - INFO - [SPEED] BTCUSDT  | Giá: 74362.0
2026-04-20 09:23:37,636 - INFO - [SPEED] BTCUSDT  | Giá: 74362.0
2026-04-20 09:23:37,636 - INFO - [SPEED] BTCUSDT  | Giá: 74362.0
2026-04-20 09:23:37,637 - INFO - [SPEED] BTCUSDT  | Giá: 74362.0
2026-04-20 09:23:37,638 - INFO - [SPEED] BTCUSDT  | Giá: 74362.0
2026-04-20 09:23:37,638 - INFO - [SPEED] BTCUSDT  | Giá: 74362.0
2026-04-20 09:23:37,639 - INFO - [SPEED] BTCUSDT  | Giá: 74362.0
2026-04-20 09:23:37,639 - INFO - [SPEED] BTCUSDT  | Giá: 74362.0
2026-04-20 09:23:37,640 - INFO - [SPEED] BTCUSDT  | Giá: 74362.0
2026-04-20 09:23:37,641 - INFO - [SPEED] BTCUSDT  | Giá: 74362.0
2026-04-20 09:23:37,642 - INFO - [SPEED] BTCUSDT  | Giá: 74362.0
2026-04-20 09:23:37,642 - INFO - [SPEED] BTCUSDT  | Giá: 74362.0
2026-04-20 09:23:37,642 - INFO - [SPEED] BTCUSDT  | Giá: 74362.0
2026-04-20 09:23:37,644 - INFO - [SPEED] BTCUSDT  | Giá: 74362.0
2026-04-20 09:23:37,644 - INFO - [SPEED] BTCUSDT  | Giá: 74362.0
2026-04-20 09:23:37,645 - INFO - [SPEED] BTCUSDT  | Giá: 74362.0
2026-04-20 09:23:37,646 - INFO - [SPEED] BTCUSDT  | Giá: 74362.0
2026-04-20 09:23:37,646 - INFO - [SPEED] BTCUSDT  | Giá: 74362.0
2026-04-20 09:23:37,647 - INFO - [SPEED] BTCUSDT  | Giá: 74361.99
2026-04-20 09:23:37,648 - INFO - [SPEED] BTCUSDT  | Giá: 74361.99
2026-04-20 09:23:37,648 - INFO - [SPEED] BTCUSDT  | Giá: 74361.99
2026-04-20 09:23:37,649 - INFO - [SPEED] BTCUSDT  | Giá: 74361.99
2026-04-20 09:23:37,650 - INFO - [SPEED] BTCUSDT  | Giá: 74361.99
2026-04-20 09:23:37,651 - INFO - [SPEED] BTCUSDT  | Giá: 74361.99
2026-04-20 09:23:37,651 - INFO - [SPEED] BTCUSDT  | Giá: 74361.99
2026-04-20 09:23:37,652 - INFO - [SPEED] BTCUSDT  | Giá: 74361.99
2026-04-20 09:23:37,652 - INFO - [SPEED] BTCUSDT  | Giá: 74361.99
2026-04-20 09:23:37,653 - INFO - [SPEED] BTCUSDT  | Giá: 74361.99
2026-04-20 09:23:37,654 - INFO - [SPEED] BTCUSDT  | Giá: 74361.99
2026-04-20 09:23:37,655 - INFO - [SPEED] BTCUSDT  | Giá: 74361.99
2026-04-20 09:23:37,656 - INFO - [SPEED] BTCUSDT  | Giá: 74361.99
2026-04-20 09:23:37,656 - INFO - [SPEED] BTCUSDT  | Giá: 74361.99
2026-04-20 09:23:37,657 - INFO - [SPEED] BTCUSDT  | Giá: 74361.99
2026-04-20 09:23:37,657 - INFO - [SPEED] BTCUSDT  | Giá: 74361.99
2026-04-20 09:23:37,658 - INFO - [SPEED] BTCUSDT  | Giá: 74361.99
2026-04-20 09:23:37,659 - INFO - [SPEED] BTCUSDT  | Giá: 74361.99
2026-04-20 09:23:37,659 - INFO - [SPEED] BTCUSDT  | Giá: 74361.99
2026-04-20 09:23:37,660 - INFO - [SPEED] BTCUSDT  | Giá: 74361.99
2026-04-20 09:23:37,660 - INFO - [SPEED] BTCUSDT  | Giá: 74361.99
2026-04-20 09:23:37,661 - INFO - [SPEED] BTCUSDT  | Giá: 74361.99
2026-04-20 09:23:37,661 - INFO - [SPEED] BTCUSDT  | Giá: 74361.99
2026-04-20 09:23:37,662 - INFO - [SPEED] BTCUSDT  | Giá: 74361.99
2026-04-20 09:23:37,662 - INFO - [SPEED] BTCUSDT  | Giá: 74361.99
2026-04-20 09:23:37,663 - INFO - [SPEED] BTCUSDT  | Giá: 74361.99
2026-04-20 09:23:37,663 - INFO - [SPEED] BTCUSDT  | Giá: 74361.99
2026-04-20 09:23:37,664 - INFO - [SPEED] BTCUSDT  | Giá: 74361.99
2026-04-20 09:23:37,664 - INFO - [SPEED] BTCUSDT  | Giá: 74361.99
2026-04-20 09:23:37,664 - INFO - [SPEED] BTCUSDT  | Giá: 74361.99
2026-04-20 09:23:37,665 - INFO - [SPEED] BTCUSDT  | Giá: 74361.99
2026-04-20 09:23:37,665 - INFO - [SPEED] BTCUSDT  | Giá: 74361.99
2026-04-20 09:23:37,665 - INFO - [SPEED] BTCUSDT  | Giá: 74361.99
2026-04-20 09:23:37,666 - INFO - [SPEED] BTCUSDT  | Giá: 74361.99
2026-04-20 09:23:37,667 - INFO - [SPEED] BTCUSDT  | Giá: 74361.99
2026-04-20 09:23:37,668 - INFO - [SPEED] BTCUSDT  | Giá: 74361.99
2026-04-20 09:23:37,669 - INFO - [SPEED] BTCUSDT  | Giá: 74361.99
2026-04-20 09:23:37,669 - INFO - [SPEED] BTCUSDT  | Giá: 74361.99
2026-04-20 09:23:37,670 - INFO - [SPEED] BTCUSDT  | Giá: 74361.99
2026-04-20 09:23:37,670 - INFO - [SPEED] BTCUSDT  | Giá: 74361.99
2026-04-20 09:23:37,671 - INFO - [SPEED] BTCUSDT  | Giá: 74361.99
2026-04-20 09:23:37,671 - INFO - [SPEED] BTCUSDT  | Giá: 74361.98
2026-04-20 09:23:37,672 - INFO - [SPEED] BTCUSDT  | Giá: 74361.98
2026-04-20 09:23:37,673 - INFO - [SPEED] BTCUSDT  | Giá: 74361.98
2026-04-20 09:23:37,673 - INFO - [SPEED] BTCUSDT  | Giá: 74361.98
2026-04-20 09:23:37,674 - INFO - [SPEED] BTCUSDT  | Giá: 74361.98
2026-04-20 09:23:37,686 - ERROR - ❌ Lỗi lưu MinIO: An error occurred (NoSuchBucket) when calling the PutObject operation: The specified bucket does not exist
2026-04-20 09:23:37,686 - INFO - [SPEED] BTCUSDT  | Giá: 74361.98
2026-04-20 09:23:37,686 - INFO - [SPEED] BTCUSDT  | Giá: 74361.98
2026-04-20 09:23:37,687 - INFO - [SPEED] BTCUSDT  | Giá: 74361.98
2026-04-20 09:23:37,688 - INFO - [SPEED] BTCUSDT  | Giá: 74361.98
2026-04-20 09:23:37,688 - INFO - [SPEED] BTCUSDT  | Giá: 74361.05
2026-04-20 09:23:37,690 - INFO - [SPEED] BTCUSDT  | Giá: 74361.05
2026-04-20 09:23:37,690 - INFO - [SPEED] BTCUSDT  | Giá: 74361.05
2026-04-20 09:23:37,691 - INFO - [SPEED] BTCUSDT  | Giá: 74361.05
2026-04-20 09:23:37,692 - INFO - [SPEED] BTCUSDT  | Giá: 74361.05
2026-04-20 09:23:37,693 - INFO - [SPEED] BTCUSDT  | Giá: 74361.05
2026-04-20 09:23:37,693 - INFO - [SPEED] BTCUSDT  | Giá: 74361.05
2026-04-20 09:23:37,693 - INFO - [SPEED] BTCUSDT  | Giá: 74360.9
2026-04-20 09:23:37,694 - INFO - [SPEED] BTCUSDT  | Giá: 74360.88
2026-04-20 09:23:37,695 - INFO - [SPEED] BTCUSDT  | Giá: 74360.67
2026-04-20 09:23:37,695 - INFO - [SPEED] BTCUSDT  | Giá: 74360.67
2026-04-20 09:23:37,696 - INFO - [SPEED] BTCUSDT  | Giá: 74360.67
2026-04-20 09:23:37,697 - INFO - [SPEED] BTCUSDT  | Giá: 74360.67
2026-04-20 09:23:37,697 - INFO - [SPEED] BTCUSDT  | Giá: 74360.67
2026-04-20 09:23:37,698 - INFO - [SPEED] BTCUSDT  | Giá: 74360.67
2026-04-20 09:23:37,698 - INFO - [SPEED] BTCUSDT  | Giá: 74360.67
2026-04-20 09:23:37,699 - INFO - [SPEED] BTCUSDT  | Giá: 74360.67
2026-04-20 09:23:37,700 - INFO - [SPEED] BTCUSDT  | Giá: 74360.67
2026-04-20 09:23:37,700 - INFO - [SPEED] BTCUSDT  | Giá: 74360.67
2026-04-20 09:23:37,701 - INFO - [SPEED] BTCUSDT  | Giá: 74360.67
2026-04-20 09:23:37,701 - INFO - [SPEED] BTCUSDT  | Giá: 74360.67
2026-04-20 09:23:37,702 - INFO - [SPEED] ETHUSDT  | Giá: 2273.25
2026-04-20 09:23:37,703 - INFO - [SPEED] ETHUSDT  | Giá: 2273.25
2026-04-20 09:23:37,703 - INFO - [SPEED] BNBUSDT  | Giá: 620.37
2026-04-20 09:23:37,703 - INFO - [SPEED] ETHUSDT  | Giá: 2273.24
2026-04-20 09:23:37,704 - INFO - [SPEED] ETHUSDT  | Giá: 2273.24
2026-04-20 09:23:37,704 - INFO - [SPEED] ETHUSDT  | Giá: 2273.24
2026-04-20 09:23:37,705 - INFO - [SPEED] ETHUSDT  | Giá: 2273.24
2026-04-20 09:23:37,705 - INFO - [SPEED] ETHUSDT  | Giá: 2273.24
2026-04-20 09:23:37,706 - INFO - [SPEED] ETHUSDT  | Giá: 2273.24
2026-04-20 09:23:37,707 - INFO - [SPEED] ETHUSDT  | Giá: 2273.24
2026-04-20 09:23:37,707 - INFO - [SPEED] ETHUSDT  | Giá: 2273.24
2026-04-20 09:23:37,708 - INFO - [SPEED] ETHUSDT  | Giá: 2273.24
2026-04-20 09:23:37,708 - INFO - [SPEED] ETHUSDT  | Giá: 2273.24
2026-04-20 09:23:37,709 - INFO - [SPEED] ETHUSDT  | Giá: 2273.24
2026-04-20 09:23:37,709 - INFO - [SPEED] ETHUSDT  | Giá: 2273.24
2026-04-20 09:23:37,710 - INFO - [SPEED] ETHUSDT  | Giá: 2273.24
2026-04-20 09:23:37,711 - INFO - [SPEED] ETHUSDT  | Giá: 2273.24
2026-04-20 09:23:37,712 - INFO - [SPEED] ETHUSDT  | Giá: 2273.24
2026-04-20 09:23:37,713 - INFO - [SPEED] ETHUSDT  | Giá: 2273.24
2026-04-20 09:23:37,713 - INFO - [SPEED] ETHUSDT  | Giá: 2273.24
2026-04-20 09:23:37,714 - INFO - [SPEED] ETHUSDT  | Giá: 2273.24
2026-04-20 09:23:37,715 - INFO - [SPEED] ETHUSDT  | Giá: 2273.24
2026-04-20 09:23:37,716 - INFO - [SPEED] ETHUSDT  | Giá: 2273.24
2026-04-20 09:23:37,716 - INFO - [SPEED] ETHUSDT  | Giá: 2273.24
2026-04-20 09:23:37,717 - INFO - [SPEED] ETHUSDT  | Giá: 2273.24
2026-04-20 09:23:37,717 - INFO - [SPEED] ETHUSDT  | Giá: 2273.24
2026-04-20 09:23:37,718 - INFO - [SPEED] ETHUSDT  | Giá: 2273.24
2026-04-20 09:23:37,719 - INFO - [SPEED] ETHUSDT  | Giá: 2273.24
2026-04-20 09:23:37,719 - INFO - [SPEED] ETHUSDT  | Giá: 2273.24
2026-04-20 09:23:37,720 - INFO - [SPEED] ETHUSDT  | Giá: 2273.24
2026-04-20 09:23:37,721 - INFO - [SPEED] ETHUSDT  | Giá: 2273.24
2026-04-20 09:23:37,721 - INFO - [SPEED] ETHUSDT  | Giá: 2273.24
2026-04-20 09:23:37,721 - INFO - [SPEED] BTCUSDT  | Giá: 74360.67
2026-04-20 09:23:37,721 - INFO - [SPEED] BTCUSDT  | Giá: 74360.67
2026-04-20 09:23:37,722 - INFO - [SPEED] BTCUSDT  | Giá: 74360.67
2026-04-20 09:23:37,723 - INFO - [SPEED] BTCUSDT  | Giá: 74360.67
2026-04-20 09:23:37,723 - INFO - [SPEED] BTCUSDT  | Giá: 74360.67
2026-04-20 09:23:37,724 - INFO - [SPEED] BTCUSDT  | Giá: 74360.67
2026-04-20 09:23:37,725 - INFO - [SPEED] BTCUSDT  | Giá: 74360.67
2026-04-20 09:23:37,726 - INFO - [SPEED] BTCUSDT  | Giá: 74360.67
2026-04-20 09:23:37,726 - INFO - [SPEED] BTCUSDT  | Giá: 74360.67
2026-04-20 09:23:37,727 - INFO - [SPEED] BTCUSDT  | Giá: 74360.67
2026-04-20 09:23:37,728 - INFO - [SPEED] BTCUSDT  | Giá: 74360.67
2026-04-20 09:23:37,728 - INFO - [SPEED] BTCUSDT  | Giá: 74360.67
2026-04-20 09:23:37,728 - INFO - [SPEED] BTCUSDT  | Giá: 74360.67
2026-04-20 09:23:37,729 - INFO - [SPEED] BTCUSDT  | Giá: 74360.67
2026-04-20 09:23:37,730 - INFO - [SPEED] BTCUSDT  | Giá: 74360.67
2026-04-20 09:23:37,730 - INFO - [SPEED] BTCUSDT  | Giá: 74360.67
2026-04-20 09:23:37,730 - INFO - [SPEED] BTCUSDT  | Giá: 74360.67
2026-04-20 09:23:37,731 - INFO - [SPEED] BTCUSDT  | Giá: 74360.67
2026-04-20 09:23:37,731 - INFO - [SPEED] BTCUSDT  | Giá: 74360.67
2026-04-20 09:23:37,732 - INFO - [SPEED] BTCUSDT  | Giá: 74360.67
2026-04-20 09:23:37,733 - INFO - [SPEED] BTCUSDT  | Giá: 74360.67
2026-04-20 09:23:37,733 - INFO - [SPEED] BTCUSDT  | Giá: 74360.67
2026-04-20 09:23:37,734 - INFO - [SPEED] BTCUSDT  | Giá: 74360.67
2026-04-20 09:23:37,734 - INFO - [SPEED] BTCUSDT  | Giá: 74360.67
2026-04-20 09:23:37,735 - INFO - [SPEED] BTCUSDT  | Giá: 74360.67
2026-04-20 09:23:37,735 - INFO - [SPEED] BTCUSDT  | Giá: 74360.67
2026-04-20 09:23:37,736 - INFO - [SPEED] BTCUSDT  | Giá: 74360.66
2026-04-20 09:23:37,737 - INFO - [SPEED] BTCUSDT  | Giá: 74360.66
2026-04-20 09:23:37,737 - INFO - [SPEED] BTCUSDT  | Giá: 74360.66
2026-04-20 09:23:37,738 - INFO - [SPEED] BTCUSDT  | Giá: 74360.66
2026-04-20 09:23:37,739 - INFO - [SPEED] BTCUSDT  | Giá: 74360.66
2026-04-20 09:23:37,739 - INFO - [SPEED] BTCUSDT  | Giá: 74360.66
2026-04-20 09:23:37,740 - INFO - [SPEED] BTCUSDT  | Giá: 74360.66
2026-04-20 09:23:37,741 - INFO - [SPEED] BTCUSDT  | Giá: 74360.66
2026-04-20 09:23:37,741 - INFO - [SPEED] BTCUSDT  | Giá: 74360.66
2026-04-20 09:23:37,742 - INFO - [SPEED] BTCUSDT  | Giá: 74360.53
2026-04-20 09:23:37,742 - INFO - [SPEED] BTCUSDT  | Giá: 74360.5
2026-04-20 09:23:37,743 - INFO - [SPEED] BTCUSDT  | Giá: 74360.31
2026-04-20 09:23:37,744 - INFO - [SPEED] BTCUSDT  | Giá: 74360.0
2026-04-20 09:23:37,745 - INFO - [SPEED] BTCUSDT  | Giá: 74360.0
2026-04-20 09:23:37,746 - INFO - [SPEED] BTCUSDT  | Giá: 74360.0
2026-04-20 09:23:37,747 - INFO - [SPEED] BTCUSDT  | Giá: 74360.0
2026-04-20 09:23:37,747 - INFO - [SPEED] BTCUSDT  | Giá: 74360.0
2026-04-20 09:23:37,759 - ERROR - ❌ Lỗi lưu MinIO: An error occurred (NoSuchBucket) when calling the PutObject operation: The specified bucket does not exist
2026-04-20 09:23:37,759 - INFO - [SPEED] BTCUSDT  | Giá: 74360.0
2026-04-20 09:23:37,760 - INFO - [SPEED] BTCUSDT  | Giá: 74360.0
2026-04-20 09:23:37,760 - INFO - [SPEED] BTCUSDT  | Giá: 74360.0
2026-04-20 09:23:37,761 - INFO - [SPEED] BTCUSDT  | Giá: 74359.7
2026-04-20 09:23:37,761 - INFO - [SPEED] BTCUSDT  | Giá: 74359.1
2026-04-20 09:23:37,762 - INFO - [SPEED] BTCUSDT  | Giá: 74359.1
2026-04-20 09:23:37,763 - INFO - [SPEED] BTCUSDT  | Giá: 74359.1
2026-04-20 09:23:37,764 - INFO - [SPEED] BTCUSDT  | Giá: 74359.1
2026-04-20 09:23:37,764 - INFO - [SPEED] BTCUSDT  | Giá: 74359.1
2026-04-20 09:23:37,765 - INFO - [SPEED] BTCUSDT  | Giá: 74359.03
2026-04-20 09:23:37,765 - INFO - [SPEED] BTCUSDT  | Giá: 74358.4
2026-04-20 09:23:37,766 - INFO - [SPEED] BTCUSDT  | Giá: 74358.12
2026-04-20 09:23:37,767 - INFO - [SPEED] BTCUSDT  | Giá: 74358.12
2026-04-20 09:23:37,768 - INFO - [SPEED] BTCUSDT  | Giá: 74358.0
2026-04-20 09:23:37,769 - INFO - [SPEED] BTCUSDT  | Giá: 74358.0
2026-04-20 09:23:37,769 - INFO - [SPEED] BTCUSDT  | Giá: 74358.0
2026-04-20 09:23:37,769 - INFO - [SPEED] BTCUSDT  | Giá: 74358.0
2026-04-20 09:23:37,771 - INFO - [SPEED] BTCUSDT  | Giá: 74357.99
2026-04-20 09:23:37,771 - INFO - [SPEED] BTCUSDT  | Giá: 74357.73
2026-04-20 09:23:37,772 - INFO - [SPEED] BTCUSDT  | Giá: 74357.39
2026-04-20 09:23:37,773 - INFO - [SPEED] BTCUSDT  | Giá: 74357.22
2026-04-20 09:23:37,774 - INFO - [SPEED] BTCUSDT  | Giá: 74357.22
2026-04-20 09:23:37,775 - INFO - [SPEED] BTCUSDT  | Giá: 74357.22
2026-04-20 09:23:37,776 - INFO - [SPEED] BTCUSDT  | Giá: 74357.22
2026-04-20 09:23:37,776 - INFO - [SPEED] BTCUSDT  | Giá: 74357.22
2026-04-20 09:23:37,777 - INFO - [SPEED] BTCUSDT  | Giá: 74357.14
2026-04-20 09:23:37,777 - INFO - [SPEED] BTCUSDT  | Giá: 74357.14
2026-04-20 09:23:37,778 - INFO - [SPEED] BTCUSDT  | Giá: 74357.0
2026-04-20 09:23:37,778 - INFO - [SPEED] BTCUSDT  | Giá: 74356.93
2026-04-20 09:23:37,779 - INFO - [SPEED] BTCUSDT  | Giá: 74356.93
2026-04-20 09:23:37,779 - INFO - [SPEED] BTCUSDT  | Giá: 74356.93
2026-04-20 09:23:37,781 - INFO - [SPEED] BTCUSDT  | Giá: 74356.87
2026-04-20 09:23:37,781 - INFO - [SPEED] BTCUSDT  | Giá: 74356.58
2026-04-20 09:23:37,782 - INFO - [SPEED] BTCUSDT  | Giá: 74356.58
2026-04-20 09:23:37,783 - INFO - [SPEED] BTCUSDT  | Giá: 74356.58
2026-04-20 09:23:37,783 - INFO - [SPEED] BTCUSDT  | Giá: 74356.53
2026-04-20 09:23:37,784 - INFO - [SPEED] BTCUSDT  | Giá: 74356.0
2026-04-20 09:23:37,784 - INFO - [SPEED] BTCUSDT  | Giá: 74356.0
2026-04-20 09:23:37,785 - INFO - [SPEED] BTCUSDT  | Giá: 74356.0
2026-04-20 09:23:37,786 - INFO - [SPEED] BTCUSDT  | Giá: 74355.96
2026-04-20 09:23:37,786 - INFO - [SPEED] BTCUSDT  | Giá: 74355.55
2026-04-20 09:23:37,787 - INFO - [SPEED] BTCUSDT  | Giá: 74355.48
2026-04-20 09:23:37,787 - INFO - [SPEED] BTCUSDT  | Giá: 74355.17
2026-04-20 09:23:37,788 - INFO - [SPEED] BTCUSDT  | Giá: 74355.15
2026-04-20 09:23:37,789 - INFO - [SPEED] BTCUSDT  | Giá: 74355.15
2026-04-20 09:23:37,789 - INFO - [SPEED] BTCUSDT  | Giá: 74355.15
2026-04-20 09:23:37,789 - INFO - [SPEED] BTCUSDT  | Giá: 74355.15
2026-04-20 09:23:37,790 - INFO - [SPEED] BTCUSDT  | Giá: 74355.14
2026-04-20 09:23:37,790 - INFO - [SPEED] BTCUSDT  | Giá: 74355.14
2026-04-20 09:23:37,792 - INFO - [SPEED] BTCUSDT  | Giá: 74355.11
2026-04-20 09:23:37,792 - INFO - [SPEED] BTCUSDT  | Giá: 74355.11
2026-04-20 09:23:37,794 - INFO - [SPEED] BTCUSDT  | Giá: 74355.11
2026-04-20 09:23:37,794 - INFO - [SPEED] BTCUSDT  | Giá: 74355.1
2026-04-20 09:23:37,795 - INFO - [SPEED] BTCUSDT  | Giá: 74355.1
2026-04-20 09:23:37,795 - INFO - [SPEED] BTCUSDT  | Giá: 74355.1
2026-04-20 09:23:37,796 - INFO - [SPEED] BTCUSDT  | Giá: 74355.1
2026-04-20 09:23:37,797 - INFO - [SPEED] BTCUSDT  | Giá: 74355.1
2026-04-20 09:23:37,798 - INFO - [SPEED] BTCUSDT  | Giá: 74355.1
2026-04-20 09:23:37,799 - INFO - [SPEED] BTCUSDT  | Giá: 74355.1
2026-04-20 09:23:37,800 - INFO - [SPEED] BTCUSDT  | Giá: 74355.1
2026-04-20 09:23:37,801 - INFO - [SPEED] BTCUSDT  | Giá: 74355.1
2026-04-20 09:23:37,801 - INFO - [SPEED] BTCUSDT  | Giá: 74355.1
2026-04-20 09:23:37,802 - INFO - [SPEED] BTCUSDT  | Giá: 74355.1
2026-04-20 09:23:37,802 - INFO - [SPEED] BTCUSDT  | Giá: 74355.1
2026-04-20 09:23:37,803 - INFO - [SPEED] BTCUSDT  | Giá: 74354.92
2026-04-20 09:23:37,804 - INFO - [SPEED] BTCUSDT  | Giá: 74354.84
2026-04-20 09:23:37,805 - INFO - [SPEED] BTCUSDT  | Giá: 74354.84
2026-04-20 09:23:37,805 - INFO - [SPEED] BTCUSDT  | Giá: 74354.83
2026-04-20 09:23:37,806 - INFO - [SPEED] BTCUSDT  | Giá: 74354.83
2026-04-20 09:23:37,807 - INFO - [SPEED] BTCUSDT  | Giá: 74354.83
2026-04-20 09:23:37,807 - INFO - [SPEED] BTCUSDT  | Giá: 74354.6
2026-04-20 09:23:37,807 - INFO - [SPEED] BTCUSDT  | Giá: 74354.58
2026-04-20 09:23:37,809 - INFO - [SPEED] BTCUSDT  | Giá: 74354.28
2026-04-20 09:23:37,810 - INFO - [SPEED] BTCUSDT  | Giá: 74354.13
2026-04-20 09:23:37,810 - INFO - [SPEED] BTCUSDT  | Giá: 74354.0
2026-04-20 09:23:37,810 - INFO - [SPEED] BTCUSDT  | Giá: 74354.0
2026-04-20 09:23:37,811 - INFO - [SPEED] BTCUSDT  | Giá: 74354.0
2026-04-20 09:23:37,812 - INFO - [SPEED] BTCUSDT  | Giá: 74353.94
2026-04-20 09:23:37,812 - INFO - [SPEED] BTCUSDT  | Giá: 74353.6
2026-04-20 09:23:37,813 - INFO - [SPEED] BTCUSDT  | Giá: 74353.59
2026-04-20 09:23:37,813 - INFO - [SPEED] BTCUSDT  | Giá: 74353.59
2026-04-20 09:23:37,814 - INFO - [SPEED] BTCUSDT  | Giá: 74353.58
2026-04-20 09:23:37,815 - INFO - [SPEED] BTCUSDT  | Giá: 74353.24
2026-04-20 09:23:37,815 - INFO - [SPEED] BTCUSDT  | Giá: 74353.24
2026-04-20 09:23:37,816 - INFO - [SPEED] BTCUSDT  | Giá: 74353.24
2026-04-20 09:23:37,816 - INFO - [SPEED] ETHUSDT  | Giá: 2273.24
2026-04-20 09:23:37,817 - INFO - [SPEED] ETHUSDT  | Giá: 2273.24
2026-04-20 09:23:37,818 - INFO - [SPEED] ETHUSDT  | Giá: 2273.24
2026-04-20 09:23:37,818 - INFO - [SPEED] ETHUSDT  | Giá: 2273.24
2026-04-20 09:23:37,819 - INFO - [SPEED] ETHUSDT  | Giá: 2273.24
2026-04-20 09:23:37,820 - INFO - [SPEED] ETHUSDT  | Giá: 2273.24
2026-04-20 09:23:37,820 - INFO - [SPEED] ETHUSDT  | Giá: 2273.24
2026-04-20 09:23:37,821 - INFO - [SPEED] ETHUSDT  | Giá: 2273.24
2026-04-20 09:23:37,821 - INFO - [SPEED] ETHUSDT  | Giá: 2273.24
2026-04-20 09:23:37,821 - INFO - [SPEED] ETHUSDT  | Giá: 2273.24
2026-04-20 09:23:37,822 - INFO - [SPEED] ETHUSDT  | Giá: 2273.24
2026-04-20 09:23:37,822 - INFO - [SPEED] ETHUSDT  | Giá: 2273.24
2026-04-20 09:23:37,823 - INFO - [SPEED] ETHUSDT  | Giá: 2273.24
2026-04-20 09:23:37,823 - INFO - [SPEED] ETHUSDT  | Giá: 2273.24
2026-04-20 09:23:37,824 - INFO - [SPEED] ETHUSDT  | Giá: 2273.24
2026-04-20 09:23:37,838 - ERROR - ❌ Lỗi lưu MinIO: An error occurred (NoSuchBucket) when calling the PutObject operation: The specified bucket does not exist
2026-04-20 09:23:37,838 - INFO - [SPEED] ETHUSDT  | Giá: 2273.23
2026-04-20 09:23:37,838 - INFO - [SPEED] ETHUSDT  | Giá: 2273.23
2026-04-20 09:23:37,839 - INFO - [SPEED] ETHUSDT  | Giá: 2273.23
2026-04-20 09:23:37,839 - INFO - [SPEED] ETHUSDT  | Giá: 2273.23
2026-04-20 09:23:37,840 - INFO - [SPEED] ETHUSDT  | Giá: 2273.23
2026-04-20 09:23:37,840 - INFO - [SPEED] ETHUSDT  | Giá: 2273.23
2026-04-20 09:23:37,840 - INFO - [SPEED] ETHUSDT  | Giá: 2273.23
2026-04-20 09:23:37,840 - INFO - [SPEED] ETHUSDT  | Giá: 2273.23
2026-04-20 09:23:37,840 - INFO - [SPEED] ETHUSDT  | Giá: 2273.23
2026-04-20 09:23:37,841 - INFO - [SPEED] ETHUSDT  | Giá: 2273.23
2026-04-20 09:23:37,842 - INFO - [SPEED] ETHUSDT  | Giá: 2273.23
2026-04-20 09:23:37,842 - INFO - [SPEED] ETHUSDT  | Giá: 2273.23
2026-04-20 09:23:37,843 - INFO - [SPEED] ETHUSDT  | Giá: 2273.22
2026-04-20 09:23:37,844 - INFO - [SPEED] ETHUSDT  | Giá: 2273.22
2026-04-20 09:23:37,844 - INFO - [SPEED] ETHUSDT  | Giá: 2273.22
2026-04-20 09:23:37,845 - INFO - [SPEED] ETHUSDT  | Giá: 2273.21
2026-04-20 09:23:37,845 - INFO - [SPEED] ETHUSDT  | Giá: 2273.21
2026-04-20 09:23:37,846 - INFO - [SPEED] ETHUSDT  | Giá: 2273.2
2026-04-20 09:23:37,847 - INFO - [SPEED] ETHUSDT  | Giá: 2273.2
2026-04-20 09:23:37,848 - INFO - [SPEED] ETHUSDT  | Giá: 2273.19
2026-04-20 09:23:37,848 - INFO - [SPEED] ETHUSDT  | Giá: 2273.19
2026-04-20 09:23:37,848 - INFO - [SPEED] ETHUSDT  | Giá: 2273.19
2026-04-20 09:23:37,849 - INFO - [SPEED] ETHUSDT  | Giá: 2273.19
2026-04-20 09:23:37,849 - INFO - [SPEED] ETHUSDT  | Giá: 2273.19
2026-04-20 09:23:37,850 - INFO - [SPEED] ETHUSDT  | Giá: 2273.19
2026-04-20 09:23:37,850 - INFO - [SPEED] ETHUSDT  | Giá: 2273.18
2026-04-20 09:23:37,851 - INFO - [SPEED] ETHUSDT  | Giá: 2273.18
2026-04-20 09:23:37,851 - INFO - [SPEED] ETHUSDT  | Giá: 2273.18
2026-04-20 09:23:37,851 - INFO - [SPEED] ETHUSDT  | Giá: 2273.18
2026-04-20 09:23:37,852 - INFO - [SPEED] ETHUSDT  | Giá: 2273.18
2026-04-20 09:23:37,853 - INFO - [SPEED] ETHUSDT  | Giá: 2273.17
2026-04-20 09:23:37,854 - INFO - [SPEED] ETHUSDT  | Giá: 2273.16
2026-04-20 09:23:37,855 - INFO - [SPEED] ETHUSDT  | Giá: 2273.15
2026-04-20 09:23:37,855 - INFO - [SPEED] ETHUSDT  | Giá: 2273.15
2026-04-20 09:23:37,856 - INFO - [SPEED] ETHUSDT  | Giá: 2273.15
2026-04-20 09:23:37,857 - INFO - [SPEED] ETHUSDT  | Giá: 2273.15
2026-04-20 09:23:37,858 - INFO - [SPEED] ETHUSDT  | Giá: 2273.15
2026-04-20 09:23:37,858 - INFO - [SPEED] ETHUSDT  | Giá: 2273.14
2026-04-20 09:23:37,859 - INFO - [SPEED] ETHUSDT  | Giá: 2273.14
2026-04-20 09:23:37,859 - INFO - [SPEED] ETHUSDT  | Giá: 2273.14
2026-04-20 09:23:37,859 - INFO - [SPEED] ETHUSDT  | Giá: 2273.13
2026-04-20 09:23:37,860 - INFO - [SPEED] ETHUSDT  | Giá: 2273.13
2026-04-20 09:23:37,860 - INFO - [SPEED] ETHUSDT  | Giá: 2273.13
2026-04-20 09:23:37,861 - INFO - [SPEED] ETHUSDT  | Giá: 2273.11
2026-04-20 09:23:37,862 - INFO - [SPEED] ETHUSDT  | Giá: 2273.1
2026-04-20 09:23:37,862 - INFO - [SPEED] ETHUSDT  | Giá: 2273.1
2026-04-20 09:23:37,863 - INFO - [SPEED] ETHUSDT  | Giá: 2273.1
2026-04-20 09:23:37,863 - INFO - [SPEED] ETHUSDT  | Giá: 2273.1
2026-04-20 09:23:37,864 - INFO - [SPEED] ETHUSDT  | Giá: 2273.09
2026-04-20 09:23:37,865 - INFO - [SPEED] ETHUSDT  | Giá: 2273.09
2026-04-20 09:23:37,866 - INFO - [SPEED] ETHUSDT  | Giá: 2273.09
2026-04-20 09:23:37,866 - INFO - [SPEED] ETHUSDT  | Giá: 2273.09
2026-04-20 09:23:37,867 - INFO - [SPEED] ETHUSDT  | Giá: 2273.09
2026-04-20 09:23:37,867 - INFO - [SPEED] ETHUSDT  | Giá: 2273.08
2026-04-20 09:23:37,868 - INFO - [SPEED] ETHUSDT  | Giá: 2273.08
2026-04-20 09:23:37,869 - INFO - [SPEED] ETHUSDT  | Giá: 2273.08
2026-04-20 09:23:37,869 - INFO - [SPEED] ETHUSDT  | Giá: 2273.08
2026-04-20 09:23:37,870 - INFO - [SPEED] ETHUSDT  | Giá: 2273.08
2026-04-20 09:23:37,871 - INFO - [SPEED] ETHUSDT  | Giá: 2273.08
2026-04-20 09:23:37,871 - INFO - [SPEED] ETHUSDT  | Giá: 2273.08
2026-04-20 09:23:37,871 - INFO - [SPEED] ETHUSDT  | Giá: 2273.07
2026-04-20 09:23:37,872 - INFO - [SPEED] ETHUSDT  | Giá: 2273.07
2026-04-20 09:23:37,873 - INFO - [SPEED] ETHUSDT  | Giá: 2273.07
2026-04-20 09:23:37,874 - INFO - [SPEED] ETHUSDT  | Giá: 2273.07
2026-04-20 09:23:37,875 - INFO - [SPEED] ETHUSDT  | Giá: 2273.07
2026-04-20 09:23:37,875 - INFO - [SPEED] ETHUSDT  | Giá: 2273.06
2026-04-20 09:23:37,876 - INFO - [SPEED] ETHUSDT  | Giá: 2273.06
2026-04-20 09:23:37,876 - INFO - [SPEED] ETHUSDT  | Giá: 2273.06
2026-04-20 09:23:37,877 - INFO - [SPEED] BTCUSDT  | Giá: 74353.23
2026-04-20 09:23:37,878 - INFO - [SPEED] ETHUSDT  | Giá: 2273.06
2026-04-20 09:23:37,878 - INFO - [SPEED] ETHUSDT  | Giá: 2273.06
2026-04-20 09:23:37,879 - INFO - [SPEED] ETHUSDT  | Giá: 2273.06
2026-04-20 09:23:37,879 - INFO - [SPEED] BTCUSDT  | Giá: 74353.23
2026-04-20 09:23:37,880 - INFO - [SPEED] BNBUSDT  | Giá: 620.36
2026-04-20 09:23:37,880 - INFO - [SPEED] BTCUSDT  | Giá: 74353.24
2026-04-20 09:23:37,881 - INFO - [SPEED] BTCUSDT  | Giá: 74353.24
2026-04-20 09:23:37,881 - INFO - [SPEED] ETHUSDT  | Giá: 2273.06
2026-04-20 09:23:37,882 - INFO - [SPEED] ETHUSDT  | Giá: 2273.06
2026-04-20 09:23:37,883 - INFO - [SPEED] ETHUSDT  | Giá: 2273.06
2026-04-20 09:23:37,883 - INFO - [SPEED] ETHUSDT  | Giá: 2273.06
2026-04-20 09:23:37,883 - INFO - [SPEED] BNBUSDT  | Giá: 620.37
2026-04-20 09:23:37,883 - INFO - [SPEED] BTCUSDT  | Giá: 74353.23
2026-04-20 09:23:37,885 - INFO - [SPEED] BTCUSDT  | Giá: 74353.23
2026-04-20 09:23:37,885 - INFO - [SPEED] BTCUSDT  | Giá: 74353.23
2026-04-20 09:23:37,885 - INFO - [SPEED] BTCUSDT  | Giá: 74353.23
2026-04-20 09:23:37,885 - INFO - [SPEED] BTCUSDT  | Giá: 74353.23
2026-04-20 09:23:37,886 - INFO - [SPEED] BTCUSDT  | Giá: 74353.23
2026-04-20 09:23:37,887 - INFO - [SPEED] BTCUSDT  | Giá: 74353.23
2026-04-20 09:23:37,887 - INFO - [SPEED] BTCUSDT  | Giá: 74353.23
2026-04-20 09:23:37,888 - INFO - [SPEED] BTCUSDT  | Giá: 74353.23
2026-04-20 09:23:37,888 - INFO - [SPEED] BTCUSDT  | Giá: 74353.23
2026-04-20 09:23:37,889 - INFO - [SPEED] BTCUSDT  | Giá: 74353.23
2026-04-20 09:23:37,890 - INFO - [SPEED] BTCUSDT  | Giá: 74353.23
2026-04-20 09:23:37,891 - INFO - [SPEED] BTCUSDT  | Giá: 74353.23
2026-04-20 09:23:37,892 - INFO - [SPEED] BTCUSDT  | Giá: 74353.23
2026-04-20 09:23:37,892 - INFO - [SPEED] BTCUSDT  | Giá: 74353.23
2026-04-20 09:23:37,894 - INFO - [SPEED] BTCUSDT  | Giá: 74353.23
2026-04-20 09:23:37,894 - INFO - [SPEED] BTCUSDT  | Giá: 74353.23
2026-04-20 09:23:37,895 - INFO - [SPEED] BTCUSDT  | Giá: 74353.23
2026-04-20 09:23:37,896 - INFO - [SPEED] BTCUSDT  | Giá: 74353.23
2026-04-20 09:23:37,908 - ERROR - ❌ Lỗi lưu MinIO: An error occurred (NoSuchBucket) when calling the PutObject operation: The specified bucket does not exist
2026-04-20 09:23:37,909 - INFO - [SPEED] BTCUSDT  | Giá: 74353.23
2026-04-20 09:23:37,909 - INFO - [SPEED] BTCUSDT  | Giá: 74353.23
2026-04-20 09:23:37,910 - INFO - [SPEED] BTCUSDT  | Giá: 74353.23
2026-04-20 09:23:37,910 - INFO - [SPEED] BTCUSDT  | Giá: 74353.23
2026-04-20 09:23:37,911 - INFO - [SPEED] BTCUSDT  | Giá: 74353.23
2026-04-20 09:23:37,911 - INFO - [SPEED] BTCUSDT  | Giá: 74353.23
2026-04-20 09:23:37,912 - INFO - [SPEED] BTCUSDT  | Giá: 74353.23
2026-04-20 09:23:37,913 - INFO - [SPEED] BTCUSDT  | Giá: 74353.23
2026-04-20 09:23:37,913 - INFO - [SPEED] BTCUSDT  | Giá: 74353.23
2026-04-20 09:23:37,913 - INFO - [SPEED] BTCUSDT  | Giá: 74353.23
2026-04-20 09:23:37,914 - INFO - [SPEED] BTCUSDT  | Giá: 74353.23
2026-04-20 09:23:37,915 - INFO - [SPEED] BTCUSDT  | Giá: 74353.23
2026-04-20 09:23:37,916 - INFO - [SPEED] BTCUSDT  | Giá: 74353.23
2026-04-20 09:23:37,917 - INFO - [SPEED] BTCUSDT  | Giá: 74353.23
2026-04-20 09:23:37,918 - INFO - [SPEED] BTCUSDT  | Giá: 74353.23
2026-04-20 09:23:37,919 - INFO - [SPEED] BTCUSDT  | Giá: 74353.23
2026-04-20 09:23:37,920 - INFO - [SPEED] BTCUSDT  | Giá: 74353.23
2026-04-20 09:23:37,920 - INFO - [SPEED] BTCUSDT  | Giá: 74353.23
2026-04-20 09:23:37,921 - INFO - [SPEED] BTCUSDT  | Giá: 74353.23
2026-04-20 09:23:37,921 - INFO - [SPEED] BTCUSDT  | Giá: 74353.23
2026-04-20 09:23:37,922 - INFO - [SPEED] BTCUSDT  | Giá: 74353.23
2026-04-20 09:23:37,923 - INFO - [SPEED] BTCUSDT  | Giá: 74353.23
2026-04-20 09:23:37,923 - INFO - [SPEED] BTCUSDT  | Giá: 74353.23
2026-04-20 09:23:37,924 - INFO - [SPEED] BTCUSDT  | Giá: 74353.23
2026-04-20 09:23:37,925 - INFO - [SPEED] BTCUSDT  | Giá: 74353.23
2026-04-20 09:23:37,925 - INFO - [SPEED] BTCUSDT  | Giá: 74353.23
2026-04-20 09:23:37,926 - INFO - [SPEED] BTCUSDT  | Giá: 74353.23
2026-04-20 09:23:37,926 - INFO - [SPEED] BTCUSDT  | Giá: 74353.23
2026-04-20 09:23:37,927 - INFO - [SPEED] BTCUSDT  | Giá: 74353.23
2026-04-20 09:23:37,928 - INFO - [SPEED] BTCUSDT  | Giá: 74353.23
2026-04-20 09:23:37,928 - INFO - [SPEED] BTCUSDT  | Giá: 74353.23
2026-04-20 09:23:37,930 - INFO - [SPEED] BTCUSDT  | Giá: 74353.23
2026-04-20 09:23:37,931 - INFO - [SPEED] BTCUSDT  | Giá: 74353.23
2026-04-20 09:23:37,931 - INFO - [SPEED] BTCUSDT  | Giá: 74353.23
2026-04-20 09:23:37,931 - INFO - [SPEED] BTCUSDT  | Giá: 74353.23
2026-04-20 09:23:37,932 - INFO - [SPEED] BTCUSDT  | Giá: 74353.22
2026-04-20 09:23:37,933 - INFO - [SPEED] BTCUSDT  | Giá: 74353.22
2026-04-20 09:23:37,933 - INFO - [SPEED] BTCUSDT  | Giá: 74353.22
2026-04-20 09:23:37,933 - INFO - [SPEED] BTCUSDT  | Giá: 74353.22
2026-04-20 09:23:37,934 - INFO - [SPEED] BTCUSDT  | Giá: 74353.22
2026-04-20 09:23:37,934 - INFO - [SPEED] BTCUSDT  | Giá: 74353.22
2026-04-20 09:23:37,935 - INFO - [SPEED] BTCUSDT  | Giá: 74353.22
2026-04-20 09:23:37,936 - INFO - [SPEED] BTCUSDT  | Giá: 74353.22
2026-04-20 09:23:37,936 - INFO - [SPEED] BTCUSDT  | Giá: 74353.22
2026-04-20 09:23:37,937 - INFO - [SPEED] BTCUSDT  | Giá: 74353.08
2026-04-20 09:23:37,937 - INFO - [SPEED] BTCUSDT  | Giá: 74352.94
2026-04-20 09:23:37,938 - INFO - [SPEED] BTCUSDT  | Giá: 74352.94
2026-04-20 09:23:37,939 - INFO - [SPEED] BTCUSDT  | Giá: 74352.88
2026-04-20 09:23:37,939 - INFO - [SPEED] BTCUSDT  | Giá: 74352.26
2026-04-20 09:23:37,940 - INFO - [SPEED] BTCUSDT  | Giá: 74352.13
2026-04-20 09:23:37,940 - INFO - [SPEED] BTCUSDT  | Giá: 74352.13
2026-04-20 09:23:37,941 - INFO - [SPEED] BTCUSDT  | Giá: 74352.0
2026-04-20 09:23:37,941 - INFO - [SPEED] BTCUSDT  | Giá: 74352.0
2026-04-20 09:23:37,942 - INFO - [SPEED] BTCUSDT  | Giá: 74352.0
2026-04-20 09:23:37,943 - INFO - [SPEED] BTCUSDT  | Giá: 74352.0
2026-04-20 09:23:37,943 - INFO - [SPEED] BTCUSDT  | Giá: 74352.0
2026-04-20 09:23:37,944 - INFO - [SPEED] BTCUSDT  | Giá: 74351.42
2026-04-20 09:23:37,945 - INFO - [SPEED] BTCUSDT  | Giá: 74351.2
2026-04-20 09:23:37,945 - INFO - [SPEED] BTCUSDT  | Giá: 74350.87
2026-04-20 09:23:37,946 - INFO - [SPEED] BTCUSDT  | Giá: 74350.8
2026-04-20 09:23:37,946 - INFO - [SPEED] BTCUSDT  | Giá: 74350.71
2026-04-20 09:23:37,946 - INFO - [SPEED] BTCUSDT  | Giá: 74350.64
2026-04-20 09:23:37,947 - INFO - [SPEED] BTCUSDT  | Giá: 74350.47
2026-04-20 09:23:37,948 - INFO - [SPEED] BTCUSDT  | Giá: 74350.22
2026-04-20 09:23:37,949 - INFO - [SPEED] BTCUSDT  | Giá: 74350.16
2026-04-20 09:23:37,949 - INFO - [SPEED] BTCUSDT  | Giá: 74350.08
2026-04-20 09:23:37,950 - INFO - [SPEED] BTCUSDT  | Giá: 74350.01
2026-04-20 09:23:37,951 - INFO - [SPEED] BTCUSDT  | Giá: 74350.01
2026-04-20 09:23:37,951 - INFO - [SPEED] BTCUSDT  | Giá: 74350.01
2026-04-20 09:23:37,952 - INFO - [SPEED] BTCUSDT  | Giá: 74350.0
2026-04-20 09:23:37,953 - INFO - [SPEED] BTCUSDT  | Giá: 74350.0
2026-04-20 09:23:37,953 - INFO - [SPEED] BNBUSDT  | Giá: 620.36
2026-04-20 09:23:37,954 - INFO - [SPEED] BNBUSDT  | Giá: 620.36
2026-04-20 09:23:37,954 - INFO - [SPEED] BNBUSDT  | Giá: 620.36
2026-04-20 09:23:37,955 - INFO - [SPEED] BNBUSDT  | Giá: 620.36
2026-04-20 09:23:37,956 - INFO - [SPEED] BNBUSDT  | Giá: 620.36
2026-04-20 09:23:37,956 - INFO - [SPEED] BNBUSDT  | Giá: 620.36
2026-04-20 09:23:37,957 - INFO - [SPEED] BNBUSDT  | Giá: 620.36
2026-04-20 09:23:37,957 - INFO - [SPEED] BNBUSDT  | Giá: 620.36
2026-04-20 09:23:37,959 - INFO - [SPEED] BNBUSDT  | Giá: 620.36
2026-04-20 09:23:37,959 - INFO - [SPEED] BNBUSDT  | Giá: 620.36
2026-04-20 09:23:37,960 - INFO - [SPEED] BNBUSDT  | Giá: 620.36
2026-04-20 09:23:37,960 - INFO - [SPEED] BNBUSDT  | Giá: 620.36
2026-04-20 09:23:37,961 - INFO - [SPEED] BNBUSDT  | Giá: 620.36
2026-04-20 09:23:37,961 - INFO - [SPEED] BNBUSDT  | Giá: 620.36
2026-04-20 09:23:37,962 - INFO - [SPEED] BNBUSDT  | Giá: 620.36
2026-04-20 09:23:37,962 - INFO - [SPEED] BNBUSDT  | Giá: 620.36
2026-04-20 09:23:37,963 - INFO - [SPEED] BNBUSDT  | Giá: 620.36
2026-04-20 09:23:37,963 - INFO - [SPEED] BNBUSDT  | Giá: 620.36
2026-04-20 09:23:37,964 - INFO - [SPEED] BNBUSDT  | Giá: 620.36
2026-04-20 09:23:37,965 - INFO - [SPEED] BNBUSDT  | Giá: 620.36
2026-04-20 09:23:37,965 - INFO - [SPEED] BNBUSDT  | Giá: 620.36
2026-04-20 09:23:37,967 - INFO - [SPEED] BNBUSDT  | Giá: 620.36
2026-04-20 09:23:37,967 - INFO - [SPEED] BNBUSDT  | Giá: 620.36
2026-04-20 09:23:37,968 - INFO - [SPEED] BNBUSDT  | Giá: 620.36
2026-04-20 09:23:37,968 - INFO - [SPEED] BNBUSDT  | Giá: 620.36
2026-04-20 09:23:37,969 - INFO - [SPEED] BNBUSDT  | Giá: 620.36
2026-04-20 09:23:37,970 - INFO - [SPEED] BNBUSDT  | Giá: 620.36
2026-04-20 09:23:37,970 - INFO - [SPEED] BNBUSDT  | Giá: 620.36
2026-04-20 09:23:37,971 - INFO - [SPEED] BNBUSDT  | Giá: 620.35
2026-04-20 09:23:37,983 - ERROR - ❌ Lỗi lưu MinIO: An error occurred (NoSuchBucket) when calling the PutObject operation: The specified bucket does not exist
2026-04-20 09:23:37,983 - INFO - [SPEED] BNBUSDT  | Giá: 620.35
2026-04-20 09:23:37,983 - INFO - [SPEED] BNBUSDT  | Giá: 620.35
2026-04-20 09:23:37,984 - INFO - [SPEED] BNBUSDT  | Giá: 620.35
2026-04-20 09:23:37,985 - INFO - [SPEED] BNBUSDT  | Giá: 620.35
2026-04-20 09:23:37,986 - INFO - [SPEED] BTCUSDT  | Giá: 74350.0
2026-04-20 09:23:37,986 - INFO - [SPEED] BTCUSDT  | Giá: 74350.0
2026-04-20 09:23:37,988 - INFO - [SPEED] BTCUSDT  | Giá: 74350.01
2026-04-20 09:23:37,989 - INFO - [SPEED] BTCUSDT  | Giá: 74350.0
2026-04-20 09:23:37,990 - INFO - [SPEED] ETHUSDT  | Giá: 2273.06
2026-04-20 09:23:37,991 - INFO - [SPEED] BTCUSDT  | Giá: 74350.0
2026-04-20 09:23:37,991 - INFO - [SPEED] BTCUSDT  | Giá: 74350.0
2026-04-20 09:23:37,992 - INFO - [SPEED] ETHUSDT  | Giá: 2273.06
2026-04-20 09:23:37,993 - INFO - [SPEED] ETHUSDT  | Giá: 2273.05
2026-04-20 09:23:37,994 - INFO - [SPEED] ETHUSDT  | Giá: 2273.05
2026-04-20 09:23:37,995 - INFO - [SPEED] BNBUSDT  | Giá: 620.34
2026-04-20 09:23:37,996 - INFO - [SPEED] BNBUSDT  | Giá: 620.34
2026-04-20 09:23:37,997 - INFO - [SPEED] BNBUSDT  | Giá: 620.34
2026-04-20 09:23:37,998 - INFO - [SPEED] BNBUSDT  | Giá: 620.34
2026-04-20 09:23:37,998 - INFO - [SPEED] BNBUSDT  | Giá: 620.34
2026-04-20 09:23:37,999 - INFO - [SPEED] BNBUSDT  | Giá: 620.34
2026-04-20 09:23:38,000 - INFO - [SPEED] BNBUSDT  | Giá: 620.34
2026-04-20 09:23:38,001 - INFO - [SPEED] BNBUSDT  | Giá: 620.34
2026-04-20 09:23:38,001 - INFO - [SPEED] BNBUSDT  | Giá: 620.34
2026-04-20 09:23:38,003 - INFO - [SPEED] BNBUSDT  | Giá: 620.34
2026-04-20 09:23:38,004 - INFO - [SPEED] BNBUSDT  | Giá: 620.34
2026-04-20 09:23:38,004 - INFO - [SPEED] BNBUSDT  | Giá: 620.34
2026-04-20 09:23:38,005 - INFO - [SPEED] BNBUSDT  | Giá: 620.34
2026-04-20 09:23:38,006 - INFO - [SPEED] BNBUSDT  | Giá: 620.34
2026-04-20 09:23:38,006 - INFO - [SPEED] BNBUSDT  | Giá: 620.34
2026-04-20 09:23:38,007 - INFO - [SPEED] BNBUSDT  | Giá: 620.34
2026-04-20 09:23:38,007 - INFO - [SPEED] BNBUSDT  | Giá: 620.34
2026-04-20 09:23:38,008 - INFO - [SPEED] BTCUSDT  | Giá: 74350.01
2026-04-20 09:23:38,008 - INFO - [SPEED] BTCUSDT  | Giá: 74350.01
2026-04-20 09:23:38,009 - INFO - [SPEED] BNBUSDT  | Giá: 620.33
2026-04-20 09:23:38,009 - INFO - [SPEED] BNBUSDT  | Giá: 620.33
2026-04-20 09:23:38,009 - INFO - [SPEED] BNBUSDT  | Giá: 620.33
2026-04-20 09:23:38,011 - INFO - [SPEED] BNBUSDT  | Giá: 620.33
2026-04-20 09:23:38,011 - INFO - [SPEED] BNBUSDT  | Giá: 620.33
2026-04-20 09:23:38,012 - INFO - [SPEED] BNBUSDT  | Giá: 620.33
2026-04-20 09:23:38,012 - INFO - [SPEED] BNBUSDT  | Giá: 620.33
2026-04-20 09:23:38,013 - INFO - [SPEED] BNBUSDT  | Giá: 620.33
2026-04-20 09:23:38,013 - INFO - [SPEED] BNBUSDT  | Giá: 620.33
2026-04-20 09:23:38,015 - INFO - [SPEED] BNBUSDT  | Giá: 620.33
2026-04-20 09:23:38,015 - INFO - [SPEED] BNBUSDT  | Giá: 620.33
2026-04-20 09:23:38,016 - INFO - [SPEED] BNBUSDT  | Giá: 620.33
2026-04-20 09:23:38,017 - INFO - [SPEED] BNBUSDT  | Giá: 620.33
2026-04-20 09:23:38,017 - INFO - [SPEED] ETHUSDT  | Giá: 2273.06
2026-04-20 09:23:38,017 - INFO - [SPEED] ETHUSDT  | Giá: 2273.06
2026-04-20 09:23:38,018 - INFO - [SPEED] BTCUSDT  | Giá: 74350.01
2026-04-20 09:23:38,018 - INFO - [SPEED] BNBUSDT  | Giá: 620.32
2026-04-20 09:23:38,019 - INFO - [SPEED] BNBUSDT  | Giá: 620.32
2026-04-20 09:23:38,020 - INFO - [SPEED] BNBUSDT  | Giá: 620.32
2026-04-20 09:23:38,021 - ERROR - Lỗi Websocket: Connection to remote host was lost.
2026-04-20 09:23:38,021 - ERROR - Connection to remote host was lost. - goodbye
2026-04-20 09:23:38,034 - ERROR - ❌ Lỗi lưu MinIO: An error occurred (NoSuchBucket) when calling the PutObject operation: The specified bucket does not exist
2026-04-20 09:23:38,034 - INFO - Closing the Kafka producer with 9223372036.0 secs timeout.
2026-04-20 09:23:38,034 - INFO - <BrokerConnection node_id=1 host=kafka:9092 <connected> [IPv4 ('127.0.0.1', 9092)]>: Closing connection. 
